<MigrationProcessCSVMetadataVO>
   <MigrationProcessCSVMetadataVORow>
      <ProcessId>-999</ProcessId>
      <ProcessName>Payroll Definitions_20211201_015543_027</ProcessName>
      <ProcessDescription>Payroll Definitions_20211201_015543_027</ProcessDescription>
      <ProcessDate>2021-12-01 13:56:58.125</ProcessDate>
      <ObjectShortName>PAY_MANAGE_PAYROLL_DEFINITIONS</ObjectShortName>
      <ObjectType>TASK</ObjectType>
      <CreatedByFlow>TASK_CSV_SERVICE</CreatedByFlow>
      <MigrationProcessBusinessObjectCSVMetadata1>
         <MigrationProcessBusinessObjectCSVMetadataVORow>
            <ProcessId>-999</ProcessId>
            <BusinessObjectShortName>PAY_PAYROLL</BusinessObjectShortName>
            <BatchName>PayrollDefinition</BatchName>
            <XmlAttributeList>ViewInstanceName,GroupingKey,LogicalStartDate,LogicalEndDate,EffectiveStartDate,EffectiveEndDate,PayrollName,FirstPeriodEndDate,NumberOfYears,PeriodResetYears,AllowNegativePaymentsFlag,DefaultPaymentMethodCode,LedgerCode,BaseOffsets,CutoffBaseDate,CutoffDayType,CutoffFalls,CutoffFixedDate,CutoffOffset,DateEarnedBaseDate,DateEarnedDayType,DateEarnedFalls,DateEarnedFixedDate,DateEarnedOffset,FixedDate,DatePaidBaseDate,DatePaidDayType,DatePaidFalls,DatePaidFixedDate,DatePaidOffset,PayslipAvailabilityBaseDate,PayslipAvailabilityDayType,PayslipAvailabilityFalls,PayslipAvailabilityFixedDate,PayslipAvailabilityOffset,PayrollRunBaseDate,PayrollRunDayType,PayrollRunFalls,PayrollRunFixedDate,PayrollRunOffset,LegislativeDataGroupName,ConsolidationGroupCode,ReportingName,PlannedSubmissionBaseDate,PlannedSubmissionOffset,PlannedSubmissionFalls,PlannedSubmissionDayType,PlannedSubmissionFixedDate,PeriodTypeCode,PayrollId,LegislativeDataGroupId,ConsolidationSetId,LedgerId,PeriodType,DefaultPaymentMethodId</XmlAttributeList>
            <XmlAttributeTypeList>string,string,date,date,date,date,string,date,string,string,string,string,string,string,string,string,string,date,string,string,string,string,date,string,string,string,string,string,date,string,string,string,string,date,string,string,string,string,date,string,string,string,string,string,string,string,string,date,string,string,string,string,string,string,string</XmlAttributeTypeList>
            <XmlNodePath>/PayrollDefinitionDVO/PayrollDefinitionDVORow</XmlNodePath>
            <NodeSequence>1</NodeSequence>
         </MigrationProcessBusinessObjectCSVMetadataVORow>
         <MigrationProcessBusinessObjectCSVMetadataVORow>
            <ProcessId>-999</ProcessId>
            <BusinessObjectShortName>ORA_PAYROLL_TIME_PERIOD</BusinessObjectShortName>
            <BatchName>PayrollDefinition</BatchName>
            <XmlAttributeList>ViewInstanceName,GroupingKey,PeriodName,StartDate,CutOffDate,PayslipAvailabilityDate,DateEarned,PayrollRunDate,DatePaid,PlannedSubmissionDate,PayrollCode,EndDate,PeriodCategory,LegislativeDataGroupName,YearNumber,PeriodType,PeriodSetName,PeriodNum,Description,Status,RunDisplayNumber,QuickpayDisplayNumber,QuarterNum,ProcPeriodType,PayrollId,TimePeriodId,LegislativeDataGroupId</XmlAttributeList>
            <XmlAttributeTypeList>string,string,string,date,date,date,date,date,date,date,string,date,string,string,string,string,string,string,string,string,string,string,string,string,string,string,string</XmlAttributeTypeList>
            <XmlNodePath>/PayrollDefinitionDVO/PayrollDefinitionDVORow/TimePeriodVO/TimePeriodVORow</XmlNodePath>
            <NodeSequence>2</NodeSequence>
         </MigrationProcessBusinessObjectCSVMetadataVORow>
         <MigrationProcessBusinessObjectCSVMetadataVORow>
            <ProcessId>-999</ProcessId>
            <BusinessObjectShortName>ORA_PAYROLL_VALIDATE_PAYMENT_METHOD</BusinessObjectShortName>
            <BatchName>PayrollDefinition</BatchName>
            <XmlAttributeList>ViewInstanceName,GroupingKey,LogicalStartDate,LogicalEndDate,EffectiveStartDate,EffectiveEndDate,PayrollCode,OrganizationPaymentMethodCode,LegislativeDataGroupName,ValidPaymentMethodId,PayrollId,OrganizationPaymentMethodId</XmlAttributeList>
            <XmlAttributeTypeList>string,string,date,date,date,date,string,string,string,string,string,string</XmlAttributeTypeList>
            <XmlNodePath>/PayrollDefinitionDVO/PayrollDefinitionDVORow/ValidPaymentMethodDVO/ValidPaymentMethodDVORow</XmlNodePath>
            <NodeSequence>3</NodeSequence>
         </MigrationProcessBusinessObjectCSVMetadataVORow>
      </MigrationProcessBusinessObjectCSVMetadata1>
      <MigrationProcessBatchCSVMetadata>
         <MigrationProcessBatchCSVMetadataVORow>
            <ProcessId>-999</ProcessId>
            <BatchName>PayrollDefinition</BatchName>
            <ImportSequence>0</ImportSequence>
            <ServiceName>oracle.apps.hcm.payrolls.core.service.migrationService.PayrollDefinitionMigrationService</ServiceName>
            <BatchSize>500</BatchSize>
         </MigrationProcessBatchCSVMetadataVORow>
      </MigrationProcessBatchCSVMetadata>
      <MigrationProcessScopeValueCSVMetadata null="true"/>
      <MigrationProcessMigrationObjectCSVMetadata>
         <MigrationProcessMigrationObjectCSVMetadataVORow>
            <ProcessId>-999</ProcessId>
            <BusinessObjectShortName>ORA_PAYROLL_TIME_PERIOD</BusinessObjectShortName>
            <MigrateFlag>Y</MigrateFlag>
            <IncludeExternalDataFlag>Y</IncludeExternalDataFlag>
         </MigrationProcessMigrationObjectCSVMetadataVORow>
         <MigrationProcessMigrationObjectCSVMetadataVORow>
            <ProcessId>-999</ProcessId>
            <BusinessObjectShortName>ORA_PAYROLL_VALIDATE_PAYMENT_METHOD</BusinessObjectShortName>
            <MigrateFlag>Y</MigrateFlag>
            <IncludeExternalDataFlag>Y</IncludeExternalDataFlag>
         </MigrationProcessMigrationObjectCSVMetadataVORow>
         <MigrationProcessMigrationObjectCSVMetadataVORow>
            <ProcessId>-999</ProcessId>
            <BusinessObjectShortName>PAY_PAYROLL</BusinessObjectShortName>
            <MigrateFlag>Y</MigrateFlag>
            <IncludeExternalDataFlag>Y</IncludeExternalDataFlag>
         </MigrationProcessMigrationObjectCSVMetadataVORow>
      </MigrationProcessMigrationObjectCSVMetadata>
      <MigrationProcessTaskCSVMetadata null="true"/>
      <MigrationProcessServiceVersionCSVMetadata null="true"/>
   </MigrationProcessCSVMetadataVORow>
</MigrationProcessCSVMetadataVO>