<?xml version="1.0" encoding="UTF-8"?>
<SunopsisExport>
<Admin RepositoryVersion="05.02.02.04" IsLegacyIdCompatible="false" />
<Encryption algorithm="AES" keyLength="128" exportKeyHash="o2r5T10wSZqrNBRpd13EKzD5yNCBzLuVgqoB5HitBYg=" keyVect="/eKg2Zfghn6SFXFfD4aFDQ==" exportKeySalt="09716c0d-62bf-4958-9386-54c30e9fc4ce" containsCipherText="false"/>
<Object class="com.sunopsis.dwg.dbobj.SnpProfile">
		<Field name="ExtVersion" type="java.lang.String">null</Field>
	<Field name="FirstDate" type="java.sql.Timestamp"><![CDATA[2016-10-28 12:43:07.0]]></Field>
	<Field name="FirstUser" type="java.lang.String"><![CDATA[SUNOPSIS_INSTALL]]></Field>
	<Field name="GlobalId" type="java.lang.String"><![CDATA[7364ac1b-7524-30fb-86a0-4ccccc957e81]]></Field>
	<Field name="IndChange" type="java.lang.String"><![CDATA[I]]></Field>
	<Field name="IProf" type="com.sunopsis.sql.DbInt"><![CDATA[10]]></Field>
	<Field name="LastDate" type="java.sql.Timestamp"><![CDATA[2016-10-28 12:43:07.0]]></Field>
	<Field name="LastUser" type="java.lang.String"><![CDATA[SUNOPSIS_INSTALL]]></Field>
	<Field name="ProfName" type="java.lang.String"><![CDATA[VERSION ADMIN]]></Field>
</Object>
<Object class="com.sunopsis.dwg.dbobj.SnpProfMeth">
		<Field name="FirstDate" type="java.sql.Timestamp"><![CDATA[2016-10-28 12:43:08.0]]></Field>
	<Field name="FirstUser" type="java.lang.String"><![CDATA[SUNOPSIS_INSTALL]]></Field>
	<Field name="GenericPriv" type="java.lang.String"><![CDATA[1]]></Field>
	<Field name="GlobalId" type="java.lang.String"><![CDATA[0b7e46a6-7518-3c98-8ca9-5d930f9bcd6d]]></Field>
	<Field name="IMeth" type="com.sunopsis.sql.DbInt"><![CDATA[43100]]></Field>
	<Field name="IProf" type="com.sunopsis.sql.DbInt"><![CDATA[10]]></Field>
	<Field name="LastDate" type="java.sql.Timestamp"><![CDATA[2016-10-28 12:43:08.0]]></Field>
	<Field name="LastUser" type="java.lang.String"><![CDATA[SUNOPSIS_INSTALL]]></Field>
</Object>
<Object class="com.sunopsis.dwg.dbobj.SnpProfMeth">
		<Field name="FirstDate" type="java.sql.Timestamp"><![CDATA[2016-10-28 12:43:08.0]]></Field>
	<Field name="FirstUser" type="java.lang.String"><![CDATA[SUNOPSIS_INSTALL]]></Field>
	<Field name="GenericPriv" type="java.lang.String"><![CDATA[1]]></Field>
	<Field name="GlobalId" type="java.lang.String"><![CDATA[17b0892d-5c8a-35ef-8acf-50adf158b818]]></Field>
	<Field name="IMeth" type="com.sunopsis.sql.DbInt"><![CDATA[42300]]></Field>
	<Field name="IProf" type="com.sunopsis.sql.DbInt"><![CDATA[10]]></Field>
	<Field name="LastDate" type="java.sql.Timestamp"><![CDATA[2016-10-28 12:43:08.0]]></Field>
	<Field name="LastUser" type="java.lang.String"><![CDATA[SUNOPSIS_INSTALL]]></Field>
</Object>
<Object class="com.sunopsis.dwg.dbobj.SnpProfMeth">
		<Field name="FirstDate" type="java.sql.Timestamp"><![CDATA[2016-10-28 12:43:08.0]]></Field>
	<Field name="FirstUser" type="java.lang.String"><![CDATA[SUNOPSIS_INSTALL]]></Field>
	<Field name="GenericPriv" type="java.lang.String"><![CDATA[1]]></Field>
	<Field name="GlobalId" type="java.lang.String"><![CDATA[f8f7a181-a74e-36df-a9e7-26642fa243b9]]></Field>
	<Field name="IMeth" type="com.sunopsis.sql.DbInt"><![CDATA[43300]]></Field>
	<Field name="IProf" type="com.sunopsis.sql.DbInt"><![CDATA[10]]></Field>
	<Field name="LastDate" type="java.sql.Timestamp"><![CDATA[2016-10-28 12:43:08.0]]></Field>
	<Field name="LastUser" type="java.lang.String"><![CDATA[SUNOPSIS_INSTALL]]></Field>
</Object>
<Object class="com.sunopsis.dwg.dbobj.SnpProfMeth">
		<Field name="FirstDate" type="java.sql.Timestamp"><![CDATA[2016-10-28 12:43:08.0]]></Field>
	<Field name="FirstUser" type="java.lang.String"><![CDATA[SUNOPSIS_INSTALL]]></Field>
	<Field name="GenericPriv" type="java.lang.String"><![CDATA[1]]></Field>
	<Field name="GlobalId" type="java.lang.String"><![CDATA[fa94c81f-a9c1-3832-b778-3642fcfe6fa3]]></Field>
	<Field name="IMeth" type="com.sunopsis.sql.DbInt"><![CDATA[43800]]></Field>
	<Field name="IProf" type="com.sunopsis.sql.DbInt"><![CDATA[10]]></Field>
	<Field name="LastDate" type="java.sql.Timestamp"><![CDATA[2016-10-28 12:43:08.0]]></Field>
	<Field name="LastUser" type="java.lang.String"><![CDATA[SUNOPSIS_INSTALL]]></Field>
</Object>
<Object class="com.sunopsis.dwg.dbobj.SnpProfMeth">
		<Field name="FirstDate" type="java.sql.Timestamp"><![CDATA[2016-10-28 12:43:08.0]]></Field>
	<Field name="FirstUser" type="java.lang.String"><![CDATA[SUNOPSIS_INSTALL]]></Field>
	<Field name="GenericPriv" type="java.lang.String"><![CDATA[1]]></Field>
	<Field name="GlobalId" type="java.lang.String"><![CDATA[0e4be437-1f4c-3aec-bece-8b8632513cb8]]></Field>
	<Field name="IMeth" type="com.sunopsis.sql.DbInt"><![CDATA[41500]]></Field>
	<Field name="IProf" type="com.sunopsis.sql.DbInt"><![CDATA[10]]></Field>
	<Field name="LastDate" type="java.sql.Timestamp"><![CDATA[2016-10-28 12:43:08.0]]></Field>
	<Field name="LastUser" type="java.lang.String"><![CDATA[SUNOPSIS_INSTALL]]></Field>
</Object>
<Object class="com.sunopsis.dwg.dbobj.SnpProfMeth">
		<Field name="FirstDate" type="java.sql.Timestamp"><![CDATA[2016-10-28 12:43:08.0]]></Field>
	<Field name="FirstUser" type="java.lang.String"><![CDATA[SUNOPSIS_INSTALL]]></Field>
	<Field name="GenericPriv" type="java.lang.String"><![CDATA[1]]></Field>
	<Field name="GlobalId" type="java.lang.String"><![CDATA[4f7e2c9b-eb00-3514-a20a-a8887e9b42fc]]></Field>
	<Field name="IMeth" type="com.sunopsis.sql.DbInt"><![CDATA[57600]]></Field>
	<Field name="IProf" type="com.sunopsis.sql.DbInt"><![CDATA[10]]></Field>
	<Field name="LastDate" type="java.sql.Timestamp"><![CDATA[2016-10-28 12:43:08.0]]></Field>
	<Field name="LastUser" type="java.lang.String"><![CDATA[SUNOPSIS_INSTALL]]></Field>
</Object>
<Object class="com.sunopsis.dwg.dbobj.SnpProfMeth">
		<Field name="FirstDate" type="java.sql.Timestamp"><![CDATA[2016-10-28 12:43:08.0]]></Field>
	<Field name="FirstUser" type="java.lang.String"><![CDATA[SUNOPSIS_INSTALL]]></Field>
	<Field name="GenericPriv" type="java.lang.String"><![CDATA[1]]></Field>
	<Field name="GlobalId" type="java.lang.String"><![CDATA[6996cb27-cf00-30eb-a881-f0afe3d1a1d7]]></Field>
	<Field name="IMeth" type="com.sunopsis.sql.DbInt"><![CDATA[49500]]></Field>
	<Field name="IProf" type="com.sunopsis.sql.DbInt"><![CDATA[10]]></Field>
	<Field name="LastDate" type="java.sql.Timestamp"><![CDATA[2016-10-28 12:43:08.0]]></Field>
	<Field name="LastUser" type="java.lang.String"><![CDATA[SUNOPSIS_INSTALL]]></Field>
</Object>
<Object class="com.sunopsis.dwg.dbobj.SnpProfMeth">
		<Field name="FirstDate" type="java.sql.Timestamp"><![CDATA[2016-10-28 12:43:08.0]]></Field>
	<Field name="FirstUser" type="java.lang.String"><![CDATA[SUNOPSIS_INSTALL]]></Field>
	<Field name="GenericPriv" type="java.lang.String"><![CDATA[1]]></Field>
	<Field name="GlobalId" type="java.lang.String"><![CDATA[a81d4139-a1d2-30e8-87c0-a82c1bd6fed1]]></Field>
	<Field name="IMeth" type="com.sunopsis.sql.DbInt"><![CDATA[49600]]></Field>
	<Field name="IProf" type="com.sunopsis.sql.DbInt"><![CDATA[10]]></Field>
	<Field name="LastDate" type="java.sql.Timestamp"><![CDATA[2016-10-28 12:43:08.0]]></Field>
	<Field name="LastUser" type="java.lang.String"><![CDATA[SUNOPSIS_INSTALL]]></Field>
</Object>
<Object class="com.sunopsis.dwg.dbobj.SnpProfMeth">
		<Field name="FirstDate" type="java.sql.Timestamp"><![CDATA[2016-10-28 12:43:08.0]]></Field>
	<Field name="FirstUser" type="java.lang.String"><![CDATA[SUNOPSIS_INSTALL]]></Field>
	<Field name="GenericPriv" type="java.lang.String"><![CDATA[1]]></Field>
	<Field name="GlobalId" type="java.lang.String"><![CDATA[13f1c286-7f3d-3256-b776-8b9d63bc6cad]]></Field>
	<Field name="IMeth" type="com.sunopsis.sql.DbInt"><![CDATA[49800]]></Field>
	<Field name="IProf" type="com.sunopsis.sql.DbInt"><![CDATA[10]]></Field>
	<Field name="LastDate" type="java.sql.Timestamp"><![CDATA[2016-10-28 12:43:08.0]]></Field>
	<Field name="LastUser" type="java.lang.String"><![CDATA[SUNOPSIS_INSTALL]]></Field>
</Object>
<Object class="com.sunopsis.dwg.dbobj.SnpProfMeth">
		<Field name="FirstDate" type="java.sql.Timestamp"><![CDATA[2016-10-28 12:43:08.0]]></Field>
	<Field name="FirstUser" type="java.lang.String"><![CDATA[SUNOPSIS_INSTALL]]></Field>
	<Field name="GenericPriv" type="java.lang.String"><![CDATA[1]]></Field>
	<Field name="GlobalId" type="java.lang.String"><![CDATA[98e24296-21ed-3aca-b633-7e28b858a119]]></Field>
	<Field name="IMeth" type="com.sunopsis.sql.DbInt"><![CDATA[49900]]></Field>
	<Field name="IProf" type="com.sunopsis.sql.DbInt"><![CDATA[10]]></Field>
	<Field name="LastDate" type="java.sql.Timestamp"><![CDATA[2016-10-28 12:43:08.0]]></Field>
	<Field name="LastUser" type="java.lang.String"><![CDATA[SUNOPSIS_INSTALL]]></Field>
</Object>
<Object class="com.sunopsis.dwg.dbobj.SnpProfMeth">
		<Field name="FirstDate" type="java.sql.Timestamp"><![CDATA[2016-10-28 12:43:08.0]]></Field>
	<Field name="FirstUser" type="java.lang.String"><![CDATA[SUNOPSIS_INSTALL]]></Field>
	<Field name="GenericPriv" type="java.lang.String"><![CDATA[1]]></Field>
	<Field name="GlobalId" type="java.lang.String"><![CDATA[fd304acc-0087-3e37-ac48-0b60db99a338]]></Field>
	<Field name="IMeth" type="com.sunopsis.sql.DbInt"><![CDATA[49700]]></Field>
	<Field name="IProf" type="com.sunopsis.sql.DbInt"><![CDATA[10]]></Field>
	<Field name="LastDate" type="java.sql.Timestamp"><![CDATA[2016-10-28 12:43:08.0]]></Field>
	<Field name="LastUser" type="java.lang.String"><![CDATA[SUNOPSIS_INSTALL]]></Field>
</Object>
<Object class="com.sunopsis.dwg.dbobj.SnpProfMeth">
		<Field name="FirstDate" type="java.sql.Timestamp"><![CDATA[2016-10-28 12:43:08.0]]></Field>
	<Field name="FirstUser" type="java.lang.String"><![CDATA[SUNOPSIS_INSTALL]]></Field>
	<Field name="GenericPriv" type="java.lang.String"><![CDATA[1]]></Field>
	<Field name="GlobalId" type="java.lang.String"><![CDATA[0e1e057e-b6b7-3d2d-b340-e3640d8734af]]></Field>
	<Field name="IMeth" type="com.sunopsis.sql.DbInt"><![CDATA[51700]]></Field>
	<Field name="IProf" type="com.sunopsis.sql.DbInt"><![CDATA[10]]></Field>
	<Field name="LastDate" type="java.sql.Timestamp"><![CDATA[2016-10-28 12:43:08.0]]></Field>
	<Field name="LastUser" type="java.lang.String"><![CDATA[SUNOPSIS_INSTALL]]></Field>
</Object>
<Object class="com.sunopsis.dwg.dbobj.SnpProfMeth">
		<Field name="FirstDate" type="java.sql.Timestamp"><![CDATA[2016-10-28 12:43:08.0]]></Field>
	<Field name="FirstUser" type="java.lang.String"><![CDATA[SUNOPSIS_INSTALL]]></Field>
	<Field name="GenericPriv" type="java.lang.String"><![CDATA[1]]></Field>
	<Field name="GlobalId" type="java.lang.String"><![CDATA[804a8346-c616-375b-99a7-bc17edc622f4]]></Field>
	<Field name="IMeth" type="com.sunopsis.sql.DbInt"><![CDATA[51800]]></Field>
	<Field name="IProf" type="com.sunopsis.sql.DbInt"><![CDATA[10]]></Field>
	<Field name="LastDate" type="java.sql.Timestamp"><![CDATA[2016-10-28 12:43:08.0]]></Field>
	<Field name="LastUser" type="java.lang.String"><![CDATA[SUNOPSIS_INSTALL]]></Field>
</Object>
<Object class="com.sunopsis.dwg.dbobj.SnpProfMeth">
		<Field name="FirstDate" type="java.sql.Timestamp"><![CDATA[2016-10-28 12:43:08.0]]></Field>
	<Field name="FirstUser" type="java.lang.String"><![CDATA[SUNOPSIS_INSTALL]]></Field>
	<Field name="GenericPriv" type="java.lang.String"><![CDATA[1]]></Field>
	<Field name="GlobalId" type="java.lang.String"><![CDATA[a3f8fdc2-e574-3f52-b5c8-ad5fa780acd5]]></Field>
	<Field name="IMeth" type="com.sunopsis.sql.DbInt"><![CDATA[60600]]></Field>
	<Field name="IProf" type="com.sunopsis.sql.DbInt"><![CDATA[10]]></Field>
	<Field name="LastDate" type="java.sql.Timestamp"><![CDATA[2016-10-28 12:43:08.0]]></Field>
	<Field name="LastUser" type="java.lang.String"><![CDATA[SUNOPSIS_INSTALL]]></Field>
</Object>
<Object class="com.sunopsis.dwg.dbobj.SnpProfMeth">
		<Field name="FirstDate" type="java.sql.Timestamp"><![CDATA[2016-10-28 12:43:08.0]]></Field>
	<Field name="FirstUser" type="java.lang.String"><![CDATA[SUNOPSIS_INSTALL]]></Field>
	<Field name="GenericPriv" type="java.lang.String"><![CDATA[1]]></Field>
	<Field name="GlobalId" type="java.lang.String"><![CDATA[f6a4dd0a-c669-3410-8ac3-23c4ac6edaca]]></Field>
	<Field name="IMeth" type="com.sunopsis.sql.DbInt"><![CDATA[60800]]></Field>
	<Field name="IProf" type="com.sunopsis.sql.DbInt"><![CDATA[10]]></Field>
	<Field name="LastDate" type="java.sql.Timestamp"><![CDATA[2016-10-28 12:43:08.0]]></Field>
	<Field name="LastUser" type="java.lang.String"><![CDATA[SUNOPSIS_INSTALL]]></Field>
</Object>
<Object class="com.sunopsis.dwg.dbobj.SnpProfMeth">
		<Field name="FirstDate" type="java.sql.Timestamp"><![CDATA[2016-10-28 12:43:08.0]]></Field>
	<Field name="FirstUser" type="java.lang.String"><![CDATA[SUNOPSIS_INSTALL]]></Field>
	<Field name="GenericPriv" type="java.lang.String"><![CDATA[1]]></Field>
	<Field name="GlobalId" type="java.lang.String"><![CDATA[b0f7e8dd-d711-38f7-929e-c3b45cd66234]]></Field>
	<Field name="IMeth" type="com.sunopsis.sql.DbInt"><![CDATA[56900]]></Field>
	<Field name="IProf" type="com.sunopsis.sql.DbInt"><![CDATA[10]]></Field>
	<Field name="LastDate" type="java.sql.Timestamp"><![CDATA[2016-10-28 12:43:08.0]]></Field>
	<Field name="LastUser" type="java.lang.String"><![CDATA[SUNOPSIS_INSTALL]]></Field>
</Object>
<Object class="com.sunopsis.dwg.dbobj.SnpProfMeth">
		<Field name="FirstDate" type="java.sql.Timestamp"><![CDATA[2016-10-28 12:43:08.0]]></Field>
	<Field name="FirstUser" type="java.lang.String"><![CDATA[SUNOPSIS_INSTALL]]></Field>
	<Field name="GenericPriv" type="java.lang.String"><![CDATA[1]]></Field>
	<Field name="GlobalId" type="java.lang.String"><![CDATA[cde464f5-2c92-36d5-b2aa-f984647b0d70]]></Field>
	<Field name="IMeth" type="com.sunopsis.sql.DbInt"><![CDATA[57200]]></Field>
	<Field name="IProf" type="com.sunopsis.sql.DbInt"><![CDATA[10]]></Field>
	<Field name="LastDate" type="java.sql.Timestamp"><![CDATA[2016-10-28 12:43:08.0]]></Field>
	<Field name="LastUser" type="java.lang.String"><![CDATA[SUNOPSIS_INSTALL]]></Field>
</Object>
<Object class="com.sunopsis.dwg.dbobj.SnpProfMeth">
		<Field name="FirstDate" type="java.sql.Timestamp"><![CDATA[2016-10-28 12:43:08.0]]></Field>
	<Field name="FirstUser" type="java.lang.String"><![CDATA[SUNOPSIS_INSTALL]]></Field>
	<Field name="GenericPriv" type="java.lang.String"><![CDATA[1]]></Field>
	<Field name="GlobalId" type="java.lang.String"><![CDATA[c3215e42-a471-3cd3-9b48-bd0603024619]]></Field>
	<Field name="IMeth" type="com.sunopsis.sql.DbInt"><![CDATA[57100]]></Field>
	<Field name="IProf" type="com.sunopsis.sql.DbInt"><![CDATA[10]]></Field>
	<Field name="LastDate" type="java.sql.Timestamp"><![CDATA[2016-10-28 12:43:08.0]]></Field>
	<Field name="LastUser" type="java.lang.String"><![CDATA[SUNOPSIS_INSTALL]]></Field>
</Object>
<Object class="com.sunopsis.dwg.dbobj.SnpProfMeth">
		<Field name="FirstDate" type="java.sql.Timestamp"><![CDATA[2016-10-28 12:43:08.0]]></Field>
	<Field name="FirstUser" type="java.lang.String"><![CDATA[SUNOPSIS_INSTALL]]></Field>
	<Field name="GenericPriv" type="java.lang.String"><![CDATA[1]]></Field>
	<Field name="GlobalId" type="java.lang.String"><![CDATA[1ac0a9e3-f92c-3a3f-8a82-4903e2edf910]]></Field>
	<Field name="IMeth" type="com.sunopsis.sql.DbInt"><![CDATA[57500]]></Field>
	<Field name="IProf" type="com.sunopsis.sql.DbInt"><![CDATA[10]]></Field>
	<Field name="LastDate" type="java.sql.Timestamp"><![CDATA[2016-10-28 12:43:08.0]]></Field>
	<Field name="LastUser" type="java.lang.String"><![CDATA[SUNOPSIS_INSTALL]]></Field>
</Object>
<Object class="com.sunopsis.dwg.dbobj.SnpProfMeth">
		<Field name="FirstDate" type="java.sql.Timestamp"><![CDATA[2016-10-28 12:43:08.0]]></Field>
	<Field name="FirstUser" type="java.lang.String"><![CDATA[SUNOPSIS_INSTALL]]></Field>
	<Field name="GenericPriv" type="java.lang.String"><![CDATA[1]]></Field>
	<Field name="GlobalId" type="java.lang.String"><![CDATA[7307287c-d5f9-347e-8d23-246b9c712470]]></Field>
	<Field name="IMeth" type="com.sunopsis.sql.DbInt"><![CDATA[57700]]></Field>
	<Field name="IProf" type="com.sunopsis.sql.DbInt"><![CDATA[10]]></Field>
	<Field name="LastDate" type="java.sql.Timestamp"><![CDATA[2016-10-28 12:43:08.0]]></Field>
	<Field name="LastUser" type="java.lang.String"><![CDATA[SUNOPSIS_INSTALL]]></Field>
</Object>
<Object class="com.sunopsis.dwg.dbobj.SnpProfMeth">
		<Field name="FirstDate" type="java.sql.Timestamp"><![CDATA[2016-10-28 12:43:08.0]]></Field>
	<Field name="FirstUser" type="java.lang.String"><![CDATA[SUNOPSIS_INSTALL]]></Field>
	<Field name="GenericPriv" type="java.lang.String"><![CDATA[1]]></Field>
	<Field name="GlobalId" type="java.lang.String"><![CDATA[77c061d6-42e9-37e0-bedb-48f3aff467e6]]></Field>
	<Field name="IMeth" type="com.sunopsis.sql.DbInt"><![CDATA[57300]]></Field>
	<Field name="IProf" type="com.sunopsis.sql.DbInt"><![CDATA[10]]></Field>
	<Field name="LastDate" type="java.sql.Timestamp"><![CDATA[2016-10-28 12:43:08.0]]></Field>
	<Field name="LastUser" type="java.lang.String"><![CDATA[SUNOPSIS_INSTALL]]></Field>
</Object>
<Object class="com.sunopsis.dwg.dbobj.SnpProfMeth">
		<Field name="FirstDate" type="java.sql.Timestamp"><![CDATA[2016-10-28 12:43:08.0]]></Field>
	<Field name="FirstUser" type="java.lang.String"><![CDATA[SUNOPSIS_INSTALL]]></Field>
	<Field name="GenericPriv" type="java.lang.String"><![CDATA[1]]></Field>
	<Field name="GlobalId" type="java.lang.String"><![CDATA[f6f1e6db-644e-304b-9080-b08e5af07841]]></Field>
	<Field name="IMeth" type="com.sunopsis.sql.DbInt"><![CDATA[57400]]></Field>
	<Field name="IProf" type="com.sunopsis.sql.DbInt"><![CDATA[10]]></Field>
	<Field name="LastDate" type="java.sql.Timestamp"><![CDATA[2016-10-28 12:43:08.0]]></Field>
	<Field name="LastUser" type="java.lang.String"><![CDATA[SUNOPSIS_INSTALL]]></Field>
</Object>
<Object class="com.sunopsis.dwg.dbobj.SnpProfMeth">
		<Field name="FirstDate" type="java.sql.Timestamp"><![CDATA[2016-10-28 12:43:08.0]]></Field>
	<Field name="FirstUser" type="java.lang.String"><![CDATA[SUNOPSIS_INSTALL]]></Field>
	<Field name="GenericPriv" type="java.lang.String"><![CDATA[1]]></Field>
	<Field name="GlobalId" type="java.lang.String"><![CDATA[7eee8179-a06c-3f07-a4af-91e3d958c588]]></Field>
	<Field name="IMeth" type="com.sunopsis.sql.DbInt"><![CDATA[57800]]></Field>
	<Field name="IProf" type="com.sunopsis.sql.DbInt"><![CDATA[10]]></Field>
	<Field name="LastDate" type="java.sql.Timestamp"><![CDATA[2016-10-28 12:43:08.0]]></Field>
	<Field name="LastUser" type="java.lang.String"><![CDATA[SUNOPSIS_INSTALL]]></Field>
</Object>
<Object class="com.sunopsis.dwg.dbobj.SnpProfMeth">
		<Field name="FirstDate" type="java.sql.Timestamp"><![CDATA[2016-10-28 12:43:08.0]]></Field>
	<Field name="FirstUser" type="java.lang.String"><![CDATA[SUNOPSIS_INSTALL]]></Field>
	<Field name="GenericPriv" type="java.lang.String"><![CDATA[1]]></Field>
	<Field name="GlobalId" type="java.lang.String"><![CDATA[9a346006-7809-3a10-b03a-6ced47ebcab6]]></Field>
	<Field name="IMeth" type="com.sunopsis.sql.DbInt"><![CDATA[58000]]></Field>
	<Field name="IProf" type="com.sunopsis.sql.DbInt"><![CDATA[10]]></Field>
	<Field name="LastDate" type="java.sql.Timestamp"><![CDATA[2016-10-28 12:43:08.0]]></Field>
	<Field name="LastUser" type="java.lang.String"><![CDATA[SUNOPSIS_INSTALL]]></Field>
</Object>
<Object class="com.sunopsis.dwg.dbobj.SnpProfMeth">
		<Field name="FirstDate" type="java.sql.Timestamp"><![CDATA[2016-10-28 12:43:08.0]]></Field>
	<Field name="FirstUser" type="java.lang.String"><![CDATA[SUNOPSIS_INSTALL]]></Field>
	<Field name="GenericPriv" type="java.lang.String"><![CDATA[1]]></Field>
	<Field name="GlobalId" type="java.lang.String"><![CDATA[c408f08e-ecfa-3ef8-8b63-d1b3b20a80c5]]></Field>
	<Field name="IMeth" type="com.sunopsis.sql.DbInt"><![CDATA[51300]]></Field>
	<Field name="IProf" type="com.sunopsis.sql.DbInt"><![CDATA[10]]></Field>
	<Field name="LastDate" type="java.sql.Timestamp"><![CDATA[2016-10-28 12:43:08.0]]></Field>
	<Field name="LastUser" type="java.lang.String"><![CDATA[SUNOPSIS_INSTALL]]></Field>
</Object>
<Object class="com.sunopsis.dwg.dbobj.SnpProfMeth">
		<Field name="FirstDate" type="java.sql.Timestamp"><![CDATA[2016-10-28 12:43:08.0]]></Field>
	<Field name="FirstUser" type="java.lang.String"><![CDATA[SUNOPSIS_INSTALL]]></Field>
	<Field name="GenericPriv" type="java.lang.String"><![CDATA[1]]></Field>
	<Field name="GlobalId" type="java.lang.String"><![CDATA[23f9a304-a57d-37ea-92ce-4f7dbc223c77]]></Field>
	<Field name="IMeth" type="com.sunopsis.sql.DbInt"><![CDATA[22000]]></Field>
	<Field name="IProf" type="com.sunopsis.sql.DbInt"><![CDATA[10]]></Field>
	<Field name="LastDate" type="java.sql.Timestamp"><![CDATA[2016-10-28 12:43:08.0]]></Field>
	<Field name="LastUser" type="java.lang.String"><![CDATA[SUNOPSIS_INSTALL]]></Field>
</Object>
<Object class="com.sunopsis.dwg.dbobj.SnpProfMeth">
		<Field name="FirstDate" type="java.sql.Timestamp"><![CDATA[2016-10-28 12:43:08.0]]></Field>
	<Field name="FirstUser" type="java.lang.String"><![CDATA[SUNOPSIS_INSTALL]]></Field>
	<Field name="GenericPriv" type="java.lang.String"><![CDATA[1]]></Field>
	<Field name="GlobalId" type="java.lang.String"><![CDATA[8eae3132-b8f1-3b9f-ad4c-fc1eda275d08]]></Field>
	<Field name="IMeth" type="com.sunopsis.sql.DbInt"><![CDATA[3000]]></Field>
	<Field name="IProf" type="com.sunopsis.sql.DbInt"><![CDATA[10]]></Field>
	<Field name="LastDate" type="java.sql.Timestamp"><![CDATA[2016-10-28 12:43:08.0]]></Field>
	<Field name="LastUser" type="java.lang.String"><![CDATA[SUNOPSIS_INSTALL]]></Field>
</Object>
<Object class="com.sunopsis.dwg.dbobj.SnpProfMeth">
		<Field name="FirstDate" type="java.sql.Timestamp"><![CDATA[2016-10-28 12:43:08.0]]></Field>
	<Field name="FirstUser" type="java.lang.String"><![CDATA[SUNOPSIS_INSTALL]]></Field>
	<Field name="GenericPriv" type="java.lang.String"><![CDATA[1]]></Field>
	<Field name="GlobalId" type="java.lang.String"><![CDATA[3ed99679-fb32-3858-a4d9-d4ea87ebc6d3]]></Field>
	<Field name="IMeth" type="com.sunopsis.sql.DbInt"><![CDATA[3500]]></Field>
	<Field name="IProf" type="com.sunopsis.sql.DbInt"><![CDATA[10]]></Field>
	<Field name="LastDate" type="java.sql.Timestamp"><![CDATA[2016-10-28 12:43:08.0]]></Field>
	<Field name="LastUser" type="java.lang.String"><![CDATA[SUNOPSIS_INSTALL]]></Field>
</Object>
<Object class="com.sunopsis.dwg.dbobj.SnpProfMeth">
		<Field name="FirstDate" type="java.sql.Timestamp"><![CDATA[2016-10-28 12:43:08.0]]></Field>
	<Field name="FirstUser" type="java.lang.String"><![CDATA[SUNOPSIS_INSTALL]]></Field>
	<Field name="GenericPriv" type="java.lang.String"><![CDATA[1]]></Field>
	<Field name="GlobalId" type="java.lang.String"><![CDATA[a9677f34-f03a-301f-bf68-b4136e995a71]]></Field>
	<Field name="IMeth" type="com.sunopsis.sql.DbInt"><![CDATA[13600]]></Field>
	<Field name="IProf" type="com.sunopsis.sql.DbInt"><![CDATA[10]]></Field>
	<Field name="LastDate" type="java.sql.Timestamp"><![CDATA[2016-10-28 12:43:08.0]]></Field>
	<Field name="LastUser" type="java.lang.String"><![CDATA[SUNOPSIS_INSTALL]]></Field>
</Object>
<Object class="com.sunopsis.dwg.dbobj.SnpProfMeth">
		<Field name="FirstDate" type="java.sql.Timestamp"><![CDATA[2016-10-28 12:43:08.0]]></Field>
	<Field name="FirstUser" type="java.lang.String"><![CDATA[SUNOPSIS_INSTALL]]></Field>
	<Field name="GenericPriv" type="java.lang.String"><![CDATA[1]]></Field>
	<Field name="GlobalId" type="java.lang.String"><![CDATA[55ddd49a-9b5d-3605-b530-64b45de4c8a6]]></Field>
	<Field name="IMeth" type="com.sunopsis.sql.DbInt"><![CDATA[33000]]></Field>
	<Field name="IProf" type="com.sunopsis.sql.DbInt"><![CDATA[10]]></Field>
	<Field name="LastDate" type="java.sql.Timestamp"><![CDATA[2016-10-28 12:43:08.0]]></Field>
	<Field name="LastUser" type="java.lang.String"><![CDATA[SUNOPSIS_INSTALL]]></Field>
</Object>
<Object class="com.sunopsis.dwg.dbobj.SnpProfMeth">
		<Field name="FirstDate" type="java.sql.Timestamp"><![CDATA[2016-10-28 12:43:08.0]]></Field>
	<Field name="FirstUser" type="java.lang.String"><![CDATA[SUNOPSIS_INSTALL]]></Field>
	<Field name="GenericPriv" type="java.lang.String"><![CDATA[1]]></Field>
	<Field name="GlobalId" type="java.lang.String"><![CDATA[6df7d9cb-8b6d-3b6c-b253-ccbd4cd58495]]></Field>
	<Field name="IMeth" type="com.sunopsis.sql.DbInt"><![CDATA[16200]]></Field>
	<Field name="IProf" type="com.sunopsis.sql.DbInt"><![CDATA[10]]></Field>
	<Field name="LastDate" type="java.sql.Timestamp"><![CDATA[2016-10-28 12:43:08.0]]></Field>
	<Field name="LastUser" type="java.lang.String"><![CDATA[SUNOPSIS_INSTALL]]></Field>
</Object>
<Object class="com.sunopsis.dwg.dbobj.SnpProfMeth">
		<Field name="FirstDate" type="java.sql.Timestamp"><![CDATA[2016-10-28 12:43:08.0]]></Field>
	<Field name="FirstUser" type="java.lang.String"><![CDATA[SUNOPSIS_INSTALL]]></Field>
	<Field name="GenericPriv" type="java.lang.String"><![CDATA[1]]></Field>
	<Field name="GlobalId" type="java.lang.String"><![CDATA[d0fe7c98-6be3-3b4f-a5a3-22ed2e8f6b9a]]></Field>
	<Field name="IMeth" type="com.sunopsis.sql.DbInt"><![CDATA[36700]]></Field>
	<Field name="IProf" type="com.sunopsis.sql.DbInt"><![CDATA[10]]></Field>
	<Field name="LastDate" type="java.sql.Timestamp"><![CDATA[2016-10-28 12:43:08.0]]></Field>
	<Field name="LastUser" type="java.lang.String"><![CDATA[SUNOPSIS_INSTALL]]></Field>
</Object>
<Object class="com.sunopsis.dwg.dbobj.SnpProfMeth">
		<Field name="FirstDate" type="java.sql.Timestamp"><![CDATA[2016-10-28 12:43:08.0]]></Field>
	<Field name="FirstUser" type="java.lang.String"><![CDATA[SUNOPSIS_INSTALL]]></Field>
	<Field name="GenericPriv" type="java.lang.String"><![CDATA[1]]></Field>
	<Field name="GlobalId" type="java.lang.String"><![CDATA[c417bdfc-524e-35fc-bf6d-b72bd67051c7]]></Field>
	<Field name="IMeth" type="com.sunopsis.sql.DbInt"><![CDATA[14300]]></Field>
	<Field name="IProf" type="com.sunopsis.sql.DbInt"><![CDATA[10]]></Field>
	<Field name="LastDate" type="java.sql.Timestamp"><![CDATA[2016-10-28 12:43:08.0]]></Field>
	<Field name="LastUser" type="java.lang.String"><![CDATA[SUNOPSIS_INSTALL]]></Field>
</Object>
<Object class="com.sunopsis.dwg.dbobj.SnpProfMeth">
		<Field name="FirstDate" type="java.sql.Timestamp"><![CDATA[2016-10-28 12:43:08.0]]></Field>
	<Field name="FirstUser" type="java.lang.String"><![CDATA[SUNOPSIS_INSTALL]]></Field>
	<Field name="GenericPriv" type="java.lang.String"><![CDATA[1]]></Field>
	<Field name="GlobalId" type="java.lang.String"><![CDATA[09ff89b7-5ed3-35c6-abcb-0acbf41692c9]]></Field>
	<Field name="IMeth" type="com.sunopsis.sql.DbInt"><![CDATA[14700]]></Field>
	<Field name="IProf" type="com.sunopsis.sql.DbInt"><![CDATA[10]]></Field>
	<Field name="LastDate" type="java.sql.Timestamp"><![CDATA[2016-10-28 12:43:08.0]]></Field>
	<Field name="LastUser" type="java.lang.String"><![CDATA[SUNOPSIS_INSTALL]]></Field>
</Object>
<Object class="com.sunopsis.dwg.dbobj.SnpProfMeth">
		<Field name="FirstDate" type="java.sql.Timestamp"><![CDATA[2016-10-28 12:43:08.0]]></Field>
	<Field name="FirstUser" type="java.lang.String"><![CDATA[SUNOPSIS_INSTALL]]></Field>
	<Field name="GenericPriv" type="java.lang.String"><![CDATA[1]]></Field>
	<Field name="GlobalId" type="java.lang.String"><![CDATA[ca29a741-9545-31ca-badb-815984a8ca4d]]></Field>
	<Field name="IMeth" type="com.sunopsis.sql.DbInt"><![CDATA[22700]]></Field>
	<Field name="IProf" type="com.sunopsis.sql.DbInt"><![CDATA[10]]></Field>
	<Field name="LastDate" type="java.sql.Timestamp"><![CDATA[2016-10-28 12:43:08.0]]></Field>
	<Field name="LastUser" type="java.lang.String"><![CDATA[SUNOPSIS_INSTALL]]></Field>
</Object>
<Object class="com.sunopsis.dwg.dbobj.SnpProfMeth">
		<Field name="FirstDate" type="java.sql.Timestamp"><![CDATA[2016-10-28 12:43:08.0]]></Field>
	<Field name="FirstUser" type="java.lang.String"><![CDATA[SUNOPSIS_INSTALL]]></Field>
	<Field name="GenericPriv" type="java.lang.String"><![CDATA[1]]></Field>
	<Field name="GlobalId" type="java.lang.String"><![CDATA[ba0be26a-c6bc-3a54-a49f-9934a8fd2f8e]]></Field>
	<Field name="IMeth" type="com.sunopsis.sql.DbInt"><![CDATA[43200]]></Field>
	<Field name="IProf" type="com.sunopsis.sql.DbInt"><![CDATA[10]]></Field>
	<Field name="LastDate" type="java.sql.Timestamp"><![CDATA[2016-10-28 12:43:08.0]]></Field>
	<Field name="LastUser" type="java.lang.String"><![CDATA[SUNOPSIS_INSTALL]]></Field>
</Object>
<Object class="com.sunopsis.dwg.dbobj.SnpProfMeth">
		<Field name="FirstDate" type="java.sql.Timestamp"><![CDATA[2016-10-28 12:43:08.0]]></Field>
	<Field name="FirstUser" type="java.lang.String"><![CDATA[SUNOPSIS_INSTALL]]></Field>
	<Field name="GenericPriv" type="java.lang.String"><![CDATA[1]]></Field>
	<Field name="GlobalId" type="java.lang.String"><![CDATA[6d69dbe3-e649-379c-81a6-72c2837f0b7b]]></Field>
	<Field name="IMeth" type="com.sunopsis.sql.DbInt"><![CDATA[42900]]></Field>
	<Field name="IProf" type="com.sunopsis.sql.DbInt"><![CDATA[10]]></Field>
	<Field name="LastDate" type="java.sql.Timestamp"><![CDATA[2016-10-28 12:43:08.0]]></Field>
	<Field name="LastUser" type="java.lang.String"><![CDATA[SUNOPSIS_INSTALL]]></Field>
</Object>
<Object class="com.sunopsis.dwg.dbobj.SnpProfMeth">
		<Field name="FirstDate" type="java.sql.Timestamp"><![CDATA[2016-10-28 12:43:08.0]]></Field>
	<Field name="FirstUser" type="java.lang.String"><![CDATA[SUNOPSIS_INSTALL]]></Field>
	<Field name="GenericPriv" type="java.lang.String"><![CDATA[1]]></Field>
	<Field name="GlobalId" type="java.lang.String"><![CDATA[a5db5a0f-f583-3ab3-af9b-f3997f4d63a2]]></Field>
	<Field name="IMeth" type="com.sunopsis.sql.DbInt"><![CDATA[43000]]></Field>
	<Field name="IProf" type="com.sunopsis.sql.DbInt"><![CDATA[10]]></Field>
	<Field name="LastDate" type="java.sql.Timestamp"><![CDATA[2016-10-28 12:43:08.0]]></Field>
	<Field name="LastUser" type="java.lang.String"><![CDATA[SUNOPSIS_INSTALL]]></Field>
</Object>
<Object class="com.sunopsis.dwg.dbobj.SnpProfMeth">
		<Field name="FirstDate" type="java.sql.Timestamp"><![CDATA[2016-10-28 12:43:08.0]]></Field>
	<Field name="FirstUser" type="java.lang.String"><![CDATA[SUNOPSIS_INSTALL]]></Field>
	<Field name="GenericPriv" type="java.lang.String"><![CDATA[1]]></Field>
	<Field name="GlobalId" type="java.lang.String"><![CDATA[607b301b-29d1-32ba-9308-aa054a9e7e70]]></Field>
	<Field name="IMeth" type="com.sunopsis.sql.DbInt"><![CDATA[43900]]></Field>
	<Field name="IProf" type="com.sunopsis.sql.DbInt"><![CDATA[10]]></Field>
	<Field name="LastDate" type="java.sql.Timestamp"><![CDATA[2016-10-28 12:43:08.0]]></Field>
	<Field name="LastUser" type="java.lang.String"><![CDATA[SUNOPSIS_INSTALL]]></Field>
</Object>
<Object class="com.sunopsis.dwg.dbobj.SnpProfMeth">
		<Field name="FirstDate" type="java.sql.Timestamp"><![CDATA[2016-10-28 12:43:08.0]]></Field>
	<Field name="FirstUser" type="java.lang.String"><![CDATA[SUNOPSIS_INSTALL]]></Field>
	<Field name="GenericPriv" type="java.lang.String"><![CDATA[1]]></Field>
	<Field name="GlobalId" type="java.lang.String"><![CDATA[3244306e-c784-33ff-b3e2-396a3f01e791]]></Field>
	<Field name="IMeth" type="com.sunopsis.sql.DbInt"><![CDATA[44000]]></Field>
	<Field name="IProf" type="com.sunopsis.sql.DbInt"><![CDATA[10]]></Field>
	<Field name="LastDate" type="java.sql.Timestamp"><![CDATA[2016-10-28 12:43:08.0]]></Field>
	<Field name="LastUser" type="java.lang.String"><![CDATA[SUNOPSIS_INSTALL]]></Field>
</Object>
<Object class="com.sunopsis.dwg.dbobj.SnpProfMeth">
		<Field name="FirstDate" type="java.sql.Timestamp"><![CDATA[2016-10-28 12:43:08.0]]></Field>
	<Field name="FirstUser" type="java.lang.String"><![CDATA[SUNOPSIS_INSTALL]]></Field>
	<Field name="GenericPriv" type="java.lang.String"><![CDATA[1]]></Field>
	<Field name="GlobalId" type="java.lang.String"><![CDATA[1eb3a28f-bc38-3a7f-95a1-c58af3e05b88]]></Field>
	<Field name="IMeth" type="com.sunopsis.sql.DbInt"><![CDATA[42400]]></Field>
	<Field name="IProf" type="com.sunopsis.sql.DbInt"><![CDATA[10]]></Field>
	<Field name="LastDate" type="java.sql.Timestamp"><![CDATA[2016-10-28 12:43:08.0]]></Field>
	<Field name="LastUser" type="java.lang.String"><![CDATA[SUNOPSIS_INSTALL]]></Field>
</Object>
<Object class="com.sunopsis.dwg.dbobj.SnpProfMeth">
		<Field name="FirstDate" type="java.sql.Timestamp"><![CDATA[2016-10-28 12:43:08.0]]></Field>
	<Field name="FirstUser" type="java.lang.String"><![CDATA[SUNOPSIS_INSTALL]]></Field>
	<Field name="GenericPriv" type="java.lang.String"><![CDATA[1]]></Field>
	<Field name="GlobalId" type="java.lang.String"><![CDATA[0de8090f-ba99-3912-8f09-771ec663adca]]></Field>
	<Field name="IMeth" type="com.sunopsis.sql.DbInt"><![CDATA[42500]]></Field>
	<Field name="IProf" type="com.sunopsis.sql.DbInt"><![CDATA[10]]></Field>
	<Field name="LastDate" type="java.sql.Timestamp"><![CDATA[2016-10-28 12:43:08.0]]></Field>
	<Field name="LastUser" type="java.lang.String"><![CDATA[SUNOPSIS_INSTALL]]></Field>
</Object>
<Object class="com.sunopsis.dwg.dbobj.SnpProfMeth">
		<Field name="FirstDate" type="java.sql.Timestamp"><![CDATA[2016-10-28 12:43:08.0]]></Field>
	<Field name="FirstUser" type="java.lang.String"><![CDATA[SUNOPSIS_INSTALL]]></Field>
	<Field name="GenericPriv" type="java.lang.String"><![CDATA[1]]></Field>
	<Field name="GlobalId" type="java.lang.String"><![CDATA[d70bc4d7-2a05-365e-b207-e8e64c8c7fb2]]></Field>
	<Field name="IMeth" type="com.sunopsis.sql.DbInt"><![CDATA[42600]]></Field>
	<Field name="IProf" type="com.sunopsis.sql.DbInt"><![CDATA[10]]></Field>
	<Field name="LastDate" type="java.sql.Timestamp"><![CDATA[2016-10-28 12:43:08.0]]></Field>
	<Field name="LastUser" type="java.lang.String"><![CDATA[SUNOPSIS_INSTALL]]></Field>
</Object>
<Object class="com.sunopsis.dwg.dbobj.SnpProfMeth">
		<Field name="FirstDate" type="java.sql.Timestamp"><![CDATA[2016-10-28 12:43:08.0]]></Field>
	<Field name="FirstUser" type="java.lang.String"><![CDATA[SUNOPSIS_INSTALL]]></Field>
	<Field name="GenericPriv" type="java.lang.String"><![CDATA[1]]></Field>
	<Field name="GlobalId" type="java.lang.String"><![CDATA[704c24bc-c291-35af-a546-08dd16d5197a]]></Field>
	<Field name="IMeth" type="com.sunopsis.sql.DbInt"><![CDATA[43500]]></Field>
	<Field name="IProf" type="com.sunopsis.sql.DbInt"><![CDATA[10]]></Field>
	<Field name="LastDate" type="java.sql.Timestamp"><![CDATA[2016-10-28 12:43:08.0]]></Field>
	<Field name="LastUser" type="java.lang.String"><![CDATA[SUNOPSIS_INSTALL]]></Field>
</Object>
<Object class="com.sunopsis.dwg.dbobj.SnpProfMeth">
		<Field name="FirstDate" type="java.sql.Timestamp"><![CDATA[2016-10-28 12:43:08.0]]></Field>
	<Field name="FirstUser" type="java.lang.String"><![CDATA[SUNOPSIS_INSTALL]]></Field>
	<Field name="GenericPriv" type="java.lang.String"><![CDATA[1]]></Field>
	<Field name="GlobalId" type="java.lang.String"><![CDATA[17b9bf86-b773-392c-999d-cc329e040928]]></Field>
	<Field name="IMeth" type="com.sunopsis.sql.DbInt"><![CDATA[43600]]></Field>
	<Field name="IProf" type="com.sunopsis.sql.DbInt"><![CDATA[10]]></Field>
	<Field name="LastDate" type="java.sql.Timestamp"><![CDATA[2016-10-28 12:43:08.0]]></Field>
	<Field name="LastUser" type="java.lang.String"><![CDATA[SUNOPSIS_INSTALL]]></Field>
</Object>
<Object class="com.sunopsis.dwg.dbobj.SnpProfMeth">
		<Field name="FirstDate" type="java.sql.Timestamp"><![CDATA[2016-10-28 12:43:08.0]]></Field>
	<Field name="FirstUser" type="java.lang.String"><![CDATA[SUNOPSIS_INSTALL]]></Field>
	<Field name="GenericPriv" type="java.lang.String"><![CDATA[1]]></Field>
	<Field name="GlobalId" type="java.lang.String"><![CDATA[5ae01a98-c6bf-369a-8c62-86a616a5ed8d]]></Field>
	<Field name="IMeth" type="com.sunopsis.sql.DbInt"><![CDATA[43400]]></Field>
	<Field name="IProf" type="com.sunopsis.sql.DbInt"><![CDATA[10]]></Field>
	<Field name="LastDate" type="java.sql.Timestamp"><![CDATA[2016-10-28 12:43:08.0]]></Field>
	<Field name="LastUser" type="java.lang.String"><![CDATA[SUNOPSIS_INSTALL]]></Field>
</Object>
<Object class="com.sunopsis.dwg.dbobj.SnpProfMeth">
		<Field name="FirstDate" type="java.sql.Timestamp"><![CDATA[2016-10-28 12:43:08.0]]></Field>
	<Field name="FirstUser" type="java.lang.String"><![CDATA[SUNOPSIS_INSTALL]]></Field>
	<Field name="GenericPriv" type="java.lang.String"><![CDATA[1]]></Field>
	<Field name="GlobalId" type="java.lang.String"><![CDATA[10db5d28-69ae-37cc-a7f7-8d0329eb748d]]></Field>
	<Field name="IMeth" type="com.sunopsis.sql.DbInt"><![CDATA[42700]]></Field>
	<Field name="IProf" type="com.sunopsis.sql.DbInt"><![CDATA[10]]></Field>
	<Field name="LastDate" type="java.sql.Timestamp"><![CDATA[2016-10-28 12:43:08.0]]></Field>
	<Field name="LastUser" type="java.lang.String"><![CDATA[SUNOPSIS_INSTALL]]></Field>
</Object>
<Object class="com.sunopsis.dwg.dbobj.SnpProfMeth">
		<Field name="FirstDate" type="java.sql.Timestamp"><![CDATA[2016-10-28 12:43:08.0]]></Field>
	<Field name="FirstUser" type="java.lang.String"><![CDATA[SUNOPSIS_INSTALL]]></Field>
	<Field name="GenericPriv" type="java.lang.String"><![CDATA[1]]></Field>
	<Field name="GlobalId" type="java.lang.String"><![CDATA[b82540f2-f742-3e0f-a54a-f5b8a0fb6a57]]></Field>
	<Field name="IMeth" type="com.sunopsis.sql.DbInt"><![CDATA[42800]]></Field>
	<Field name="IProf" type="com.sunopsis.sql.DbInt"><![CDATA[10]]></Field>
	<Field name="LastDate" type="java.sql.Timestamp"><![CDATA[2016-10-28 12:43:08.0]]></Field>
	<Field name="LastUser" type="java.lang.String"><![CDATA[SUNOPSIS_INSTALL]]></Field>
</Object>
<Object class="com.sunopsis.dwg.dbobj.SnpProfMeth">
		<Field name="FirstDate" type="java.sql.Timestamp"><![CDATA[2016-10-28 12:43:08.0]]></Field>
	<Field name="FirstUser" type="java.lang.String"><![CDATA[SUNOPSIS_INSTALL]]></Field>
	<Field name="GenericPriv" type="java.lang.String"><![CDATA[1]]></Field>
	<Field name="GlobalId" type="java.lang.String"><![CDATA[929883a5-934e-3f1d-b103-a87d0d7ee582]]></Field>
	<Field name="IMeth" type="com.sunopsis.sql.DbInt"><![CDATA[44100]]></Field>
	<Field name="IProf" type="com.sunopsis.sql.DbInt"><![CDATA[10]]></Field>
	<Field name="LastDate" type="java.sql.Timestamp"><![CDATA[2016-10-28 12:43:08.0]]></Field>
	<Field name="LastUser" type="java.lang.String"><![CDATA[SUNOPSIS_INSTALL]]></Field>
</Object>
<Object class="com.sunopsis.dwg.dbobj.SnpProfMeth">
		<Field name="FirstDate" type="java.sql.Timestamp"><![CDATA[2016-10-28 12:43:08.0]]></Field>
	<Field name="FirstUser" type="java.lang.String"><![CDATA[SUNOPSIS_INSTALL]]></Field>
	<Field name="GenericPriv" type="java.lang.String"><![CDATA[1]]></Field>
	<Field name="GlobalId" type="java.lang.String"><![CDATA[d7b5958e-dd88-3a4e-95b9-946cd5d49eb3]]></Field>
	<Field name="IMeth" type="com.sunopsis.sql.DbInt"><![CDATA[44200]]></Field>
	<Field name="IProf" type="com.sunopsis.sql.DbInt"><![CDATA[10]]></Field>
	<Field name="LastDate" type="java.sql.Timestamp"><![CDATA[2016-10-28 12:43:08.0]]></Field>
	<Field name="LastUser" type="java.lang.String"><![CDATA[SUNOPSIS_INSTALL]]></Field>
</Object>
<Object class="com.sunopsis.dwg.dbobj.SnpProfMeth">
		<Field name="FirstDate" type="java.sql.Timestamp"><![CDATA[2016-10-28 12:43:08.0]]></Field>
	<Field name="FirstUser" type="java.lang.String"><![CDATA[SUNOPSIS_INSTALL]]></Field>
	<Field name="GenericPriv" type="java.lang.String"><![CDATA[1]]></Field>
	<Field name="GlobalId" type="java.lang.String"><![CDATA[8d579e9b-e876-3dd7-811f-509706bab0db]]></Field>
	<Field name="IMeth" type="com.sunopsis.sql.DbInt"><![CDATA[43700]]></Field>
	<Field name="IProf" type="com.sunopsis.sql.DbInt"><![CDATA[10]]></Field>
	<Field name="LastDate" type="java.sql.Timestamp"><![CDATA[2016-10-28 12:43:08.0]]></Field>
	<Field name="LastUser" type="java.lang.String"><![CDATA[SUNOPSIS_INSTALL]]></Field>
</Object>
<Object class="com.sunopsis.dwg.dbobj.SnpProfMeth">
		<Field name="FirstDate" type="java.sql.Timestamp"><![CDATA[2016-10-28 12:43:08.0]]></Field>
	<Field name="FirstUser" type="java.lang.String"><![CDATA[SUNOPSIS_INSTALL]]></Field>
	<Field name="GenericPriv" type="java.lang.String"><![CDATA[1]]></Field>
	<Field name="GlobalId" type="java.lang.String"><![CDATA[d2012cdd-38b8-344c-9547-638777b6817f]]></Field>
	<Field name="IMeth" type="com.sunopsis.sql.DbInt"><![CDATA[41000]]></Field>
	<Field name="IProf" type="com.sunopsis.sql.DbInt"><![CDATA[10]]></Field>
	<Field name="LastDate" type="java.sql.Timestamp"><![CDATA[2016-10-28 12:43:08.0]]></Field>
	<Field name="LastUser" type="java.lang.String"><![CDATA[SUNOPSIS_INSTALL]]></Field>
</Object>
<Object class="com.sunopsis.dwg.dbobj.SnpProfMeth">
		<Field name="FirstDate" type="java.sql.Timestamp"><![CDATA[2016-10-28 12:43:08.0]]></Field>
	<Field name="FirstUser" type="java.lang.String"><![CDATA[SUNOPSIS_INSTALL]]></Field>
	<Field name="GenericPriv" type="java.lang.String"><![CDATA[1]]></Field>
	<Field name="GlobalId" type="java.lang.String"><![CDATA[c746d6c5-f1b4-3a35-842c-4bd9cf7bdab6]]></Field>
	<Field name="IMeth" type="com.sunopsis.sql.DbInt"><![CDATA[41100]]></Field>
	<Field name="IProf" type="com.sunopsis.sql.DbInt"><![CDATA[10]]></Field>
	<Field name="LastDate" type="java.sql.Timestamp"><![CDATA[2016-10-28 12:43:08.0]]></Field>
	<Field name="LastUser" type="java.lang.String"><![CDATA[SUNOPSIS_INSTALL]]></Field>
</Object>
<Object class="com.sunopsis.dwg.dbobj.SnpProfMeth">
		<Field name="FirstDate" type="java.sql.Timestamp"><![CDATA[2016-10-28 12:43:08.0]]></Field>
	<Field name="FirstUser" type="java.lang.String"><![CDATA[SUNOPSIS_INSTALL]]></Field>
	<Field name="GenericPriv" type="java.lang.String"><![CDATA[1]]></Field>
	<Field name="GlobalId" type="java.lang.String"><![CDATA[bd4d1112-15aa-3229-bb51-3fe5258c4c75]]></Field>
	<Field name="IMeth" type="com.sunopsis.sql.DbInt"><![CDATA[41200]]></Field>
	<Field name="IProf" type="com.sunopsis.sql.DbInt"><![CDATA[10]]></Field>
	<Field name="LastDate" type="java.sql.Timestamp"><![CDATA[2016-10-28 12:43:08.0]]></Field>
	<Field name="LastUser" type="java.lang.String"><![CDATA[SUNOPSIS_INSTALL]]></Field>
</Object>
<Object class="com.sunopsis.dwg.dbobj.SnpProfMeth">
		<Field name="FirstDate" type="java.sql.Timestamp"><![CDATA[2016-10-28 12:43:08.0]]></Field>
	<Field name="FirstUser" type="java.lang.String"><![CDATA[SUNOPSIS_INSTALL]]></Field>
	<Field name="GenericPriv" type="java.lang.String"><![CDATA[1]]></Field>
	<Field name="GlobalId" type="java.lang.String"><![CDATA[67b97b10-30a9-3a65-9fb5-dd419c83f52d]]></Field>
	<Field name="IMeth" type="com.sunopsis.sql.DbInt"><![CDATA[41400]]></Field>
	<Field name="IProf" type="com.sunopsis.sql.DbInt"><![CDATA[10]]></Field>
	<Field name="LastDate" type="java.sql.Timestamp"><![CDATA[2016-10-28 12:43:08.0]]></Field>
	<Field name="LastUser" type="java.lang.String"><![CDATA[SUNOPSIS_INSTALL]]></Field>
</Object>
<Object class="com.sunopsis.dwg.dbobj.SnpProfMeth">
		<Field name="FirstDate" type="java.sql.Timestamp"><![CDATA[2016-10-28 12:43:08.0]]></Field>
	<Field name="FirstUser" type="java.lang.String"><![CDATA[SUNOPSIS_INSTALL]]></Field>
	<Field name="GenericPriv" type="java.lang.String"><![CDATA[1]]></Field>
	<Field name="GlobalId" type="java.lang.String"><![CDATA[6c2a9b10-37aa-3dbf-8edc-8aa2d55463a7]]></Field>
	<Field name="IMeth" type="com.sunopsis.sql.DbInt"><![CDATA[41600]]></Field>
	<Field name="IProf" type="com.sunopsis.sql.DbInt"><![CDATA[10]]></Field>
	<Field name="LastDate" type="java.sql.Timestamp"><![CDATA[2016-10-28 12:43:08.0]]></Field>
	<Field name="LastUser" type="java.lang.String"><![CDATA[SUNOPSIS_INSTALL]]></Field>
</Object>
<Object class="com.sunopsis.dwg.dbobj.SnpProfMeth">
		<Field name="FirstDate" type="java.sql.Timestamp"><![CDATA[2016-10-28 12:43:08.0]]></Field>
	<Field name="FirstUser" type="java.lang.String"><![CDATA[SUNOPSIS_INSTALL]]></Field>
	<Field name="GenericPriv" type="java.lang.String"><![CDATA[1]]></Field>
	<Field name="GlobalId" type="java.lang.String"><![CDATA[53d3a5b0-cf4d-3ac5-891d-606235ca0d28]]></Field>
	<Field name="IMeth" type="com.sunopsis.sql.DbInt"><![CDATA[46700]]></Field>
	<Field name="IProf" type="com.sunopsis.sql.DbInt"><![CDATA[10]]></Field>
	<Field name="LastDate" type="java.sql.Timestamp"><![CDATA[2016-10-28 12:43:08.0]]></Field>
	<Field name="LastUser" type="java.lang.String"><![CDATA[SUNOPSIS_INSTALL]]></Field>
</Object>
<Object class="com.sunopsis.dwg.dbobj.SnpProfMeth">
		<Field name="FirstDate" type="java.sql.Timestamp"><![CDATA[2016-10-28 12:43:08.0]]></Field>
	<Field name="FirstUser" type="java.lang.String"><![CDATA[SUNOPSIS_INSTALL]]></Field>
	<Field name="GenericPriv" type="java.lang.String"><![CDATA[1]]></Field>
	<Field name="GlobalId" type="java.lang.String"><![CDATA[e1413d03-ce32-3a26-a0f1-e8d1a3967496]]></Field>
	<Field name="IMeth" type="com.sunopsis.sql.DbInt"><![CDATA[46800]]></Field>
	<Field name="IProf" type="com.sunopsis.sql.DbInt"><![CDATA[10]]></Field>
	<Field name="LastDate" type="java.sql.Timestamp"><![CDATA[2016-10-28 12:43:08.0]]></Field>
	<Field name="LastUser" type="java.lang.String"><![CDATA[SUNOPSIS_INSTALL]]></Field>
</Object>
<Object class="com.sunopsis.dwg.dbobj.SnpProfMeth">
		<Field name="FirstDate" type="java.sql.Timestamp"><![CDATA[2016-10-28 12:43:08.0]]></Field>
	<Field name="FirstUser" type="java.lang.String"><![CDATA[SUNOPSIS_INSTALL]]></Field>
	<Field name="GenericPriv" type="java.lang.String"><![CDATA[1]]></Field>
	<Field name="GlobalId" type="java.lang.String"><![CDATA[30d6df92-e7e1-3be6-9a2c-390015235411]]></Field>
	<Field name="IMeth" type="com.sunopsis.sql.DbInt"><![CDATA[46900]]></Field>
	<Field name="IProf" type="com.sunopsis.sql.DbInt"><![CDATA[10]]></Field>
	<Field name="LastDate" type="java.sql.Timestamp"><![CDATA[2016-10-28 12:43:08.0]]></Field>
	<Field name="LastUser" type="java.lang.String"><![CDATA[SUNOPSIS_INSTALL]]></Field>
</Object>
<Object class="com.sunopsis.dwg.dbobj.SnpProfMeth">
		<Field name="FirstDate" type="java.sql.Timestamp"><![CDATA[2016-10-28 12:43:08.0]]></Field>
	<Field name="FirstUser" type="java.lang.String"><![CDATA[SUNOPSIS_INSTALL]]></Field>
	<Field name="GenericPriv" type="java.lang.String"><![CDATA[1]]></Field>
	<Field name="GlobalId" type="java.lang.String"><![CDATA[40914594-dada-39e6-b38a-c8cd17092fb3]]></Field>
	<Field name="IMeth" type="com.sunopsis.sql.DbInt"><![CDATA[53400]]></Field>
	<Field name="IProf" type="com.sunopsis.sql.DbInt"><![CDATA[10]]></Field>
	<Field name="LastDate" type="java.sql.Timestamp"><![CDATA[2016-10-28 12:43:08.0]]></Field>
	<Field name="LastUser" type="java.lang.String"><![CDATA[SUNOPSIS_INSTALL]]></Field>
</Object>
<Object class="com.sunopsis.dwg.dbobj.SnpProfMeth">
		<Field name="FirstDate" type="java.sql.Timestamp"><![CDATA[2016-10-28 12:43:08.0]]></Field>
	<Field name="FirstUser" type="java.lang.String"><![CDATA[SUNOPSIS_INSTALL]]></Field>
	<Field name="GenericPriv" type="java.lang.String"><![CDATA[1]]></Field>
	<Field name="GlobalId" type="java.lang.String"><![CDATA[eb90c27b-c8c8-33d7-911d-319ace34981d]]></Field>
	<Field name="IMeth" type="com.sunopsis.sql.DbInt"><![CDATA[53500]]></Field>
	<Field name="IProf" type="com.sunopsis.sql.DbInt"><![CDATA[10]]></Field>
	<Field name="LastDate" type="java.sql.Timestamp"><![CDATA[2016-10-28 12:43:08.0]]></Field>
	<Field name="LastUser" type="java.lang.String"><![CDATA[SUNOPSIS_INSTALL]]></Field>
</Object>
<Object class="com.sunopsis.dwg.dbobj.SnpProfMeth">
		<Field name="FirstDate" type="java.sql.Timestamp"><![CDATA[2016-10-28 12:43:08.0]]></Field>
	<Field name="FirstUser" type="java.lang.String"><![CDATA[SUNOPSIS_INSTALL]]></Field>
	<Field name="GenericPriv" type="java.lang.String"><![CDATA[1]]></Field>
	<Field name="GlobalId" type="java.lang.String"><![CDATA[f558fdfa-4b95-3faf-8ac4-c54d2ee48677]]></Field>
	<Field name="IMeth" type="com.sunopsis.sql.DbInt"><![CDATA[57900]]></Field>
	<Field name="IProf" type="com.sunopsis.sql.DbInt"><![CDATA[10]]></Field>
	<Field name="LastDate" type="java.sql.Timestamp"><![CDATA[2016-10-28 12:43:08.0]]></Field>
	<Field name="LastUser" type="java.lang.String"><![CDATA[SUNOPSIS_INSTALL]]></Field>
</Object>
<Object class="com.sunopsis.dwg.dbobj.SnpProfMeth">
		<Field name="FirstDate" type="java.sql.Timestamp"><![CDATA[2016-10-28 12:43:08.0]]></Field>
	<Field name="FirstUser" type="java.lang.String"><![CDATA[SUNOPSIS_INSTALL]]></Field>
	<Field name="GenericPriv" type="java.lang.String"><![CDATA[1]]></Field>
	<Field name="GlobalId" type="java.lang.String"><![CDATA[441f73ae-a57d-3b1f-a939-d0af8277ee47]]></Field>
	<Field name="IMeth" type="com.sunopsis.sql.DbInt"><![CDATA[57000]]></Field>
	<Field name="IProf" type="com.sunopsis.sql.DbInt"><![CDATA[10]]></Field>
	<Field name="LastDate" type="java.sql.Timestamp"><![CDATA[2016-10-28 12:43:08.0]]></Field>
	<Field name="LastUser" type="java.lang.String"><![CDATA[SUNOPSIS_INSTALL]]></Field>
</Object>
<Object class="com.sunopsis.dwg.dbobj.SnpProfMeth">
		<Field name="FirstDate" type="java.sql.Timestamp"><![CDATA[2016-10-28 12:43:08.0]]></Field>
	<Field name="FirstUser" type="java.lang.String"><![CDATA[SUNOPSIS_INSTALL]]></Field>
	<Field name="GenericPriv" type="java.lang.String"><![CDATA[1]]></Field>
	<Field name="GlobalId" type="java.lang.String"><![CDATA[29be9f9a-c5b0-3b84-a288-2925dbe5fcc0]]></Field>
	<Field name="IMeth" type="com.sunopsis.sql.DbInt"><![CDATA[56800]]></Field>
	<Field name="IProf" type="com.sunopsis.sql.DbInt"><![CDATA[10]]></Field>
	<Field name="LastDate" type="java.sql.Timestamp"><![CDATA[2016-10-28 12:43:08.0]]></Field>
	<Field name="LastUser" type="java.lang.String"><![CDATA[SUNOPSIS_INSTALL]]></Field>
</Object>
<Object class="com.sunopsis.dwg.dbobj.SnpProfMeth">
		<Field name="FirstDate" type="java.sql.Timestamp"><![CDATA[2016-10-28 12:43:08.0]]></Field>
	<Field name="FirstUser" type="java.lang.String"><![CDATA[SUNOPSIS_INSTALL]]></Field>
	<Field name="GenericPriv" type="java.lang.String"><![CDATA[1]]></Field>
	<Field name="GlobalId" type="java.lang.String"><![CDATA[08fcbf86-01c2-4638-b484-e4d2ee02309a]]></Field>
	<Field name="IMeth" type="com.sunopsis.sql.DbInt"><![CDATA[63800]]></Field>
	<Field name="IProf" type="com.sunopsis.sql.DbInt"><![CDATA[10]]></Field>
	<Field name="LastDate" type="java.sql.Timestamp"><![CDATA[2016-10-28 12:43:08.0]]></Field>
	<Field name="LastUser" type="java.lang.String"><![CDATA[SUNOPSIS_INSTALL]]></Field>
</Object>
<Object class="com.sunopsis.dwg.dbobj.SnpProfMeth">
		<Field name="FirstDate" type="java.sql.Timestamp"><![CDATA[2016-10-28 12:43:08.0]]></Field>
	<Field name="FirstUser" type="java.lang.String"><![CDATA[SUNOPSIS_INSTALL]]></Field>
	<Field name="GenericPriv" type="java.lang.String"><![CDATA[1]]></Field>
	<Field name="GlobalId" type="java.lang.String"><![CDATA[1909db57-49fb-435c-a197-f615cfbc0165]]></Field>
	<Field name="IMeth" type="com.sunopsis.sql.DbInt"><![CDATA[64000]]></Field>
	<Field name="IProf" type="com.sunopsis.sql.DbInt"><![CDATA[10]]></Field>
	<Field name="LastDate" type="java.sql.Timestamp"><![CDATA[2016-10-28 12:43:08.0]]></Field>
	<Field name="LastUser" type="java.lang.String"><![CDATA[SUNOPSIS_INSTALL]]></Field>
</Object>
<Object class="com.sunopsis.dwg.dbobj.SnpProfMeth">
		<Field name="FirstDate" type="java.sql.Timestamp"><![CDATA[2016-10-28 12:43:08.0]]></Field>
	<Field name="FirstUser" type="java.lang.String"><![CDATA[SUNOPSIS_INSTALL]]></Field>
	<Field name="GenericPriv" type="java.lang.String"><![CDATA[1]]></Field>
	<Field name="GlobalId" type="java.lang.String"><![CDATA[80ab48cb-6ec5-49de-a16b-8d92dcdcd9d4]]></Field>
	<Field name="IMeth" type="com.sunopsis.sql.DbInt"><![CDATA[63900]]></Field>
	<Field name="IProf" type="com.sunopsis.sql.DbInt"><![CDATA[10]]></Field>
	<Field name="LastDate" type="java.sql.Timestamp"><![CDATA[2016-10-28 12:43:08.0]]></Field>
	<Field name="LastUser" type="java.lang.String"><![CDATA[SUNOPSIS_INSTALL]]></Field>
</Object>
<Object class="com.sunopsis.dwg.dbobj.SnpProfMeth">
		<Field name="FirstDate" type="java.sql.Timestamp"><![CDATA[2016-10-28 12:43:08.0]]></Field>
	<Field name="FirstUser" type="java.lang.String"><![CDATA[SUNOPSIS_INSTALL]]></Field>
	<Field name="GenericPriv" type="java.lang.String"><![CDATA[1]]></Field>
	<Field name="GlobalId" type="java.lang.String"><![CDATA[949072fa-a18b-41b9-ab38-c4f16bf81bb0]]></Field>
	<Field name="IMeth" type="com.sunopsis.sql.DbInt"><![CDATA[62400]]></Field>
	<Field name="IProf" type="com.sunopsis.sql.DbInt"><![CDATA[10]]></Field>
	<Field name="LastDate" type="java.sql.Timestamp"><![CDATA[2016-10-28 12:43:08.0]]></Field>
	<Field name="LastUser" type="java.lang.String"><![CDATA[SUNOPSIS_INSTALL]]></Field>
</Object>
<Object class="com.sunopsis.dwg.dbobj.SnpProfMeth">
		<Field name="FirstDate" type="java.sql.Timestamp"><![CDATA[2016-10-28 12:43:08.0]]></Field>
	<Field name="FirstUser" type="java.lang.String"><![CDATA[SUNOPSIS_INSTALL]]></Field>
	<Field name="GenericPriv" type="java.lang.String"><![CDATA[1]]></Field>
	<Field name="GlobalId" type="java.lang.String"><![CDATA[dc1d674d-d925-4216-8ade-fba2b472c5ee]]></Field>
	<Field name="IMeth" type="com.sunopsis.sql.DbInt"><![CDATA[102800]]></Field>
	<Field name="IProf" type="com.sunopsis.sql.DbInt"><![CDATA[10]]></Field>
	<Field name="LastDate" type="java.sql.Timestamp"><![CDATA[2016-10-28 12:43:08.0]]></Field>
	<Field name="LastUser" type="java.lang.String"><![CDATA[SUNOPSIS_INSTALL]]></Field>
</Object>
<Object class="com.sunopsis.dwg.dbobj.SnpFKXRef">
		<Field name="RefKey" type="java.lang.String"><![CDATA[SNP_PROFILE.10]]></Field>
	<Field name="RefObjGlobalId" type="java.lang.String"><![CDATA[7364ac1b-7524-30fb-86a0-4ccccc957e81]]></Field>
 <Field name="RefObjFQName" type="java.lang.String"><![CDATA[VERSION ADMIN]]></Field>
 <Field name="RefObjFQType" type="java.lang.String"><![CDATA[SNP_PROFILE]]></Field>
 <Field name="RefObjFQNameLengths" type="java.lang.String"><![CDATA[13]]></Field>
</Object>
<Object class="com.sunopsis.dwg.dbobj.SnpFKXRef">
		<Field name="RefKey" type="java.lang.String"><![CDATA[SNP_METHOD.43100]]></Field>
	<Field name="RefObjGlobalId" type="java.lang.String"><![CDATA[9561ef0f-c5b7-377b-81cb-2cef2bc73a57]]></Field>
 <Field name="RefObjFQName" type="java.lang.String"><![CDATA[Project.Create Version...]]></Field>
 <Field name="RefObjFQType" type="java.lang.String"><![CDATA[SNP_OBJECT.SNP_METHOD]]></Field>
 <Field name="RefObjFQNameLengths" type="java.lang.String"><![CDATA[7.17]]></Field>
</Object>
<Object class="com.sunopsis.dwg.dbobj.SnpFKXRef">
		<Field name="RefKey" type="java.lang.String"><![CDATA[SNP_METHOD.42300]]></Field>
	<Field name="RefObjGlobalId" type="java.lang.String"><![CDATA[f1fa0e16-6572-3e89-896a-d2ab83de7d1b]]></Field>
 <Field name="RefObjFQName" type="java.lang.String"><![CDATA[Interface.Create Version...]]></Field>
 <Field name="RefObjFQType" type="java.lang.String"><![CDATA[SNP_OBJECT.SNP_METHOD]]></Field>
 <Field name="RefObjFQNameLengths" type="java.lang.String"><![CDATA[9.17]]></Field>
</Object>
<Object class="com.sunopsis.dwg.dbobj.SnpFKXRef">
		<Field name="RefKey" type="java.lang.String"><![CDATA[SNP_METHOD.43300]]></Field>
	<Field name="RefObjGlobalId" type="java.lang.String"><![CDATA[c0ff2a1c-3081-3e9f-8993-d16014303884]]></Field>
 <Field name="RefObjFQName" type="java.lang.String"><![CDATA[Variable.Create Version...]]></Field>
 <Field name="RefObjFQType" type="java.lang.String"><![CDATA[SNP_OBJECT.SNP_METHOD]]></Field>
 <Field name="RefObjFQNameLengths" type="java.lang.String"><![CDATA[8.17]]></Field>
</Object>
<Object class="com.sunopsis.dwg.dbobj.SnpFKXRef">
		<Field name="RefKey" type="java.lang.String"><![CDATA[SNP_METHOD.43800]]></Field>
	<Field name="RefObjGlobalId" type="java.lang.String"><![CDATA[5ffea5fa-2d48-3772-a085-495f95f7951c]]></Field>
 <Field name="RefObjFQName" type="java.lang.String"><![CDATA[User Function.Restore...]]></Field>
 <Field name="RefObjFQType" type="java.lang.String"><![CDATA[SNP_OBJECT.SNP_METHOD]]></Field>
 <Field name="RefObjFQNameLengths" type="java.lang.String"><![CDATA[13.10]]></Field>
</Object>
<Object class="com.sunopsis.dwg.dbobj.SnpFKXRef">
		<Field name="RefKey" type="java.lang.String"><![CDATA[SNP_METHOD.41500]]></Field>
	<Field name="RefObjGlobalId" type="java.lang.String"><![CDATA[f68851e2-63e6-3e1e-8bd4-5e816e7e0a35]]></Field>
 <Field name="RefObjFQName" type="java.lang.String"><![CDATA[Label.Create Version...]]></Field>
 <Field name="RefObjFQType" type="java.lang.String"><![CDATA[SNP_OBJECT.SNP_METHOD]]></Field>
 <Field name="RefObjFQNameLengths" type="java.lang.String"><![CDATA[5.17]]></Field>
</Object>
<Object class="com.sunopsis.dwg.dbobj.SnpFKXRef">
		<Field name="RefKey" type="java.lang.String"><![CDATA[SNP_METHOD.57600]]></Field>
	<Field name="RefObjGlobalId" type="java.lang.String"><![CDATA[41dfa3a1-edfa-3e51-b8e6-5a1063ef3679]]></Field>
 <Field name="RefObjFQName" type="java.lang.String"><![CDATA[Scenario.Compare with Version...]]></Field>
 <Field name="RefObjFQType" type="java.lang.String"><![CDATA[SNP_OBJECT.SNP_METHOD]]></Field>
 <Field name="RefObjFQNameLengths" type="java.lang.String"><![CDATA[8.23]]></Field>
</Object>
<Object class="com.sunopsis.dwg.dbobj.SnpFKXRef">
		<Field name="RefKey" type="java.lang.String"><![CDATA[SNP_METHOD.49500]]></Field>
	<Field name="RefObjGlobalId" type="java.lang.String"><![CDATA[58dc011a-8de3-39a2-ac5d-9ce95b2a9678]]></Field>
 <Field name="RefObjFQName" type="java.lang.String"><![CDATA[Label Element.Restore]]></Field>
 <Field name="RefObjFQType" type="java.lang.String"><![CDATA[SNP_OBJECT.SNP_METHOD]]></Field>
 <Field name="RefObjFQNameLengths" type="java.lang.String"><![CDATA[13.7]]></Field>
</Object>
<Object class="com.sunopsis.dwg.dbobj.SnpFKXRef">
		<Field name="RefKey" type="java.lang.String"><![CDATA[SNP_METHOD.49600]]></Field>
	<Field name="RefObjGlobalId" type="java.lang.String"><![CDATA[1ec6e9dc-7266-3fd6-8509-fa5b320a9fe2]]></Field>
 <Field name="RefObjFQName" type="java.lang.String"><![CDATA[Label Element.Delete]]></Field>
 <Field name="RefObjFQType" type="java.lang.String"><![CDATA[SNP_OBJECT.SNP_METHOD]]></Field>
 <Field name="RefObjFQNameLengths" type="java.lang.String"><![CDATA[13.6]]></Field>
</Object>
<Object class="com.sunopsis.dwg.dbobj.SnpFKXRef">
		<Field name="RefKey" type="java.lang.String"><![CDATA[SNP_METHOD.49800]]></Field>
	<Field name="RefObjGlobalId" type="java.lang.String"><![CDATA[98d5ecc6-439a-34f1-8d4a-13cdfbde40c8]]></Field>
 <Field name="RefObjFQName" type="java.lang.String"><![CDATA[Version.Delete]]></Field>
 <Field name="RefObjFQType" type="java.lang.String"><![CDATA[SNP_OBJECT.SNP_METHOD]]></Field>
 <Field name="RefObjFQNameLengths" type="java.lang.String"><![CDATA[7.6]]></Field>
</Object>
<Object class="com.sunopsis.dwg.dbobj.SnpFKXRef">
		<Field name="RefKey" type="java.lang.String"><![CDATA[SNP_METHOD.49900]]></Field>
	<Field name="RefObjGlobalId" type="java.lang.String"><![CDATA[dadb9144-7375-3833-ac85-da231db2a9e6]]></Field>
 <Field name="RefObjFQName" type="java.lang.String"><![CDATA[Version.Export...]]></Field>
 <Field name="RefObjFQType" type="java.lang.String"><![CDATA[SNP_OBJECT.SNP_METHOD]]></Field>
 <Field name="RefObjFQNameLengths" type="java.lang.String"><![CDATA[7.9]]></Field>
</Object>
<Object class="com.sunopsis.dwg.dbobj.SnpFKXRef">
		<Field name="RefKey" type="java.lang.String"><![CDATA[SNP_METHOD.49700]]></Field>
	<Field name="RefObjGlobalId" type="java.lang.String"><![CDATA[019d47e4-5120-396c-8408-b7301d8eefe1]]></Field>
 <Field name="RefObjFQName" type="java.lang.String"><![CDATA[Version.Restore]]></Field>
 <Field name="RefObjFQType" type="java.lang.String"><![CDATA[SNP_OBJECT.SNP_METHOD]]></Field>
 <Field name="RefObjFQNameLengths" type="java.lang.String"><![CDATA[7.7]]></Field>
</Object>
<Object class="com.sunopsis.dwg.dbobj.SnpFKXRef">
		<Field name="RefKey" type="java.lang.String"><![CDATA[SNP_METHOD.51700]]></Field>
	<Field name="RefObjGlobalId" type="java.lang.String"><![CDATA[7f3ad1cf-c03f-3764-ad02-0bdc4f1bbec1]]></Field>
 <Field name="RefObjFQName" type="java.lang.String"><![CDATA[Model Folder.Create Version...]]></Field>
 <Field name="RefObjFQType" type="java.lang.String"><![CDATA[SNP_OBJECT.SNP_METHOD]]></Field>
 <Field name="RefObjFQNameLengths" type="java.lang.String"><![CDATA[12.17]]></Field>
</Object>
<Object class="com.sunopsis.dwg.dbobj.SnpFKXRef">
		<Field name="RefKey" type="java.lang.String"><![CDATA[SNP_METHOD.51800]]></Field>
	<Field name="RefObjGlobalId" type="java.lang.String"><![CDATA[98b13ec8-a7eb-3af0-98f9-7e86478a11a1]]></Field>
 <Field name="RefObjFQName" type="java.lang.String"><![CDATA[Model Folder.Restore...]]></Field>
 <Field name="RefObjFQType" type="java.lang.String"><![CDATA[SNP_OBJECT.SNP_METHOD]]></Field>
 <Field name="RefObjFQNameLengths" type="java.lang.String"><![CDATA[12.10]]></Field>
</Object>
<Object class="com.sunopsis.dwg.dbobj.SnpFKXRef">
		<Field name="RefKey" type="java.lang.String"><![CDATA[SNP_METHOD.60600]]></Field>
	<Field name="RefObjGlobalId" type="java.lang.String"><![CDATA[b4eef339-7363-39d7-8a61-047cc5bb6c26]]></Field>
 <Field name="RefObjFQName" type="java.lang.String"><![CDATA[Load Plan.Compare with Version...]]></Field>
 <Field name="RefObjFQType" type="java.lang.String"><![CDATA[SNP_OBJECT.SNP_METHOD]]></Field>
 <Field name="RefObjFQNameLengths" type="java.lang.String"><![CDATA[9.23]]></Field>
</Object>
<Object class="com.sunopsis.dwg.dbobj.SnpFKXRef">
		<Field name="RefKey" type="java.lang.String"><![CDATA[SNP_METHOD.60800]]></Field>
	<Field name="RefObjGlobalId" type="java.lang.String"><![CDATA[eb85f470-0e1d-3bd7-b544-68afeaef4e36]]></Field>
 <Field name="RefObjFQName" type="java.lang.String"><![CDATA[Load Plan.Restore...]]></Field>
 <Field name="RefObjFQType" type="java.lang.String"><![CDATA[SNP_OBJECT.SNP_METHOD]]></Field>
 <Field name="RefObjFQNameLengths" type="java.lang.String"><![CDATA[9.10]]></Field>
</Object>
<Object class="com.sunopsis.dwg.dbobj.SnpFKXRef">
		<Field name="RefKey" type="java.lang.String"><![CDATA[SNP_METHOD.56900]]></Field>
	<Field name="RefObjGlobalId" type="java.lang.String"><![CDATA[113c337b-d4ad-310e-8924-94f938b5ebbc]]></Field>
 <Field name="RefObjFQName" type="java.lang.String"><![CDATA[Folder.Compare with Version...]]></Field>
 <Field name="RefObjFQType" type="java.lang.String"><![CDATA[SNP_OBJECT.SNP_METHOD]]></Field>
 <Field name="RefObjFQNameLengths" type="java.lang.String"><![CDATA[6.23]]></Field>
</Object>
<Object class="com.sunopsis.dwg.dbobj.SnpFKXRef">
		<Field name="RefKey" type="java.lang.String"><![CDATA[SNP_METHOD.57200]]></Field>
	<Field name="RefObjGlobalId" type="java.lang.String"><![CDATA[4686778a-4731-3ba3-84b1-f56055de850f]]></Field>
 <Field name="RefObjFQName" type="java.lang.String"><![CDATA[Package.Compare with Version...]]></Field>
 <Field name="RefObjFQType" type="java.lang.String"><![CDATA[SNP_OBJECT.SNP_METHOD]]></Field>
 <Field name="RefObjFQNameLengths" type="java.lang.String"><![CDATA[7.23]]></Field>
</Object>
<Object class="com.sunopsis.dwg.dbobj.SnpFKXRef">
		<Field name="RefKey" type="java.lang.String"><![CDATA[SNP_METHOD.57100]]></Field>
	<Field name="RefObjGlobalId" type="java.lang.String"><![CDATA[a398b797-430c-3706-8ec3-0f1c904adf86]]></Field>
 <Field name="RefObjFQName" type="java.lang.String"><![CDATA[Interface.Compare with Version...]]></Field>
 <Field name="RefObjFQType" type="java.lang.String"><![CDATA[SNP_OBJECT.SNP_METHOD]]></Field>
 <Field name="RefObjFQNameLengths" type="java.lang.String"><![CDATA[9.23]]></Field>
</Object>
<Object class="com.sunopsis.dwg.dbobj.SnpFKXRef">
		<Field name="RefKey" type="java.lang.String"><![CDATA[SNP_METHOD.57500]]></Field>
	<Field name="RefObjGlobalId" type="java.lang.String"><![CDATA[4dd30469-cbdf-3ec9-8b20-827ecf682205]]></Field>
 <Field name="RefObjFQName" type="java.lang.String"><![CDATA[Procedure.Compare with Version...]]></Field>
 <Field name="RefObjFQType" type="java.lang.String"><![CDATA[SNP_OBJECT.SNP_METHOD]]></Field>
 <Field name="RefObjFQNameLengths" type="java.lang.String"><![CDATA[9.23]]></Field>
</Object>
<Object class="com.sunopsis.dwg.dbobj.SnpFKXRef">
		<Field name="RefKey" type="java.lang.String"><![CDATA[SNP_METHOD.57700]]></Field>
	<Field name="RefObjGlobalId" type="java.lang.String"><![CDATA[9a920e37-032e-3db4-bb08-8382d731f51e]]></Field>
 <Field name="RefObjFQName" type="java.lang.String"><![CDATA[User Function.Compare with Version...]]></Field>
 <Field name="RefObjFQType" type="java.lang.String"><![CDATA[SNP_OBJECT.SNP_METHOD]]></Field>
 <Field name="RefObjFQNameLengths" type="java.lang.String"><![CDATA[13.23]]></Field>
</Object>
<Object class="com.sunopsis.dwg.dbobj.SnpFKXRef">
		<Field name="RefKey" type="java.lang.String"><![CDATA[SNP_METHOD.57300]]></Field>
	<Field name="RefObjGlobalId" type="java.lang.String"><![CDATA[6d5fed75-b0f4-3efb-ad0d-7559f6e9a5f1]]></Field>
 <Field name="RefObjFQName" type="java.lang.String"><![CDATA[Sequence.Compare with Version...]]></Field>
 <Field name="RefObjFQType" type="java.lang.String"><![CDATA[SNP_OBJECT.SNP_METHOD]]></Field>
 <Field name="RefObjFQNameLengths" type="java.lang.String"><![CDATA[8.23]]></Field>
</Object>
<Object class="com.sunopsis.dwg.dbobj.SnpFKXRef">
		<Field name="RefKey" type="java.lang.String"><![CDATA[SNP_METHOD.57400]]></Field>
	<Field name="RefObjGlobalId" type="java.lang.String"><![CDATA[3b62ad20-1fef-3d2c-bd2d-397ec3d76b4d]]></Field>
 <Field name="RefObjFQName" type="java.lang.String"><![CDATA[Variable.Compare with Version...]]></Field>
 <Field name="RefObjFQType" type="java.lang.String"><![CDATA[SNP_OBJECT.SNP_METHOD]]></Field>
 <Field name="RefObjFQNameLengths" type="java.lang.String"><![CDATA[8.23]]></Field>
</Object>
<Object class="com.sunopsis.dwg.dbobj.SnpFKXRef">
		<Field name="RefKey" type="java.lang.String"><![CDATA[SNP_METHOD.57800]]></Field>
	<Field name="RefObjGlobalId" type="java.lang.String"><![CDATA[1ae9600d-f6fd-306a-80d4-c23dde074914]]></Field>
 <Field name="RefObjFQName" type="java.lang.String"><![CDATA[Label.Compare with Version...]]></Field>
 <Field name="RefObjFQType" type="java.lang.String"><![CDATA[SNP_OBJECT.SNP_METHOD]]></Field>
 <Field name="RefObjFQNameLengths" type="java.lang.String"><![CDATA[5.23]]></Field>
</Object>
<Object class="com.sunopsis.dwg.dbobj.SnpFKXRef">
		<Field name="RefKey" type="java.lang.String"><![CDATA[SNP_METHOD.58000]]></Field>
	<Field name="RefObjGlobalId" type="java.lang.String"><![CDATA[61122b7d-664f-30af-bf40-a929eb6df6ba]]></Field>
 <Field name="RefObjFQName" type="java.lang.String"><![CDATA[Version.Compare...]]></Field>
 <Field name="RefObjFQType" type="java.lang.String"><![CDATA[SNP_OBJECT.SNP_METHOD]]></Field>
 <Field name="RefObjFQNameLengths" type="java.lang.String"><![CDATA[7.10]]></Field>
</Object>
<Object class="com.sunopsis.dwg.dbobj.SnpFKXRef">
		<Field name="RefKey" type="java.lang.String"><![CDATA[SNP_METHOD.51300]]></Field>
	<Field name="RefObjGlobalId" type="java.lang.String"><![CDATA[59db5fd2-7d01-3252-82d7-e34a1a3e5e3f]]></Field>
 <Field name="RefObjFQName" type="java.lang.String"><![CDATA[Model Folder.View]]></Field>
 <Field name="RefObjFQType" type="java.lang.String"><![CDATA[SNP_OBJECT.SNP_METHOD]]></Field>
 <Field name="RefObjFQNameLengths" type="java.lang.String"><![CDATA[12.4]]></Field>
</Object>
<Object class="com.sunopsis.dwg.dbobj.SnpFKXRef">
		<Field name="RefKey" type="java.lang.String"><![CDATA[SNP_METHOD.22000]]></Field>
	<Field name="RefObjGlobalId" type="java.lang.String"><![CDATA[1ecb435c-144b-307d-a6c2-bc9f04e03584]]></Field>
 <Field name="RefObjFQName" type="java.lang.String"><![CDATA[Model.View]]></Field>
 <Field name="RefObjFQType" type="java.lang.String"><![CDATA[SNP_OBJECT.SNP_METHOD]]></Field>
 <Field name="RefObjFQNameLengths" type="java.lang.String"><![CDATA[5.4]]></Field>
</Object>
<Object class="com.sunopsis.dwg.dbobj.SnpFKXRef">
		<Field name="RefKey" type="java.lang.String"><![CDATA[SNP_METHOD.3000]]></Field>
	<Field name="RefObjGlobalId" type="java.lang.String"><![CDATA[bea3589d-4a0e-378d-8f37-6d3583b68a82]]></Field>
 <Field name="RefObjFQName" type="java.lang.String"><![CDATA[Project.View]]></Field>
 <Field name="RefObjFQType" type="java.lang.String"><![CDATA[SNP_OBJECT.SNP_METHOD]]></Field>
 <Field name="RefObjFQNameLengths" type="java.lang.String"><![CDATA[7.4]]></Field>
</Object>
<Object class="com.sunopsis.dwg.dbobj.SnpFKXRef">
		<Field name="RefKey" type="java.lang.String"><![CDATA[SNP_METHOD.3500]]></Field>
	<Field name="RefObjGlobalId" type="java.lang.String"><![CDATA[0dae88f0-aaa4-3522-b07d-f049d02e0d57]]></Field>
 <Field name="RefObjFQName" type="java.lang.String"><![CDATA[Folder.View]]></Field>
 <Field name="RefObjFQType" type="java.lang.String"><![CDATA[SNP_OBJECT.SNP_METHOD]]></Field>
 <Field name="RefObjFQNameLengths" type="java.lang.String"><![CDATA[6.4]]></Field>
</Object>
<Object class="com.sunopsis.dwg.dbobj.SnpFKXRef">
		<Field name="RefKey" type="java.lang.String"><![CDATA[SNP_METHOD.13600]]></Field>
	<Field name="RefObjGlobalId" type="java.lang.String"><![CDATA[9f7f7424-eb20-35a4-921c-88c76689c603]]></Field>
 <Field name="RefObjFQName" type="java.lang.String"><![CDATA[Package.View]]></Field>
 <Field name="RefObjFQType" type="java.lang.String"><![CDATA[SNP_OBJECT.SNP_METHOD]]></Field>
 <Field name="RefObjFQNameLengths" type="java.lang.String"><![CDATA[7.4]]></Field>
</Object>
<Object class="com.sunopsis.dwg.dbobj.SnpFKXRef">
		<Field name="RefKey" type="java.lang.String"><![CDATA[SNP_METHOD.33000]]></Field>
	<Field name="RefObjGlobalId" type="java.lang.String"><![CDATA[547dfc26-09d8-3750-b83a-75dd0d3e9645]]></Field>
 <Field name="RefObjFQName" type="java.lang.String"><![CDATA[Interface.View]]></Field>
 <Field name="RefObjFQType" type="java.lang.String"><![CDATA[SNP_OBJECT.SNP_METHOD]]></Field>
 <Field name="RefObjFQNameLengths" type="java.lang.String"><![CDATA[9.4]]></Field>
</Object>
<Object class="com.sunopsis.dwg.dbobj.SnpFKXRef">
		<Field name="RefKey" type="java.lang.String"><![CDATA[SNP_METHOD.16200]]></Field>
	<Field name="RefObjGlobalId" type="java.lang.String"><![CDATA[35171270-020b-3f72-b908-254c8dcd852c]]></Field>
 <Field name="RefObjFQName" type="java.lang.String"><![CDATA[Procedure.View]]></Field>
 <Field name="RefObjFQType" type="java.lang.String"><![CDATA[SNP_OBJECT.SNP_METHOD]]></Field>
 <Field name="RefObjFQNameLengths" type="java.lang.String"><![CDATA[9.4]]></Field>
</Object>
<Object class="com.sunopsis.dwg.dbobj.SnpFKXRef">
		<Field name="RefKey" type="java.lang.String"><![CDATA[SNP_METHOD.36700]]></Field>
	<Field name="RefObjGlobalId" type="java.lang.String"><![CDATA[c997b558-f4a0-38f2-9bd0-e0cdfc7e21a1]]></Field>
 <Field name="RefObjFQName" type="java.lang.String"><![CDATA[User Function.View]]></Field>
 <Field name="RefObjFQType" type="java.lang.String"><![CDATA[SNP_OBJECT.SNP_METHOD]]></Field>
 <Field name="RefObjFQNameLengths" type="java.lang.String"><![CDATA[13.4]]></Field>
</Object>
<Object class="com.sunopsis.dwg.dbobj.SnpFKXRef">
		<Field name="RefKey" type="java.lang.String"><![CDATA[SNP_METHOD.14300]]></Field>
	<Field name="RefObjGlobalId" type="java.lang.String"><![CDATA[44b23fdf-73cb-3533-8523-9fd2b45ef4a1]]></Field>
 <Field name="RefObjFQName" type="java.lang.String"><![CDATA[Sequence.View]]></Field>
 <Field name="RefObjFQType" type="java.lang.String"><![CDATA[SNP_OBJECT.SNP_METHOD]]></Field>
 <Field name="RefObjFQNameLengths" type="java.lang.String"><![CDATA[8.4]]></Field>
</Object>
<Object class="com.sunopsis.dwg.dbobj.SnpFKXRef">
		<Field name="RefKey" type="java.lang.String"><![CDATA[SNP_METHOD.14700]]></Field>
	<Field name="RefObjGlobalId" type="java.lang.String"><![CDATA[49a66d95-895d-37aa-a02e-dc8d47e544fd]]></Field>
 <Field name="RefObjFQName" type="java.lang.String"><![CDATA[Variable.View]]></Field>
 <Field name="RefObjFQType" type="java.lang.String"><![CDATA[SNP_OBJECT.SNP_METHOD]]></Field>
 <Field name="RefObjFQNameLengths" type="java.lang.String"><![CDATA[8.4]]></Field>
</Object>
<Object class="com.sunopsis.dwg.dbobj.SnpFKXRef">
		<Field name="RefKey" type="java.lang.String"><![CDATA[SNP_METHOD.22700]]></Field>
	<Field name="RefObjGlobalId" type="java.lang.String"><![CDATA[c2caf38b-1f90-3502-a7dd-25988bf0d663]]></Field>
 <Field name="RefObjFQName" type="java.lang.String"><![CDATA[Scenario.View]]></Field>
 <Field name="RefObjFQType" type="java.lang.String"><![CDATA[SNP_OBJECT.SNP_METHOD]]></Field>
 <Field name="RefObjFQNameLengths" type="java.lang.String"><![CDATA[8.4]]></Field>
</Object>
<Object class="com.sunopsis.dwg.dbobj.SnpFKXRef">
		<Field name="RefKey" type="java.lang.String"><![CDATA[SNP_METHOD.43200]]></Field>
	<Field name="RefObjGlobalId" type="java.lang.String"><![CDATA[d1a81901-a262-3097-bdf5-230557a5336f]]></Field>
 <Field name="RefObjFQName" type="java.lang.String"><![CDATA[Project.Restore...]]></Field>
 <Field name="RefObjFQType" type="java.lang.String"><![CDATA[SNP_OBJECT.SNP_METHOD]]></Field>
 <Field name="RefObjFQNameLengths" type="java.lang.String"><![CDATA[7.10]]></Field>
</Object>
<Object class="com.sunopsis.dwg.dbobj.SnpFKXRef">
		<Field name="RefKey" type="java.lang.String"><![CDATA[SNP_METHOD.42900]]></Field>
	<Field name="RefObjGlobalId" type="java.lang.String"><![CDATA[20ae6c72-bde1-304a-bc72-171a66fc27fd]]></Field>
 <Field name="RefObjFQName" type="java.lang.String"><![CDATA[Folder.Create Version...]]></Field>
 <Field name="RefObjFQType" type="java.lang.String"><![CDATA[SNP_OBJECT.SNP_METHOD]]></Field>
 <Field name="RefObjFQNameLengths" type="java.lang.String"><![CDATA[6.17]]></Field>
</Object>
<Object class="com.sunopsis.dwg.dbobj.SnpFKXRef">
		<Field name="RefKey" type="java.lang.String"><![CDATA[SNP_METHOD.43000]]></Field>
	<Field name="RefObjGlobalId" type="java.lang.String"><![CDATA[14a62a53-fa35-3a57-80bc-ee054f0e010e]]></Field>
 <Field name="RefObjFQName" type="java.lang.String"><![CDATA[Folder.Restore...]]></Field>
 <Field name="RefObjFQType" type="java.lang.String"><![CDATA[SNP_OBJECT.SNP_METHOD]]></Field>
 <Field name="RefObjFQNameLengths" type="java.lang.String"><![CDATA[6.10]]></Field>
</Object>
<Object class="com.sunopsis.dwg.dbobj.SnpFKXRef">
		<Field name="RefKey" type="java.lang.String"><![CDATA[SNP_METHOD.43900]]></Field>
	<Field name="RefObjGlobalId" type="java.lang.String"><![CDATA[32f0dbd7-b9ef-32e8-baed-de3fd19464a6]]></Field>
 <Field name="RefObjFQName" type="java.lang.String"><![CDATA[Model.Create Version...]]></Field>
 <Field name="RefObjFQType" type="java.lang.String"><![CDATA[SNP_OBJECT.SNP_METHOD]]></Field>
 <Field name="RefObjFQNameLengths" type="java.lang.String"><![CDATA[5.17]]></Field>
</Object>
<Object class="com.sunopsis.dwg.dbobj.SnpFKXRef">
		<Field name="RefKey" type="java.lang.String"><![CDATA[SNP_METHOD.44000]]></Field>
	<Field name="RefObjGlobalId" type="java.lang.String"><![CDATA[cf0e3af5-1884-3c0c-9c1c-7b6b02c3a0db]]></Field>
 <Field name="RefObjFQName" type="java.lang.String"><![CDATA[Model.Restore...]]></Field>
 <Field name="RefObjFQType" type="java.lang.String"><![CDATA[SNP_OBJECT.SNP_METHOD]]></Field>
 <Field name="RefObjFQNameLengths" type="java.lang.String"><![CDATA[5.10]]></Field>
</Object>
<Object class="com.sunopsis.dwg.dbobj.SnpFKXRef">
		<Field name="RefKey" type="java.lang.String"><![CDATA[SNP_METHOD.42400]]></Field>
	<Field name="RefObjGlobalId" type="java.lang.String"><![CDATA[96ca8fc2-5bb7-3ec3-b9ea-ec1e6a9bc8e7]]></Field>
 <Field name="RefObjFQName" type="java.lang.String"><![CDATA[Interface.Restore...]]></Field>
 <Field name="RefObjFQType" type="java.lang.String"><![CDATA[SNP_OBJECT.SNP_METHOD]]></Field>
 <Field name="RefObjFQNameLengths" type="java.lang.String"><![CDATA[9.10]]></Field>
</Object>
<Object class="com.sunopsis.dwg.dbobj.SnpFKXRef">
		<Field name="RefKey" type="java.lang.String"><![CDATA[SNP_METHOD.42500]]></Field>
	<Field name="RefObjGlobalId" type="java.lang.String"><![CDATA[7a54ad83-ff7a-3e9e-ad47-96da3dbb2f43]]></Field>
 <Field name="RefObjFQName" type="java.lang.String"><![CDATA[Package.Create Version...]]></Field>
 <Field name="RefObjFQType" type="java.lang.String"><![CDATA[SNP_OBJECT.SNP_METHOD]]></Field>
 <Field name="RefObjFQNameLengths" type="java.lang.String"><![CDATA[7.17]]></Field>
</Object>
<Object class="com.sunopsis.dwg.dbobj.SnpFKXRef">
		<Field name="RefKey" type="java.lang.String"><![CDATA[SNP_METHOD.42600]]></Field>
	<Field name="RefObjGlobalId" type="java.lang.String"><![CDATA[af727459-558a-31ab-823b-8483370e9af3]]></Field>
 <Field name="RefObjFQName" type="java.lang.String"><![CDATA[Package.Restore...]]></Field>
 <Field name="RefObjFQType" type="java.lang.String"><![CDATA[SNP_OBJECT.SNP_METHOD]]></Field>
 <Field name="RefObjFQNameLengths" type="java.lang.String"><![CDATA[7.10]]></Field>
</Object>
<Object class="com.sunopsis.dwg.dbobj.SnpFKXRef">
		<Field name="RefKey" type="java.lang.String"><![CDATA[SNP_METHOD.43500]]></Field>
	<Field name="RefObjGlobalId" type="java.lang.String"><![CDATA[df4f8eee-628e-3608-ab75-c67a69bac05e]]></Field>
 <Field name="RefObjFQName" type="java.lang.String"><![CDATA[Sequence.Create Version...]]></Field>
 <Field name="RefObjFQType" type="java.lang.String"><![CDATA[SNP_OBJECT.SNP_METHOD]]></Field>
 <Field name="RefObjFQNameLengths" type="java.lang.String"><![CDATA[8.17]]></Field>
</Object>
<Object class="com.sunopsis.dwg.dbobj.SnpFKXRef">
		<Field name="RefKey" type="java.lang.String"><![CDATA[SNP_METHOD.43600]]></Field>
	<Field name="RefObjGlobalId" type="java.lang.String"><![CDATA[7e8d9cf1-29d4-39e8-96ed-a1d2d14a0d1b]]></Field>
 <Field name="RefObjFQName" type="java.lang.String"><![CDATA[Sequence.Restore...]]></Field>
 <Field name="RefObjFQType" type="java.lang.String"><![CDATA[SNP_OBJECT.SNP_METHOD]]></Field>
 <Field name="RefObjFQNameLengths" type="java.lang.String"><![CDATA[8.10]]></Field>
</Object>
<Object class="com.sunopsis.dwg.dbobj.SnpFKXRef">
		<Field name="RefKey" type="java.lang.String"><![CDATA[SNP_METHOD.43400]]></Field>
	<Field name="RefObjGlobalId" type="java.lang.String"><![CDATA[811fab01-d4c6-3cc1-82ae-c1d99762c55f]]></Field>
 <Field name="RefObjFQName" type="java.lang.String"><![CDATA[Variable.Restore...]]></Field>
 <Field name="RefObjFQType" type="java.lang.String"><![CDATA[SNP_OBJECT.SNP_METHOD]]></Field>
 <Field name="RefObjFQNameLengths" type="java.lang.String"><![CDATA[8.10]]></Field>
</Object>
<Object class="com.sunopsis.dwg.dbobj.SnpFKXRef">
		<Field name="RefKey" type="java.lang.String"><![CDATA[SNP_METHOD.42700]]></Field>
	<Field name="RefObjGlobalId" type="java.lang.String"><![CDATA[75ab2c2c-16f9-37e6-aee7-6af62c9a3ead]]></Field>
 <Field name="RefObjFQName" type="java.lang.String"><![CDATA[Procedure.Create Version...]]></Field>
 <Field name="RefObjFQType" type="java.lang.String"><![CDATA[SNP_OBJECT.SNP_METHOD]]></Field>
 <Field name="RefObjFQNameLengths" type="java.lang.String"><![CDATA[9.17]]></Field>
</Object>
<Object class="com.sunopsis.dwg.dbobj.SnpFKXRef">
		<Field name="RefKey" type="java.lang.String"><![CDATA[SNP_METHOD.42800]]></Field>
	<Field name="RefObjGlobalId" type="java.lang.String"><![CDATA[5c06f843-7cc0-332e-aa62-1f735f184b66]]></Field>
 <Field name="RefObjFQName" type="java.lang.String"><![CDATA[Procedure.Restore...]]></Field>
 <Field name="RefObjFQType" type="java.lang.String"><![CDATA[SNP_OBJECT.SNP_METHOD]]></Field>
 <Field name="RefObjFQNameLengths" type="java.lang.String"><![CDATA[9.10]]></Field>
</Object>
<Object class="com.sunopsis.dwg.dbobj.SnpFKXRef">
		<Field name="RefKey" type="java.lang.String"><![CDATA[SNP_METHOD.44100]]></Field>
	<Field name="RefObjGlobalId" type="java.lang.String"><![CDATA[04141dfb-c0b5-3d6e-b241-93e3892b2334]]></Field>
 <Field name="RefObjFQName" type="java.lang.String"><![CDATA[Scenario.Create Version...]]></Field>
 <Field name="RefObjFQType" type="java.lang.String"><![CDATA[SNP_OBJECT.SNP_METHOD]]></Field>
 <Field name="RefObjFQNameLengths" type="java.lang.String"><![CDATA[8.17]]></Field>
</Object>
<Object class="com.sunopsis.dwg.dbobj.SnpFKXRef">
		<Field name="RefKey" type="java.lang.String"><![CDATA[SNP_METHOD.44200]]></Field>
	<Field name="RefObjGlobalId" type="java.lang.String"><![CDATA[b1dfcd69-d0bb-3def-a88b-6663e100fffd]]></Field>
 <Field name="RefObjFQName" type="java.lang.String"><![CDATA[Scenario.Restore...]]></Field>
 <Field name="RefObjFQType" type="java.lang.String"><![CDATA[SNP_OBJECT.SNP_METHOD]]></Field>
 <Field name="RefObjFQNameLengths" type="java.lang.String"><![CDATA[8.10]]></Field>
</Object>
<Object class="com.sunopsis.dwg.dbobj.SnpFKXRef">
		<Field name="RefKey" type="java.lang.String"><![CDATA[SNP_METHOD.43700]]></Field>
	<Field name="RefObjGlobalId" type="java.lang.String"><![CDATA[d731217b-5cb8-36cb-95df-cbcaa2cc6186]]></Field>
 <Field name="RefObjFQName" type="java.lang.String"><![CDATA[User Function.Create Version...]]></Field>
 <Field name="RefObjFQType" type="java.lang.String"><![CDATA[SNP_OBJECT.SNP_METHOD]]></Field>
 <Field name="RefObjFQNameLengths" type="java.lang.String"><![CDATA[13.17]]></Field>
</Object>
<Object class="com.sunopsis.dwg.dbobj.SnpFKXRef">
		<Field name="RefKey" type="java.lang.String"><![CDATA[SNP_METHOD.41000]]></Field>
	<Field name="RefObjGlobalId" type="java.lang.String"><![CDATA[9d84597d-1a4d-3876-8fee-0fd833690641]]></Field>
 <Field name="RefObjFQName" type="java.lang.String"><![CDATA[Label.New]]></Field>
 <Field name="RefObjFQType" type="java.lang.String"><![CDATA[SNP_OBJECT.SNP_METHOD]]></Field>
 <Field name="RefObjFQNameLengths" type="java.lang.String"><![CDATA[5.3]]></Field>
</Object>
<Object class="com.sunopsis.dwg.dbobj.SnpFKXRef">
		<Field name="RefKey" type="java.lang.String"><![CDATA[SNP_METHOD.41100]]></Field>
	<Field name="RefObjGlobalId" type="java.lang.String"><![CDATA[b92129a4-84fe-3d0f-8b9a-b8d2fd4fe59c]]></Field>
 <Field name="RefObjFQName" type="java.lang.String"><![CDATA[Label.Delete]]></Field>
 <Field name="RefObjFQType" type="java.lang.String"><![CDATA[SNP_OBJECT.SNP_METHOD]]></Field>
 <Field name="RefObjFQNameLengths" type="java.lang.String"><![CDATA[5.6]]></Field>
</Object>
<Object class="com.sunopsis.dwg.dbobj.SnpFKXRef">
		<Field name="RefKey" type="java.lang.String"><![CDATA[SNP_METHOD.41200]]></Field>
	<Field name="RefObjGlobalId" type="java.lang.String"><![CDATA[ae34600b-0a06-3a45-ab42-e4f0a732993c]]></Field>
 <Field name="RefObjFQName" type="java.lang.String"><![CDATA[Label.Edit...]]></Field>
 <Field name="RefObjFQType" type="java.lang.String"><![CDATA[SNP_OBJECT.SNP_METHOD]]></Field>
 <Field name="RefObjFQNameLengths" type="java.lang.String"><![CDATA[5.7]]></Field>
</Object>
<Object class="com.sunopsis.dwg.dbobj.SnpFKXRef">
		<Field name="RefKey" type="java.lang.String"><![CDATA[SNP_METHOD.41400]]></Field>
	<Field name="RefObjGlobalId" type="java.lang.String"><![CDATA[6e54b884-e04f-326e-b1f1-f23bf5506c0c]]></Field>
 <Field name="RefObjFQName" type="java.lang.String"><![CDATA[Label.View]]></Field>
 <Field name="RefObjFQType" type="java.lang.String"><![CDATA[SNP_OBJECT.SNP_METHOD]]></Field>
 <Field name="RefObjFQNameLengths" type="java.lang.String"><![CDATA[5.4]]></Field>
</Object>
<Object class="com.sunopsis.dwg.dbobj.SnpFKXRef">
		<Field name="RefKey" type="java.lang.String"><![CDATA[SNP_METHOD.41600]]></Field>
	<Field name="RefObjGlobalId" type="java.lang.String"><![CDATA[f6fd9dcf-fdf6-3d79-810b-a2b243a778c7]]></Field>
 <Field name="RefObjFQName" type="java.lang.String"><![CDATA[Label.Restore...]]></Field>
 <Field name="RefObjFQType" type="java.lang.String"><![CDATA[SNP_OBJECT.SNP_METHOD]]></Field>
 <Field name="RefObjFQNameLengths" type="java.lang.String"><![CDATA[5.10]]></Field>
</Object>
<Object class="com.sunopsis.dwg.dbobj.SnpFKXRef">
		<Field name="RefKey" type="java.lang.String"><![CDATA[SNP_METHOD.46700]]></Field>
	<Field name="RefObjGlobalId" type="java.lang.String"><![CDATA[36eb0774-0caa-3073-af85-9c4f034ef470]]></Field>
 <Field name="RefObjFQName" type="java.lang.String"><![CDATA[Label.Restore All Elements]]></Field>
 <Field name="RefObjFQType" type="java.lang.String"><![CDATA[SNP_OBJECT.SNP_METHOD]]></Field>
 <Field name="RefObjFQNameLengths" type="java.lang.String"><![CDATA[5.20]]></Field>
</Object>
<Object class="com.sunopsis.dwg.dbobj.SnpFKXRef">
		<Field name="RefKey" type="java.lang.String"><![CDATA[SNP_METHOD.46800]]></Field>
	<Field name="RefObjGlobalId" type="java.lang.String"><![CDATA[972e965c-cc68-3ee6-b4c4-6b1df37cdbca]]></Field>
 <Field name="RefObjFQName" type="java.lang.String"><![CDATA[Label.Export...]]></Field>
 <Field name="RefObjFQType" type="java.lang.String"><![CDATA[SNP_OBJECT.SNP_METHOD]]></Field>
 <Field name="RefObjFQNameLengths" type="java.lang.String"><![CDATA[5.9]]></Field>
</Object>
<Object class="com.sunopsis.dwg.dbobj.SnpFKXRef">
		<Field name="RefKey" type="java.lang.String"><![CDATA[SNP_METHOD.46900]]></Field>
	<Field name="RefObjGlobalId" type="java.lang.String"><![CDATA[ac031271-2a26-395f-9597-4149bfef8c11]]></Field>
 <Field name="RefObjFQName" type="java.lang.String"><![CDATA[Label.Import Label...]]></Field>
 <Field name="RefObjFQType" type="java.lang.String"><![CDATA[SNP_OBJECT.SNP_METHOD]]></Field>
 <Field name="RefObjFQNameLengths" type="java.lang.String"><![CDATA[5.15]]></Field>
</Object>
<Object class="com.sunopsis.dwg.dbobj.SnpFKXRef">
		<Field name="RefKey" type="java.lang.String"><![CDATA[SNP_METHOD.53400]]></Field>
	<Field name="RefObjGlobalId" type="java.lang.String"><![CDATA[b49bcc9b-96f1-32ab-b09f-2f7c2aaea36c]]></Field>
 <Field name="RefObjFQName" type="java.lang.String"><![CDATA[Version.Edit...]]></Field>
 <Field name="RefObjFQType" type="java.lang.String"><![CDATA[SNP_OBJECT.SNP_METHOD]]></Field>
 <Field name="RefObjFQNameLengths" type="java.lang.String"><![CDATA[7.7]]></Field>
</Object>
<Object class="com.sunopsis.dwg.dbobj.SnpFKXRef">
		<Field name="RefKey" type="java.lang.String"><![CDATA[SNP_METHOD.53500]]></Field>
	<Field name="RefObjGlobalId" type="java.lang.String"><![CDATA[d992971a-0257-311a-bd71-335ff9fc4528]]></Field>
 <Field name="RefObjFQName" type="java.lang.String"><![CDATA[Version.View]]></Field>
 <Field name="RefObjFQType" type="java.lang.String"><![CDATA[SNP_OBJECT.SNP_METHOD]]></Field>
 <Field name="RefObjFQNameLengths" type="java.lang.String"><![CDATA[7.4]]></Field>
</Object>
<Object class="com.sunopsis.dwg.dbobj.SnpFKXRef">
		<Field name="RefKey" type="java.lang.String"><![CDATA[SNP_METHOD.57900]]></Field>
	<Field name="RefObjGlobalId" type="java.lang.String"><![CDATA[553d7576-b7e5-3206-9a71-ce1425ed1fb8]]></Field>
 <Field name="RefObjFQName" type="java.lang.String"><![CDATA[Model Folder.Compare with Version...]]></Field>
 <Field name="RefObjFQType" type="java.lang.String"><![CDATA[SNP_OBJECT.SNP_METHOD]]></Field>
 <Field name="RefObjFQNameLengths" type="java.lang.String"><![CDATA[12.23]]></Field>
</Object>
<Object class="com.sunopsis.dwg.dbobj.SnpFKXRef">
		<Field name="RefKey" type="java.lang.String"><![CDATA[SNP_METHOD.57000]]></Field>
	<Field name="RefObjGlobalId" type="java.lang.String"><![CDATA[f959ba07-e3c8-3388-b182-27fb03e3bb7f]]></Field>
 <Field name="RefObjFQName" type="java.lang.String"><![CDATA[Model.Compare with Version...]]></Field>
 <Field name="RefObjFQType" type="java.lang.String"><![CDATA[SNP_OBJECT.SNP_METHOD]]></Field>
 <Field name="RefObjFQNameLengths" type="java.lang.String"><![CDATA[5.23]]></Field>
</Object>
<Object class="com.sunopsis.dwg.dbobj.SnpFKXRef">
		<Field name="RefKey" type="java.lang.String"><![CDATA[SNP_METHOD.56800]]></Field>
	<Field name="RefObjGlobalId" type="java.lang.String"><![CDATA[a7c1d9f4-3521-3853-8921-07a05414c478]]></Field>
 <Field name="RefObjFQName" type="java.lang.String"><![CDATA[Project.Compare with Version...]]></Field>
 <Field name="RefObjFQType" type="java.lang.String"><![CDATA[SNP_OBJECT.SNP_METHOD]]></Field>
 <Field name="RefObjFQNameLengths" type="java.lang.String"><![CDATA[7.23]]></Field>
</Object>
<Object class="com.sunopsis.dwg.dbobj.SnpFKXRef">
		<Field name="RefKey" type="java.lang.String"><![CDATA[SNP_METHOD.63800]]></Field>
	<Field name="RefObjGlobalId" type="java.lang.String"><![CDATA[36a4f9f2-32c4-45fa-82cf-94b1cfc66e79]]></Field>
 <Field name="RefObjFQName" type="java.lang.String"><![CDATA[Mapping.Compare with Version...]]></Field>
 <Field name="RefObjFQType" type="java.lang.String"><![CDATA[SNP_OBJECT.SNP_METHOD]]></Field>
 <Field name="RefObjFQNameLengths" type="java.lang.String"><![CDATA[7.23]]></Field>
</Object>
<Object class="com.sunopsis.dwg.dbobj.SnpFKXRef">
		<Field name="RefKey" type="java.lang.String"><![CDATA[SNP_METHOD.64000]]></Field>
	<Field name="RefObjGlobalId" type="java.lang.String"><![CDATA[3bdcaade-98e3-4335-b501-9c13dc4f8ae9]]></Field>
 <Field name="RefObjFQName" type="java.lang.String"><![CDATA[Mapping.Restore...]]></Field>
 <Field name="RefObjFQType" type="java.lang.String"><![CDATA[SNP_OBJECT.SNP_METHOD]]></Field>
 <Field name="RefObjFQNameLengths" type="java.lang.String"><![CDATA[7.10]]></Field>
</Object>
<Object class="com.sunopsis.dwg.dbobj.SnpFKXRef">
		<Field name="RefKey" type="java.lang.String"><![CDATA[SNP_METHOD.63900]]></Field>
	<Field name="RefObjGlobalId" type="java.lang.String"><![CDATA[c61d956e-7938-4f8e-9280-289b6c0df471]]></Field>
 <Field name="RefObjFQName" type="java.lang.String"><![CDATA[Mapping.Create Version...]]></Field>
 <Field name="RefObjFQType" type="java.lang.String"><![CDATA[SNP_OBJECT.SNP_METHOD]]></Field>
 <Field name="RefObjFQNameLengths" type="java.lang.String"><![CDATA[7.17]]></Field>
</Object>
<Object class="com.sunopsis.dwg.dbobj.SnpFKXRef">
		<Field name="RefKey" type="java.lang.String"><![CDATA[SNP_METHOD.62400]]></Field>
	<Field name="RefObjGlobalId" type="java.lang.String"><![CDATA[2198cb76-9433-4d57-b6bf-8e84f99bd1fa]]></Field>
 <Field name="RefObjFQName" type="java.lang.String"><![CDATA[Mapping.View]]></Field>
 <Field name="RefObjFQType" type="java.lang.String"><![CDATA[SNP_OBJECT.SNP_METHOD]]></Field>
 <Field name="RefObjFQNameLengths" type="java.lang.String"><![CDATA[7.4]]></Field>
</Object>
<Object class="com.sunopsis.dwg.dbobj.SnpFKXRef">
		<Field name="RefKey" type="java.lang.String"><![CDATA[SNP_METHOD.102800]]></Field>
	<Field name="RefObjGlobalId" type="java.lang.String"><![CDATA[365a08e6-3c12-43f9-bf52-b2767a9d7ea6]]></Field>
 <Field name="RefObjFQName" type="java.lang.String"><![CDATA[Session.Retrieve Log Data]]></Field>
 <Field name="RefObjFQType" type="java.lang.String"><![CDATA[SNP_OBJECT.SNP_METHOD]]></Field>
 <Field name="RefObjFQNameLengths" type="java.lang.String"><![CDATA[7.17]]></Field>
</Object>
<Object class="com.sunopsis.dwg.DwgExportSummary">
		<Field name="ExpTxtNb" type="com.sunopsis.sql.DbInt"><![CDATA[0]]></Field>
	<Field name="InstObjNb" type="com.sunopsis.sql.DbInt"><![CDATA[0]]></Field>
	<Field name="JoinColNb" type="com.sunopsis.sql.DbInt"><![CDATA[0]]></Field>
	<Field name="JoinNb" type="com.sunopsis.sql.DbInt"><![CDATA[0]]></Field>
	<Field name="KeyColNb" type="com.sunopsis.sql.DbInt"><![CDATA[0]]></Field>
	<Field name="KeyNb" type="com.sunopsis.sql.DbInt"><![CDATA[0]]></Field>
	<Field name="LinkDiagNb" type="com.sunopsis.sql.DbInt"><![CDATA[0]]></Field>
	<Field name="MorigTxtNb" type="com.sunopsis.sql.DbInt"><![CDATA[0]]></Field>
	<Field name="MtxtNb" type="com.sunopsis.sql.DbInt"><![CDATA[0]]></Field>
	<Field name="OrigTxtNb" type="com.sunopsis.sql.DbInt"><![CDATA[0]]></Field>
	<Field name="OtherObjectsNb" type="com.sunopsis.sql.DbInt"><![CDATA[70]]></Field>
	<Field name="PlanAgentNb" type="com.sunopsis.sql.DbInt"><![CDATA[0]]></Field>
	<Field name="StepNb" type="com.sunopsis.sql.DbInt"><![CDATA[0]]></Field>
	<Field name="TxtNb" type="com.sunopsis.sql.DbInt"><![CDATA[0]]></Field>
	<Field name="UeOrigNb" type="com.sunopsis.sql.DbInt"><![CDATA[0]]></Field>
	<Field name="UeUsedNb" type="com.sunopsis.sql.DbInt"><![CDATA[0]]></Field>
	<Field name="VarPlanAgentNb" type="com.sunopsis.sql.DbInt"><![CDATA[0]]></Field>
	<Field name="ScenTxtNb" type="com.sunopsis.sql.DbInt"><![CDATA[0]]></Field>
	<Field name="OdiVersion" type="java.lang.String"><![CDATA[12.2.1]]></Field>
	<Field name="OriginRepositoryID" type="com.sunopsis.sql.DbInt"><![CDATA[0]]></Field>
	<Field name="RepositoryVersion" type="java.lang.String"><![CDATA[05.02.02.04]]></Field>
</Object>
</SunopsisExport>
