<?xml version="1.0" encoding="UTF-8"?>
<SunopsisExport>
<Admin RepositoryVersion="05.02.02.04" IsLegacyIdCompatible="false" />
<Encryption algorithm="AES" keyLength="128" exportKeyHash="zhSqRVzKVi4PcQuQH1IzUwPs1VomgJQcndEVt3XjuUI=" keyVect="tPK0LVb0QR2jcGHyJrW+aA==" exportKeySalt="58911fa1-6345-4e62-9588-baaec664727a" containsCipherText="false"/>
<Object class="com.sunopsis.dwg.dbobj.SnpGrpAction">
		<Field name="FirstDate" type="java.sql.Timestamp"><![CDATA[2016-10-28 12:43:18.0]]></Field>
	<Field name="FirstUser" type="java.lang.String"><![CDATA[SUNOPSIS_INSTALL]]></Field>
	<Field name="GlobalId" type="java.lang.String"><![CDATA[7d6f5bfa-a701-3bc4-93c9-649e68b77e47]]></Field>
	<Field name="GrpCode" type="java.lang.String"><![CDATA[ORACLE_DEFAULT]]></Field>
	<Field name="GrpName" type="java.lang.String"><![CDATA[Oracle Default]]></Field>
	<Field name="IndDefault" type="java.lang.String"><![CDATA[1]]></Field>
	<Field name="IGrpAction" type="com.sunopsis.sql.DbInt"><![CDATA[2]]></Field>
	<Field name="ITechno" type="com.sunopsis.sql.DbInt"><![CDATA[2]]></Field>
	<Field name="ITxtDesc" type="com.sunopsis.sql.DbInt"><![CDATA[null]]></Field>
	<Field name="LastDate" type="java.sql.Timestamp"><![CDATA[2016-10-28 12:43:18.0]]></Field>
	<Field name="LastUser" type="java.lang.String"><![CDATA[SUNOPSIS_INSTALL]]></Field>
</Object>
<Object class="com.sunopsis.dwg.dbobj.SnpAction">
		<Field name="ActionName" type="java.lang.String"><![CDATA[Drop Table]]></Field>
	<Field name="ActionType" type="com.sunopsis.sql.DbInt"><![CDATA[16]]></Field>
	<Field name="FirstDate" type="java.sql.Timestamp"><![CDATA[2016-10-28 12:43:18.0]]></Field>
	<Field name="FirstUser" type="java.lang.String"><![CDATA[SUNOPSIS_INSTALL]]></Field>
	<Field name="GlobalId" type="java.lang.String"><![CDATA[2ae936ad-434e-3acf-824a-1601fcecc158]]></Field>
	<Field name="IAction" type="com.sunopsis.sql.DbInt"><![CDATA[3]]></Field>
	<Field name="IGrpAction" type="com.sunopsis.sql.DbInt"><![CDATA[2]]></Field>
	<Field name="ITxtDesc" type="com.sunopsis.sql.DbInt"><![CDATA[17]]></Field>
	<Field name="LastDate" type="java.sql.Timestamp"><![CDATA[2016-10-28 12:43:18.0]]></Field>
	<Field name="LastUser" type="java.lang.String"><![CDATA[SUNOPSIS_INSTALL]]></Field>
</Object>
<Object class="com.sunopsis.dwg.dbobj.SnpLineAction">
		<Field name="ConnectId" type="java.lang.String">null</Field>
	<Field name="FirstDate" type="java.sql.Timestamp"><![CDATA[2016-10-28 12:43:18.0]]></Field>
	<Field name="FirstUser" type="java.lang.String"><![CDATA[SUNOPSIS_INSTALL]]></Field>
	<Field name="GlobalId" type="java.lang.String"><![CDATA[e157d2eb-b0cb-32ef-ac98-7d0ab761a626]]></Field>
	<Field name="IgnoreError" type="java.lang.String"><![CDATA[0]]></Field>
	<Field name="IndCommit" type="java.lang.String"><![CDATA[0]]></Field>
	<Field name="IndLogMethod" type="java.lang.String">null</Field>
	<Field name="IndLogNb" type="java.lang.String"><![CDATA[3]]></Field>
	<Field name="IsolLevel" type="java.lang.String">null</Field>
	<Field name="IAction" type="com.sunopsis.sql.DbInt"><![CDATA[3]]></Field>
	<Field name="ITxtAction" type="com.sunopsis.sql.DbInt"><![CDATA[16]]></Field>
	<Field name="LastDate" type="java.sql.Timestamp"><![CDATA[2016-10-28 12:43:18.0]]></Field>
	<Field name="LastUser" type="java.lang.String"><![CDATA[SUNOPSIS_INSTALL]]></Field>
	<Field name="LineActionName" type="java.lang.String"><![CDATA[Drop Table]]></Field>
	<Field name="OrdAction" type="com.sunopsis.sql.DbInt"><![CDATA[30]]></Field>
</Object>
<Object class="com.sunopsis.dwg.dbobj.SnpMtxt">
		<Field name="Enc" type="java.lang.String">null</Field>
	<Field name="EncKey" type="java.lang.String">null</Field>
	<Field name="EncKeyVect" type="java.lang.String">null</Field>
	<Field name="FullTxt" type="java.lang.String"><![CDATA[drop  table <%=odiRef.getTable("L", "TARG_NAME", "A") %>  cascade constraints
]]></Field>
	<Field name="GlobalId" type="java.lang.String"><![CDATA[e1558c9e-8d58-319e-97c8-a06d23967eeb]]></Field>
	<Field name="ITxt" type="com.sunopsis.sql.DbInt"><![CDATA[16]]></Field>
	<Field name="ITxtOrig" type="com.sunopsis.sql.DbInt"><![CDATA[2]]></Field>
	<Field name="Txt" type="java.lang.String"><![CDATA[drop  table <%=odiRef.getTable("L", "TARG_NAME", "A") %>  cascade constraints
]]></Field>
</Object>
<Object class="com.sunopsis.dwg.dbobj.SnpMtxt">
		<Field name="Enc" type="java.lang.String">null</Field>
	<Field name="EncKey" type="java.lang.String">null</Field>
	<Field name="EncKeyVect" type="java.lang.String">null</Field>
	<Field name="FullTxt" type="java.lang.String"><![CDATA[Author: Sunopsis
Version: 4.0
Last Update: OCT-2005

Description :
Drops a table

Restrictions:
]]></Field>
	<Field name="GlobalId" type="java.lang.String"><![CDATA[7a4e3f9b-a262-368d-81fa-6455ee8dff79]]></Field>
	<Field name="ITxt" type="com.sunopsis.sql.DbInt"><![CDATA[17]]></Field>
	<Field name="ITxtOrig" type="com.sunopsis.sql.DbInt"><![CDATA[1]]></Field>
	<Field name="Txt" type="java.lang.String"><![CDATA[Author: Sunopsis
Version: 4.0
Last Update: OCT-2005

Description :
Drops a table

Restrictions:
]]></Field>
</Object>
<Object class="com.sunopsis.dwg.dbobj.SnpAction">
		<Field name="ActionName" type="java.lang.String"><![CDATA[Modify Column Attributes]]></Field>
	<Field name="ActionType" type="com.sunopsis.sql.DbInt"><![CDATA[8]]></Field>
	<Field name="FirstDate" type="java.sql.Timestamp"><![CDATA[2016-10-28 12:43:18.0]]></Field>
	<Field name="FirstUser" type="java.lang.String"><![CDATA[SUNOPSIS_INSTALL]]></Field>
	<Field name="GlobalId" type="java.lang.String"><![CDATA[f04478a5-4e4a-3451-8464-a417dccfc2c0]]></Field>
	<Field name="IAction" type="com.sunopsis.sql.DbInt"><![CDATA[4]]></Field>
	<Field name="IGrpAction" type="com.sunopsis.sql.DbInt"><![CDATA[2]]></Field>
	<Field name="ITxtDesc" type="com.sunopsis.sql.DbInt"><![CDATA[19]]></Field>
	<Field name="LastDate" type="java.sql.Timestamp"><![CDATA[2016-10-28 12:43:18.0]]></Field>
	<Field name="LastUser" type="java.lang.String"><![CDATA[SUNOPSIS_INSTALL]]></Field>
</Object>
<Object class="com.sunopsis.dwg.dbobj.SnpLineAction">
		<Field name="ConnectId" type="java.lang.String">null</Field>
	<Field name="FirstDate" type="java.sql.Timestamp"><![CDATA[2016-10-28 12:43:18.0]]></Field>
	<Field name="FirstUser" type="java.lang.String"><![CDATA[SUNOPSIS_INSTALL]]></Field>
	<Field name="GlobalId" type="java.lang.String"><![CDATA[2003d7f3-5e92-31aa-9b8b-77022cc838bd]]></Field>
	<Field name="IgnoreError" type="java.lang.String"><![CDATA[0]]></Field>
	<Field name="IndCommit" type="java.lang.String"><![CDATA[0]]></Field>
	<Field name="IndLogMethod" type="java.lang.String">null</Field>
	<Field name="IndLogNb" type="java.lang.String"><![CDATA[3]]></Field>
	<Field name="IsolLevel" type="java.lang.String">null</Field>
	<Field name="IAction" type="com.sunopsis.sql.DbInt"><![CDATA[4]]></Field>
	<Field name="ITxtAction" type="com.sunopsis.sql.DbInt"><![CDATA[18]]></Field>
	<Field name="LastDate" type="java.sql.Timestamp"><![CDATA[2016-10-28 12:43:18.0]]></Field>
	<Field name="LastUser" type="java.lang.String"><![CDATA[SUNOPSIS_INSTALL]]></Field>
	<Field name="LineActionName" type="java.lang.String"><![CDATA[Modify Column Attributes]]></Field>
	<Field name="OrdAction" type="com.sunopsis.sql.DbInt"><![CDATA[0]]></Field>
</Object>
<Object class="com.sunopsis.dwg.dbobj.SnpMtxt">
		<Field name="Enc" type="java.lang.String">null</Field>
	<Field name="EncKey" type="java.lang.String">null</Field>
	<Field name="EncKeyVect" type="java.lang.String">null</Field>
	<Field name="FullTxt" type="java.lang.String"><![CDATA[<%if (odiRef.isColAttrChanged("NULL"))
{%>    
alter table <%= odiRef.getTable("L", "TARG_NAME", "A") %>   modify <%= odiRef.getColumn("[COL_NAME] [DEST_CRE_DT] [DEFAULT_CLAUSE] [MANDATORY_CLAUSE]","NEW") %> 
<% } else { %>    
alter table <%= odiRef.getTable("L", "TARG_NAME", "A") %>   modify <%= odiRef.getColumn("[COL_NAME] [DEST_CRE_DT] [DEFAULT_CLAUSE]","NEW") %>
<%}%> 
]]></Field>
	<Field name="GlobalId" type="java.lang.String"><![CDATA[21e5dba6-0b95-395c-99e7-e4150a29850f]]></Field>
	<Field name="ITxt" type="com.sunopsis.sql.DbInt"><![CDATA[18]]></Field>
	<Field name="ITxtOrig" type="com.sunopsis.sql.DbInt"><![CDATA[2]]></Field>
	<Field name="Txt" type="java.lang.String"><![CDATA[<%if (odiRef.isColAttrChanged("NULL"))
{%>    
alter table <%= odiRef.getTable("L", "TARG_NAME", "A") %>   modify <%= odiRef.getColumn("[COL_NAME] [DEST_CRE_DT] [DEFAULT_CLAUSE] [MANDATORY_CLAUSE]","NEW") %> 
<% } else { %>    
alter table <%= odiRef.getTable("L", "TARG_NAME", "A") %>   modify <%= odiRef.getColumn("[COL_NAME] [DEST_CRE_DT] [DEFAULT_CLAUSE]","NEW") %>
<%}%> 
]]></Field>
</Object>
<Object class="com.sunopsis.dwg.dbobj.SnpMtxt">
		<Field name="Enc" type="java.lang.String">null</Field>
	<Field name="EncKey" type="java.lang.String">null</Field>
	<Field name="EncKeyVect" type="java.lang.String">null</Field>
	<Field name="FullTxt" type="java.lang.String"><![CDATA[Author: Sunopsis
Version: 4.0
Last Update: OCT-2005

Description :
Modify a column attributes

Restrictions:
]]></Field>
	<Field name="GlobalId" type="java.lang.String"><![CDATA[8a2077f6-9834-3945-89a7-b10e535c9f38]]></Field>
	<Field name="ITxt" type="com.sunopsis.sql.DbInt"><![CDATA[19]]></Field>
	<Field name="ITxtOrig" type="com.sunopsis.sql.DbInt"><![CDATA[1]]></Field>
	<Field name="Txt" type="java.lang.String"><![CDATA[Author: Sunopsis
Version: 4.0
Last Update: OCT-2005

Description :
Modify a column attributes

Restrictions:
]]></Field>
</Object>
<Object class="com.sunopsis.dwg.dbobj.SnpFKXRef">
		<Field name="RefKey" type="java.lang.String"><![CDATA[SNP_TECHNO.2]]></Field>
	<Field name="RefObjGlobalId" type="java.lang.String"><![CDATA[e9120718-5b1e-3e9c-b3b9-28317b288494]]></Field>
 <Field name="RefObjFQName" type="java.lang.String"><![CDATA[Oracle]]></Field>
 <Field name="RefObjFQType" type="java.lang.String"><![CDATA[SNP_TECHNO]]></Field>
 <Field name="RefObjFQNameLengths" type="java.lang.String"><![CDATA[6]]></Field>
</Object>
<Object class="com.sunopsis.dwg.dbobj.SnpFKXRef">
		<Field name="RefKey" type="java.lang.String"><![CDATA[SNP_GRPACTION.2]]></Field>
	<Field name="RefObjGlobalId" type="java.lang.String"><![CDATA[7d6f5bfa-a701-3bc4-93c9-649e68b77e47]]></Field>
 <Field name="RefObjFQName" type="java.lang.String"><![CDATA[Oracle.Oracle Default]]></Field>
 <Field name="RefObjFQType" type="java.lang.String"><![CDATA[SNP_TECHNO.SNP_GRPACTION]]></Field>
 <Field name="RefObjFQNameLengths" type="java.lang.String"><![CDATA[6.14]]></Field>
</Object>
<Object class="com.sunopsis.dwg.dbobj.SnpFKXRef">
		<Field name="RefKey" type="java.lang.String"><![CDATA[SNP_MTXT.17]]></Field>
	<Field name="RefObjGlobalId" type="java.lang.String"><![CDATA[7a4e3f9b-a262-368d-81fa-6455ee8dff79]]></Field>
 <Field name="RefObjFQName" type="java.lang.String">null</Field>
 <Field name="RefObjFQType" type="java.lang.String">null</Field>
 <Field name="RefObjFQNameLengths" type="java.lang.String">null</Field>
</Object>
<Object class="com.sunopsis.dwg.dbobj.SnpFKXRef">
		<Field name="RefKey" type="java.lang.String"><![CDATA[SNP_ACTION.3]]></Field>
	<Field name="RefObjGlobalId" type="java.lang.String"><![CDATA[2ae936ad-434e-3acf-824a-1601fcecc158]]></Field>
 <Field name="RefObjFQName" type="java.lang.String"><![CDATA[Oracle.Oracle Default.Drop Table]]></Field>
 <Field name="RefObjFQType" type="java.lang.String"><![CDATA[SNP_TECHNO.SNP_GRPACTION.SNP_ACTION]]></Field>
 <Field name="RefObjFQNameLengths" type="java.lang.String"><![CDATA[6.14.10]]></Field>
</Object>
<Object class="com.sunopsis.dwg.dbobj.SnpFKXRef">
		<Field name="RefKey" type="java.lang.String"><![CDATA[SNP_MTXT.16]]></Field>
	<Field name="RefObjGlobalId" type="java.lang.String"><![CDATA[e1558c9e-8d58-319e-97c8-a06d23967eeb]]></Field>
 <Field name="RefObjFQName" type="java.lang.String">null</Field>
 <Field name="RefObjFQType" type="java.lang.String">null</Field>
 <Field name="RefObjFQNameLengths" type="java.lang.String">null</Field>
</Object>
<Object class="com.sunopsis.dwg.dbobj.SnpFKXRef">
		<Field name="RefKey" type="java.lang.String"><![CDATA[SNP_MTXT.19]]></Field>
	<Field name="RefObjGlobalId" type="java.lang.String"><![CDATA[8a2077f6-9834-3945-89a7-b10e535c9f38]]></Field>
 <Field name="RefObjFQName" type="java.lang.String">null</Field>
 <Field name="RefObjFQType" type="java.lang.String">null</Field>
 <Field name="RefObjFQNameLengths" type="java.lang.String">null</Field>
</Object>
<Object class="com.sunopsis.dwg.dbobj.SnpFKXRef">
		<Field name="RefKey" type="java.lang.String"><![CDATA[SNP_ACTION.4]]></Field>
	<Field name="RefObjGlobalId" type="java.lang.String"><![CDATA[f04478a5-4e4a-3451-8464-a417dccfc2c0]]></Field>
 <Field name="RefObjFQName" type="java.lang.String"><![CDATA[Oracle.Oracle Default.Modify Column Attributes]]></Field>
 <Field name="RefObjFQType" type="java.lang.String"><![CDATA[SNP_TECHNO.SNP_GRPACTION.SNP_ACTION]]></Field>
 <Field name="RefObjFQNameLengths" type="java.lang.String"><![CDATA[6.14.24]]></Field>
</Object>
<Object class="com.sunopsis.dwg.dbobj.SnpFKXRef">
		<Field name="RefKey" type="java.lang.String"><![CDATA[SNP_MTXT.18]]></Field>
	<Field name="RefObjGlobalId" type="java.lang.String"><![CDATA[21e5dba6-0b95-395c-99e7-e4150a29850f]]></Field>
 <Field name="RefObjFQName" type="java.lang.String">null</Field>
 <Field name="RefObjFQType" type="java.lang.String">null</Field>
 <Field name="RefObjFQNameLengths" type="java.lang.String">null</Field>
</Object>
<Object class="com.sunopsis.dwg.DwgExportSummary">
		<Field name="ExpTxtNb" type="com.sunopsis.sql.DbInt"><![CDATA[0]]></Field>
	<Field name="InstObjNb" type="com.sunopsis.sql.DbInt"><![CDATA[0]]></Field>
	<Field name="JoinColNb" type="com.sunopsis.sql.DbInt"><![CDATA[0]]></Field>
	<Field name="JoinNb" type="com.sunopsis.sql.DbInt"><![CDATA[0]]></Field>
	<Field name="KeyColNb" type="com.sunopsis.sql.DbInt"><![CDATA[0]]></Field>
	<Field name="KeyNb" type="com.sunopsis.sql.DbInt"><![CDATA[0]]></Field>
	<Field name="LinkDiagNb" type="com.sunopsis.sql.DbInt"><![CDATA[0]]></Field>
	<Field name="MorigTxtNb" type="com.sunopsis.sql.DbInt"><![CDATA[0]]></Field>
	<Field name="MtxtNb" type="com.sunopsis.sql.DbInt"><![CDATA[4]]></Field>
	<Field name="OrigTxtNb" type="com.sunopsis.sql.DbInt"><![CDATA[0]]></Field>
	<Field name="OtherObjectsNb" type="com.sunopsis.sql.DbInt"><![CDATA[5]]></Field>
	<Field name="PlanAgentNb" type="com.sunopsis.sql.DbInt"><![CDATA[0]]></Field>
	<Field name="StepNb" type="com.sunopsis.sql.DbInt"><![CDATA[0]]></Field>
	<Field name="TxtNb" type="com.sunopsis.sql.DbInt"><![CDATA[0]]></Field>
	<Field name="UeOrigNb" type="com.sunopsis.sql.DbInt"><![CDATA[0]]></Field>
	<Field name="UeUsedNb" type="com.sunopsis.sql.DbInt"><![CDATA[0]]></Field>
	<Field name="VarPlanAgentNb" type="com.sunopsis.sql.DbInt"><![CDATA[0]]></Field>
	<Field name="ScenTxtNb" type="com.sunopsis.sql.DbInt"><![CDATA[0]]></Field>
	<Field name="OdiVersion" type="java.lang.String"><![CDATA[12.2.1]]></Field>
	<Field name="OriginRepositoryID" type="com.sunopsis.sql.DbInt"><![CDATA[0]]></Field>
	<Field name="RepositoryVersion" type="java.lang.String"><![CDATA[05.02.02.04]]></Field>
</Object>
</SunopsisExport>
