<?xml version="1.0" encoding="UTF-8"?>
<SunopsisExport>
<Admin RepositoryVersion="05.02.02.04" IsLegacyIdCompatible="false" />
<Encryption algorithm="AES" keyLength="128" exportKeyHash="GWy4m1I0HZmGuqbW20lnjMh+EyLPX/2uVjwuBE7B+b0=" keyVect="s5pg5ItHQMue+Q8Exhb5kQ==" exportKeySalt="2c741dc2-5b51-4612-85bb-3f2277ffb94c" containsCipherText="false"/>
<Object class="com.sunopsis.dwg.dbobj.SnpMapping">
		<Field name="BusinessName" type="java.lang.String">null</Field>
	<Field name="Descript" type="java.lang.String">null</Field>
	<Field name="Description" type="java.lang.String">null</Field>
	<Field name="ExtVersion" type="java.lang.String">null</Field>
	<Field name="FirstDate" type="java.sql.Timestamp"><![CDATA[2019-01-11 06:37:57.0]]></Field>
	<Field name="FirstUser" type="java.lang.String"><![CDATA[SUPERVISOR]]></Field>
	<Field name="GlobalId" type="java.lang.String"><![CDATA[3dd5edc7-6606-4670-adb0-c7b2f0a47829]]></Field>
	<Field name="IndChange" type="java.lang.String"><![CDATA[U]]></Field>
	<Field name="IntVersion" type="com.sunopsis.sql.DbInt"><![CDATA[3]]></Field>
	<Field name="IsReusable" type="java.lang.String"><![CDATA[N]]></Field>
	<Field name="IContextMapRef" type="com.sunopsis.sql.DbInt"><![CDATA[null]]></Field>
	<Field name="IFolder" type="com.sunopsis.sql.DbInt"><![CDATA[11]]></Field>
	<Field name="IMapping" type="com.sunopsis.sql.DbInt"><![CDATA[1]]></Field>
	<Field name="IProject" type="com.sunopsis.sql.DbInt"><![CDATA[null]]></Field>
	<Field name="IScBaseMapping" type="com.sunopsis.sql.DbInt"><![CDATA[null]]></Field>
	<Field name="IScMapping" type="com.sunopsis.sql.DbInt"><![CDATA[null]]></Field>
	<Field name="IScOrigMapping" type="com.sunopsis.sql.DbInt"><![CDATA[null]]></Field>
	<Field name="LastDate" type="java.sql.Timestamp"><![CDATA[2019-01-11 06:39:14.0]]></Field>
	<Field name="LastUser" type="java.lang.String"><![CDATA[SUPERVISOR]]></Field>
	<Field name="MetadataVersion" type="java.lang.String"><![CDATA[12]]></Field>
	<Field name="Name" type="java.lang.String"><![CDATA[New_Mapping]]></Field>
	<Field name="PropValues" type="java.lang.String">null</Field>
	<Field name="ScOrigMappingTag" type="java.lang.String">null</Field>
</Object>
<Object class="com.sunopsis.dwg.dbobj.SnpMapRef">
		<Field name="AdapterIntfType" type="java.lang.String"><![CDATA[IContext]]></Field>
	<Field name="AdapterName" type="java.lang.String"><![CDATA[ODI]]></Field>
	<Field name="BusinessName" type="java.lang.String">null</Field>
	<Field name="Description" type="java.lang.String">null</Field>
	<Field name="FcoGuid" type="java.lang.String">null</Field>
	<Field name="FcoQualifiedName" type="java.lang.String">null</Field>
	<Field name="FcoQualifiedName2" type="java.lang.String">null</Field>
	<Field name="FcoQualifiedName3" type="java.lang.String">null</Field>
	<Field name="FirstDate" type="java.sql.Timestamp">null</Field>
	<Field name="FirstUser" type="java.lang.String">null</Field>
	<Field name="GlobalId" type="java.lang.String"><![CDATA[86abdb52-ef2c-48a2-9128-e6c26c12c1af]]></Field>
	<Field name="IndChange" type="java.lang.String">null</Field>
	<Field name="IntVersion" type="com.sunopsis.sql.DbInt"><![CDATA[null]]></Field>
	<Field name="IFcoId" type="com.sunopsis.sql.DbInt"><![CDATA[null]]></Field>
	<Field name="IMapRef" type="com.sunopsis.sql.DbInt"><![CDATA[1]]></Field>
	<Field name="IOwnerMapping" type="com.sunopsis.sql.DbInt"><![CDATA[1]]></Field>
	<Field name="IRefId" type="com.sunopsis.sql.DbInt"><![CDATA[2]]></Field>
	<Field name="IScId" type="com.sunopsis.sql.DbInt"><![CDATA[null]]></Field>
	<Field name="LastDate" type="java.sql.Timestamp">null</Field>
	<Field name="LastUser" type="java.lang.String">null</Field>
	<Field name="Name" type="java.lang.String">null</Field>
	<Field name="QualifiedName" type="java.lang.String"><![CDATA[GLOBAL]]></Field>
	<Field name="QualifiedName2" type="java.lang.String">null</Field>
	<Field name="QualifiedName3" type="java.lang.String">null</Field>
	<Field name="RefCount" type="com.sunopsis.sql.DbInt"><![CDATA[1]]></Field>
	<Field name="RefGuid" type="java.lang.String"><![CDATA[af79390f-548b-3f6e-b5dc-b152c271c701]]></Field>
	<Field name="ScGuid" type="java.lang.String">null</Field>
</Object>
<Object class="com.sunopsis.dwg.dbobj.SnpDeploySpec">
		<Field name="BusinessName" type="java.lang.String">null</Field>
	<Field name="CleanupOnError" type="java.lang.String"><![CDATA[0]]></Field>
	<Field name="Descript" type="java.lang.String">null</Field>
	<Field name="Description" type="java.lang.String">null</Field>
	<Field name="GlobalId" type="java.lang.String"><![CDATA[f11911f6-24b4-48a4-a3c2-4859acdf1fe6]]></Field>
	<Field name="IsConcurrent" type="java.lang.String"><![CDATA[0]]></Field>
	<Field name="IsFrozen" type="java.lang.String"><![CDATA[0]]></Field>
	<Field name="IDeploySpec" type="com.sunopsis.sql.DbInt"><![CDATA[1]]></Field>
	<Field name="IMapRef" type="com.sunopsis.sql.DbInt"><![CDATA[1]]></Field>
	<Field name="IOwnerMapping" type="com.sunopsis.sql.DbInt"><![CDATA[1]]></Field>
	<Field name="LogStagelocName" type="java.lang.String">null</Field>
	<Field name="Name" type="java.lang.String"><![CDATA[Physical]]></Field>
	<Field name="SyncReqd" type="java.lang.String"><![CDATA[1]]></Field>
</Object>
<Object class="com.sunopsis.dwg.dbobj.SnpScen">
		<Field name="CecSessBehavior" type="java.lang.String"><![CDATA[E]]></Field>
	<Field name="CecSessPollIntv" type="com.sunopsis.sql.DbInt"><![CDATA[null]]></Field>
	<Field name="ExtVersion" type="java.lang.String">null</Field>
	<Field name="FirstDate" type="java.sql.Timestamp"><![CDATA[2019-01-11 06:39:15.0]]></Field>
	<Field name="FirstUser" type="java.lang.String"><![CDATA[SUPERVISOR]]></Field>
	<Field name="GlobalId" type="java.lang.String"><![CDATA[a76f0448-e5aa-4c1e-9048-d74850e11aaf]]></Field>
	<Field name="IndChange" type="java.lang.String"><![CDATA[I]]></Field>
	<Field name="IndPromptParam" type="java.lang.String">null</Field>
	<Field name="IntVersion" type="com.sunopsis.sql.DbInt"><![CDATA[1]]></Field>
	<Field name="IsMaterialized" type="java.lang.String"><![CDATA[0]]></Field>
	<Field name="IDeploySpec" type="com.sunopsis.sql.DbInt"><![CDATA[1]]></Field>
	<Field name="IMapping" type="com.sunopsis.sql.DbInt"><![CDATA[1]]></Field>
	<Field name="IPackage" type="com.sunopsis.sql.DbInt"><![CDATA[null]]></Field>
	<Field name="IPop" type="com.sunopsis.sql.DbInt"><![CDATA[null]]></Field>
	<Field name="IScenFolder" type="com.sunopsis.sql.DbInt"><![CDATA[null]]></Field>
	<Field name="ITrt" type="com.sunopsis.sql.DbInt"><![CDATA[null]]></Field>
	<Field name="ITxtScen" type="com.sunopsis.sql.DbInt"><![CDATA[null]]></Field>
	<Field name="IVar" type="com.sunopsis.sql.DbInt"><![CDATA[null]]></Field>
	<Field name="LastDate" type="java.sql.Timestamp"><![CDATA[2019-01-11 06:39:15.0]]></Field>
	<Field name="LastUser" type="java.lang.String"><![CDATA[SUPERVISOR]]></Field>
	<Field name="MaxCecSess" type="com.sunopsis.sql.DbInt"><![CDATA[null]]></Field>
	<Field name="RepGuid" type="java.lang.String">null</Field>
	<Field name="RepVersion" type="java.lang.String">null</Field>
	<Field name="RestartType" type="java.lang.String">null</Field>
	<Field name="ScenName" type="java.lang.String"><![CDATA[NEW_MAPPING]]></Field>
	<Field name="ScenNo" type="com.sunopsis.sql.DbInt"><![CDATA[225]]></Field>
	<Field name="ScenSnapshotNo" type="com.sunopsis.sql.DbInt"><![CDATA[1]]></Field>
	<Field name="ScenVersion" type="java.lang.String"><![CDATA[001]]></Field>
	<Field name="VLastDate" type="java.sql.Timestamp">null</Field>
</Object>
<Object class="com.sunopsis.dwg.dbobj.SnpScenStep">
		<Field name="BrpId" type="com.sunopsis.sql.DbInt"><![CDATA[null]]></Field>
	<Field name="CleanupOnError" type="java.lang.String"><![CDATA[0]]></Field>
	<Field name="ContextCode" type="java.lang.String">null</Field>
	<Field name="FContextCode" type="java.lang.String">null</Field>
	<Field name="GenInfo" type="java.lang.String"><![CDATA[<map-generation-info/>]]></Field>
	<Field name="GlobalId" type="java.lang.String"><![CDATA[f9158156-1ec8-4e70-bee7-eeb28064913f]]></Field>
	<Field name="IndLogMethod" type="java.lang.String"><![CDATA[Y]]></Field>
	<Field name="ITxtVarValue" type="com.sunopsis.sql.DbInt"><![CDATA[null]]></Field>
	<Field name="JagentLschemaName" type="java.lang.String">null</Field>
	<Field name="KoExit" type="java.lang.String"><![CDATA[0]]></Field>
	<Field name="KoExitCode" type="java.lang.String">null</Field>
	<Field name="KoNextStep" type="com.sunopsis.sql.DbInt"><![CDATA[null]]></Field>
	<Field name="KoRetry" type="com.sunopsis.sql.DbInt"><![CDATA[0]]></Field>
	<Field name="KoRetryInterv" type="com.sunopsis.sql.DbInt"><![CDATA[0]]></Field>
	<Field name="LschemaName" type="java.lang.String">null</Field>
	<Field name="MaxErr" type="com.sunopsis.sql.DbInt"><![CDATA[null]]></Field>
	<Field name="MaxErrPrct" type="java.lang.String"><![CDATA[0]]></Field>
	<Field name="ModCode" type="java.lang.String">null</Field>
	<Field name="Nno" type="com.sunopsis.sql.DbInt"><![CDATA[10]]></Field>
	<Field name="OkExit" type="java.lang.String"><![CDATA[0]]></Field>
	<Field name="OkExitCode" type="java.lang.String"><![CDATA[0]]></Field>
	<Field name="OkNextStep" type="com.sunopsis.sql.DbInt"><![CDATA[null]]></Field>
	<Field name="ResName" type="java.lang.String">null</Field>
	<Field name="ScenNo" type="com.sunopsis.sql.DbInt"><![CDATA[225]]></Field>
	<Field name="StepName" type="java.lang.String"><![CDATA[Physical_STEP]]></Field>
	<Field name="StepType" type="java.lang.String"><![CDATA[M]]></Field>
	<Field name="TableName" type="java.lang.String">null</Field>
	<Field name="VarIncr" type="com.sunopsis.sql.DbInt"><![CDATA[null]]></Field>
	<Field name="VarLongValue" type="java.lang.String">null</Field>
	<Field name="VarName" type="java.lang.String">null</Field>
	<Field name="VarOp" type="java.lang.String">null</Field>
</Object>
<Object class="com.sunopsis.dwg.dbobj.SnpMapComp">
		<Field name="Alias" type="java.lang.String">null</Field>
	<Field name="BusinessName" type="java.lang.String">null</Field>
	<Field name="CompTypeVersion" type="java.lang.String">null</Field>
	<Field name="Descript" type="java.lang.String">null</Field>
	<Field name="Description" type="java.lang.String">null</Field>
	<Field name="GlobalId" type="java.lang.String"><![CDATA[5e9efd11-f567-4e8a-a10e-87554039f22a]]></Field>
	<Field name="IsCardinal" type="java.lang.String"><![CDATA[0]]></Field>
	<Field name="IsDerivedName" type="java.lang.String"><![CDATA[0]]></Field>
	<Field name="IsHidden" type="java.lang.String"><![CDATA[0]]></Field>
	<Field name="IMapComp" type="com.sunopsis.sql.DbInt"><![CDATA[1]]></Field>
	<Field name="IMapCompType" type="com.sunopsis.sql.DbInt"><![CDATA[5]]></Field>
	<Field name="IMapRef" type="com.sunopsis.sql.DbInt"><![CDATA[null]]></Field>
	<Field name="IOwnerMapping" type="com.sunopsis.sql.DbInt"><![CDATA[1]]></Field>
	<Field name="IOwnerMapComp" type="com.sunopsis.sql.DbInt"><![CDATA[null]]></Field>
	<Field name="ITechno" type="com.sunopsis.sql.DbInt"><![CDATA[null]]></Field>
	<Field name="Name" type="java.lang.String"><![CDATA[Default]]></Field>
	<Field name="PropValues" type="java.lang.String">null</Field>
	<Field name="SortPos" type="com.sunopsis.sql.DbInt"><![CDATA[0]]></Field>
	<Field name="TypeName" type="java.lang.String"><![CDATA[DATASET]]></Field>
</Object>
<Object class="com.sunopsis.dwg.dbobj.SnpMapCp">
		<Field name="BusinessName" type="java.lang.String">null</Field>
	<Field name="Cardinality" type="java.lang.String"><![CDATA[M]]></Field>
	<Field name="CompSubType" type="java.lang.String">null</Field>
	<Field name="CpOrder" type="com.sunopsis.sql.DbInt"><![CDATA[1]]></Field>
	<Field name="CpPos" type="com.sunopsis.sql.DbInt"><![CDATA[null]]></Field>
	<Field name="Descript" type="java.lang.String">null</Field>
	<Field name="Description" type="java.lang.String">null</Field>
	<Field name="Direction" type="java.lang.String"><![CDATA[O]]></Field>
	<Field name="GlobalId" type="java.lang.String"><![CDATA[0d1329df-cd8a-433c-af8d-81e340e521b5]]></Field>
	<Field name="IMapCp" type="com.sunopsis.sql.DbInt"><![CDATA[1]]></Field>
	<Field name="IMapCpRole" type="com.sunopsis.sql.DbInt"><![CDATA[9]]></Field>
	<Field name="IMapRef" type="com.sunopsis.sql.DbInt"><![CDATA[null]]></Field>
	<Field name="IOwnerMapComp" type="com.sunopsis.sql.DbInt"><![CDATA[1]]></Field>
	<Field name="IParMapCp" type="com.sunopsis.sql.DbInt"><![CDATA[null]]></Field>
	<Field name="Name" type="java.lang.String"><![CDATA[OUTPUT1]]></Field>
</Object>
<Object class="com.sunopsis.dwg.dbobj.SnpMapProp">
		<Field name="BusinessName" type="java.lang.String">null</Field>
	<Field name="Descript" type="java.lang.String">null</Field>
	<Field name="Description" type="java.lang.String">null</Field>
	<Field name="DispNameKey" type="java.lang.String">null</Field>
	<Field name="GlobalId" type="java.lang.String"><![CDATA[e47feecc-9c46-44a9-9e3c-4efb0acf7dee]]></Field>
	<Field name="IsHidden" type="java.lang.String"><![CDATA[0]]></Field>
	<Field name="IDeploySpec" type="com.sunopsis.sql.DbInt"><![CDATA[1]]></Field>
	<Field name="IExecUnit" type="com.sunopsis.sql.DbInt"><![CDATA[null]]></Field>
	<Field name="IMapping" type="com.sunopsis.sql.DbInt"><![CDATA[null]]></Field>
	<Field name="IMapAttr" type="com.sunopsis.sql.DbInt"><![CDATA[null]]></Field>
	<Field name="IMapComp" type="com.sunopsis.sql.DbInt"><![CDATA[null]]></Field>
	<Field name="IMapCp" type="com.sunopsis.sql.DbInt"><![CDATA[null]]></Field>
	<Field name="IMapProp" type="com.sunopsis.sql.DbInt"><![CDATA[5]]></Field>
	<Field name="IMapPropParent" type="com.sunopsis.sql.DbInt"><![CDATA[null]]></Field>
	<Field name="IOwnerMapping" type="com.sunopsis.sql.DbInt"><![CDATA[1]]></Field>
	<Field name="IPhyNode" type="com.sunopsis.sql.DbInt"><![CDATA[null]]></Field>
	<Field name="IPropDef" type="com.sunopsis.sql.DbInt"><![CDATA[210]]></Field>
	<Field name="IPropXrefValue" type="com.sunopsis.sql.DbInt"><![CDATA[null]]></Field>
	<Field name="Name" type="java.lang.String"><![CDATA[BEGIN_MAPPING_CMD]]></Field>
	<Field name="PropDefGuid" type="java.lang.String">null</Field>
	<Field name="PropDefQualifiedName" type="java.lang.String">null</Field>
	<Field name="PropOrder" type="com.sunopsis.sql.DbInt"><![CDATA[-1]]></Field>
	<Field name="PropType" type="java.lang.String"><![CDATA[E]]></Field>
	<Field name="PropValue" type="java.lang.String">null</Field>
</Object>
<Object class="com.sunopsis.dwg.dbobj.SnpMapExpr">
		<Field name="ExecOnHint" type="java.lang.String"><![CDATA[N]]></Field>
	<Field name="FirstDate" type="java.sql.Timestamp">null</Field>
	<Field name="FirstUser" type="java.lang.String">null</Field>
	<Field name="GlobalId" type="java.lang.String"><![CDATA[01ddb8ea-cbb7-48d0-8aa3-190f1e3746cd]]></Field>
	<Field name="HasUnparsedIdent" type="java.lang.String">null</Field>
	<Field name="IndChange" type="java.lang.String">null</Field>
	<Field name="IntVersion" type="com.sunopsis.sql.DbInt"><![CDATA[null]]></Field>
	<Field name="IsActive" type="java.lang.String">null</Field>
	<Field name="IsParsed" type="java.lang.String"><![CDATA[0]]></Field>
	<Field name="IDisTechRef" type="com.sunopsis.sql.DbInt"><![CDATA[null]]></Field>
	<Field name="IExOnLsRef" type="com.sunopsis.sql.DbInt"><![CDATA[null]]></Field>
	<Field name="IMapCp" type="com.sunopsis.sql.DbInt"><![CDATA[null]]></Field>
	<Field name="IMapExpr" type="com.sunopsis.sql.DbInt"><![CDATA[4]]></Field>
	<Field name="IOwnerMapAttr" type="com.sunopsis.sql.DbInt"><![CDATA[null]]></Field>
	<Field name="IOwnerMapProp" type="com.sunopsis.sql.DbInt"><![CDATA[5]]></Field>
	<Field name="LastDate" type="java.sql.Timestamp">null</Field>
	<Field name="LastUser" type="java.lang.String">null</Field>
	<Field name="ParsedText" type="java.lang.String">null</Field>
	<Field name="ParsedTxt" type="java.lang.String">null</Field>
	<Field name="PropValues" type="java.lang.String">null</Field>
	<Field name="Text" type="java.lang.String">null</Field>
	<Field name="TextHash" type="com.sunopsis.sql.DbInt"><![CDATA[0]]></Field>
	<Field name="TextOnly" type="java.lang.String"><![CDATA[0]]></Field>
	<Field name="Txt" type="java.lang.String">null</Field>
	<Field name="ValidationCode" type="java.lang.String">null</Field>
</Object>
<Object class="com.sunopsis.dwg.dbobj.SnpMapProp">
		<Field name="BusinessName" type="java.lang.String">null</Field>
	<Field name="Descript" type="java.lang.String">null</Field>
	<Field name="Description" type="java.lang.String">null</Field>
	<Field name="DispNameKey" type="java.lang.String">null</Field>
	<Field name="GlobalId" type="java.lang.String"><![CDATA[3f59f76d-52fe-48a0-b03a-5a54b1cf32cb]]></Field>
	<Field name="IsHidden" type="java.lang.String"><![CDATA[0]]></Field>
	<Field name="IDeploySpec" type="com.sunopsis.sql.DbInt"><![CDATA[1]]></Field>
	<Field name="IExecUnit" type="com.sunopsis.sql.DbInt"><![CDATA[null]]></Field>
	<Field name="IMapping" type="com.sunopsis.sql.DbInt"><![CDATA[null]]></Field>
	<Field name="IMapAttr" type="com.sunopsis.sql.DbInt"><![CDATA[null]]></Field>
	<Field name="IMapComp" type="com.sunopsis.sql.DbInt"><![CDATA[null]]></Field>
	<Field name="IMapCp" type="com.sunopsis.sql.DbInt"><![CDATA[null]]></Field>
	<Field name="IMapProp" type="com.sunopsis.sql.DbInt"><![CDATA[4]]></Field>
	<Field name="IMapPropParent" type="com.sunopsis.sql.DbInt"><![CDATA[null]]></Field>
	<Field name="IOwnerMapping" type="com.sunopsis.sql.DbInt"><![CDATA[1]]></Field>
	<Field name="IPhyNode" type="com.sunopsis.sql.DbInt"><![CDATA[null]]></Field>
	<Field name="IPropDef" type="com.sunopsis.sql.DbInt"><![CDATA[213]]></Field>
	<Field name="IPropXrefValue" type="com.sunopsis.sql.DbInt"><![CDATA[null]]></Field>
	<Field name="Name" type="java.lang.String"><![CDATA[END_MAPPING_CMD]]></Field>
	<Field name="PropDefGuid" type="java.lang.String">null</Field>
	<Field name="PropDefQualifiedName" type="java.lang.String">null</Field>
	<Field name="PropOrder" type="com.sunopsis.sql.DbInt"><![CDATA[-1]]></Field>
	<Field name="PropType" type="java.lang.String"><![CDATA[E]]></Field>
	<Field name="PropValue" type="java.lang.String">null</Field>
</Object>
<Object class="com.sunopsis.dwg.dbobj.SnpMapExpr">
		<Field name="ExecOnHint" type="java.lang.String"><![CDATA[N]]></Field>
	<Field name="FirstDate" type="java.sql.Timestamp">null</Field>
	<Field name="FirstUser" type="java.lang.String">null</Field>
	<Field name="GlobalId" type="java.lang.String"><![CDATA[f7fadc03-238b-4f03-a291-d92cdd60bc24]]></Field>
	<Field name="HasUnparsedIdent" type="java.lang.String">null</Field>
	<Field name="IndChange" type="java.lang.String">null</Field>
	<Field name="IntVersion" type="com.sunopsis.sql.DbInt"><![CDATA[null]]></Field>
	<Field name="IsActive" type="java.lang.String">null</Field>
	<Field name="IsParsed" type="java.lang.String"><![CDATA[0]]></Field>
	<Field name="IDisTechRef" type="com.sunopsis.sql.DbInt"><![CDATA[null]]></Field>
	<Field name="IExOnLsRef" type="com.sunopsis.sql.DbInt"><![CDATA[null]]></Field>
	<Field name="IMapCp" type="com.sunopsis.sql.DbInt"><![CDATA[null]]></Field>
	<Field name="IMapExpr" type="com.sunopsis.sql.DbInt"><![CDATA[3]]></Field>
	<Field name="IOwnerMapAttr" type="com.sunopsis.sql.DbInt"><![CDATA[null]]></Field>
	<Field name="IOwnerMapProp" type="com.sunopsis.sql.DbInt"><![CDATA[4]]></Field>
	<Field name="LastDate" type="java.sql.Timestamp">null</Field>
	<Field name="LastUser" type="java.lang.String">null</Field>
	<Field name="ParsedText" type="java.lang.String">null</Field>
	<Field name="ParsedTxt" type="java.lang.String">null</Field>
	<Field name="PropValues" type="java.lang.String">null</Field>
	<Field name="Text" type="java.lang.String">null</Field>
	<Field name="TextHash" type="com.sunopsis.sql.DbInt"><![CDATA[0]]></Field>
	<Field name="TextOnly" type="java.lang.String"><![CDATA[0]]></Field>
	<Field name="Txt" type="java.lang.String">null</Field>
	<Field name="ValidationCode" type="java.lang.String">null</Field>
</Object>
<Object class="com.sunopsis.dwg.dbobj.SnpMapProp">
		<Field name="BusinessName" type="java.lang.String">null</Field>
	<Field name="Descript" type="java.lang.String">null</Field>
	<Field name="Description" type="java.lang.String">null</Field>
	<Field name="DispNameKey" type="java.lang.String">null</Field>
	<Field name="GlobalId" type="java.lang.String"><![CDATA[68ca1504-70da-4e04-8a39-2969e0250e03]]></Field>
	<Field name="IsHidden" type="java.lang.String"><![CDATA[1]]></Field>
	<Field name="IDeploySpec" type="com.sunopsis.sql.DbInt"><![CDATA[null]]></Field>
	<Field name="IExecUnit" type="com.sunopsis.sql.DbInt"><![CDATA[null]]></Field>
	<Field name="IMapping" type="com.sunopsis.sql.DbInt"><![CDATA[null]]></Field>
	<Field name="IMapAttr" type="com.sunopsis.sql.DbInt"><![CDATA[null]]></Field>
	<Field name="IMapComp" type="com.sunopsis.sql.DbInt"><![CDATA[1]]></Field>
	<Field name="IMapCp" type="com.sunopsis.sql.DbInt"><![CDATA[null]]></Field>
	<Field name="IMapProp" type="com.sunopsis.sql.DbInt"><![CDATA[3]]></Field>
	<Field name="IMapPropParent" type="com.sunopsis.sql.DbInt"><![CDATA[null]]></Field>
	<Field name="IOwnerMapping" type="com.sunopsis.sql.DbInt"><![CDATA[1]]></Field>
	<Field name="IPhyNode" type="com.sunopsis.sql.DbInt"><![CDATA[null]]></Field>
	<Field name="IPropDef" type="com.sunopsis.sql.DbInt"><![CDATA[61]]></Field>
	<Field name="IPropXrefValue" type="com.sunopsis.sql.DbInt"><![CDATA[null]]></Field>
	<Field name="Name" type="java.lang.String"><![CDATA[LAST_COMPONENT_NAME]]></Field>
	<Field name="PropDefGuid" type="java.lang.String">null</Field>
	<Field name="PropDefQualifiedName" type="java.lang.String">null</Field>
	<Field name="PropOrder" type="com.sunopsis.sql.DbInt"><![CDATA[-1]]></Field>
	<Field name="PropType" type="java.lang.String"><![CDATA[S]]></Field>
	<Field name="PropValue" type="java.lang.String"><![CDATA[/%%@{EMPTY_STRING}%%/]]></Field>
</Object>
<Object class="com.sunopsis.dwg.dbobj.SnpMapProp">
		<Field name="BusinessName" type="java.lang.String">null</Field>
	<Field name="Descript" type="java.lang.String">null</Field>
	<Field name="Description" type="java.lang.String">null</Field>
	<Field name="DispNameKey" type="java.lang.String">null</Field>
	<Field name="GlobalId" type="java.lang.String"><![CDATA[9cf1bbb5-32fe-41dd-9544-27e4c6254a43]]></Field>
	<Field name="IsHidden" type="java.lang.String"><![CDATA[1]]></Field>
	<Field name="IDeploySpec" type="com.sunopsis.sql.DbInt"><![CDATA[null]]></Field>
	<Field name="IExecUnit" type="com.sunopsis.sql.DbInt"><![CDATA[null]]></Field>
	<Field name="IMapping" type="com.sunopsis.sql.DbInt"><![CDATA[1]]></Field>
	<Field name="IMapAttr" type="com.sunopsis.sql.DbInt"><![CDATA[null]]></Field>
	<Field name="IMapComp" type="com.sunopsis.sql.DbInt"><![CDATA[null]]></Field>
	<Field name="IMapCp" type="com.sunopsis.sql.DbInt"><![CDATA[null]]></Field>
	<Field name="IMapProp" type="com.sunopsis.sql.DbInt"><![CDATA[2]]></Field>
	<Field name="IMapPropParent" type="com.sunopsis.sql.DbInt"><![CDATA[null]]></Field>
	<Field name="IOwnerMapping" type="com.sunopsis.sql.DbInt"><![CDATA[1]]></Field>
	<Field name="IPhyNode" type="com.sunopsis.sql.DbInt"><![CDATA[null]]></Field>
	<Field name="IPropDef" type="com.sunopsis.sql.DbInt"><![CDATA[189]]></Field>
	<Field name="IPropXrefValue" type="com.sunopsis.sql.DbInt"><![CDATA[null]]></Field>
	<Field name="Name" type="java.lang.String"><![CDATA[XMLDiagramSettings]]></Field>
	<Field name="PropDefGuid" type="java.lang.String">null</Field>
	<Field name="PropDefQualifiedName" type="java.lang.String">null</Field>
	<Field name="PropOrder" type="com.sunopsis.sql.DbInt"><![CDATA[-1]]></Field>
	<Field name="PropType" type="java.lang.String"><![CDATA[S]]></Field>
	<Field name="PropValue" type="java.lang.String">null</Field>
</Object>
<Object class="com.sunopsis.dwg.dbobj.SnpMapExpr">
		<Field name="ExecOnHint" type="java.lang.String"><![CDATA[N]]></Field>
	<Field name="FirstDate" type="java.sql.Timestamp">null</Field>
	<Field name="FirstUser" type="java.lang.String">null</Field>
	<Field name="GlobalId" type="java.lang.String"><![CDATA[56c93f4f-78ad-42df-92a6-dd085cff81b7]]></Field>
	<Field name="HasUnparsedIdent" type="java.lang.String">null</Field>
	<Field name="IndChange" type="java.lang.String">null</Field>
	<Field name="IntVersion" type="com.sunopsis.sql.DbInt"><![CDATA[null]]></Field>
	<Field name="IsActive" type="java.lang.String">null</Field>
	<Field name="IsParsed" type="java.lang.String"><![CDATA[0]]></Field>
	<Field name="IDisTechRef" type="com.sunopsis.sql.DbInt"><![CDATA[null]]></Field>
	<Field name="IExOnLsRef" type="com.sunopsis.sql.DbInt"><![CDATA[null]]></Field>
	<Field name="IMapCp" type="com.sunopsis.sql.DbInt"><![CDATA[null]]></Field>
	<Field name="IMapExpr" type="com.sunopsis.sql.DbInt"><![CDATA[2]]></Field>
	<Field name="IOwnerMapAttr" type="com.sunopsis.sql.DbInt"><![CDATA[null]]></Field>
	<Field name="IOwnerMapProp" type="com.sunopsis.sql.DbInt"><![CDATA[2]]></Field>
	<Field name="LastDate" type="java.sql.Timestamp">null</Field>
	<Field name="LastUser" type="java.lang.String">null</Field>
	<Field name="ParsedText" type="java.lang.String">null</Field>
	<Field name="ParsedTxt" type="java.lang.String">null</Field>
	<Field name="PropValues" type="java.lang.String">null</Field>
	<Field name="Text" type="java.lang.String">null</Field>
	<Field name="TextHash" type="com.sunopsis.sql.DbInt"><![CDATA[0]]></Field>
	<Field name="TextOnly" type="java.lang.String"><![CDATA[1]]></Field>
	<Field name="Txt" type="java.lang.String"><![CDATA[<?xml version='1.0' encoding='UTF-8' standalone='yes'?>
<xmi:XMI xmlns:xmi='http://www.omg.org/spec/XMI/20131001' xmlns:DI='http://xmlns.omg.org/DI/2.0'>
  <documentation exporter='Oracle IDE' exporterVersion='12.2.1'/>
  <DI:Diagram xmi:type='DI:Diagram' xmi:id='id89288a1b-1be2-47c7-a998-9325f6eb4351' zoom='0.0'>
    <contained xmi:type='DI:GraphNode' xmi:id='id28750a75-4681-4ca5-bc8d-adce39872752'>
      <contained xmi:type='DI:GraphNode' xmi:id='idc44d4eb0-4da5-45b9-aa7c-420af66f33a1'>
        <semanticModel xmi:type='DI:SimpleSemanticModelBridge' typeInfo='COMPACT'/>
        <size xmi:type='DI:Dimension' height='9.999999682655225E-21' width='9.999999682655225E-21'/>
      </contained>
      <contained xmi:type='DI:GraphNode' xmi:id='id4417a961-1c20-43ce-aa83-e013c96b4311'>
        <contained xmi:type='DI:GraphNode' xmi:id='id96a0a711-9461-4140-bdf4-cfc3be95f58c'>
          <position xmi:type='DI:Point' x='0.0' y='0.0'/>
          <semanticModel xmi:type='DI:SimpleSemanticModelBridge' typeInfo='BodyCompartment'/>
        </contained>
        <semanticModel xmi:type='DI:SimpleSemanticModelBridge' typeInfo='EXPANDED'/>
        <size xmi:type='DI:Dimension' height='400.0' width='300.0'/>
      </contained>
      <position xmi:type='DI:Point' x='40.0' y='0.0'/>
      <property xmi:type='DI:Property' key='GroupName' value='Group1'/>
      <property xmi:type='DI:Property' key='fontColor' value='#0'/>
      <property xmi:type='DI:Property' key='font' value='SansSerif,plain,11'/>
      <property xmi:type='DI:Property' key='lineColor' value='#a5a5a5'/>
      <property xmi:type='DI:Property' key='titleAlignment' value='CENTER'/>
      <property xmi:type='DI:Property' key='lineWidth' value='1.0'/>
      <property xmi:type='DI:Property' key='showTitle' value='true'/>
      <property xmi:type='DI:Property' key='fillColor' value='#c6d6ff'/>
      <semanticModel xmi:type='DI:CoreSemanticModelBridge' element='LogicalInterfaceComponent:DATASET:LogicalGrouper:5e9efd11-f567-4e8a-a10e-87554039f22a' presentation='EXPANDED'/>
      <size xmi:type='DI:Dimension' height='400.0' width='300.0'/>
    </contained>
    <property xmi:type='DI:Property' key='ContainerLayoutStyle' value='2'/>
    <property xmi:type='DI:Property' key='EdgeCrossingType' value='0'/>
    <property xmi:type='DI:Property' key='maxShapeWidth' value='200'/>
    <property xmi:type='DI:Property' key='PageOrientation' value='1'/>
    <property xmi:type='DI:Property' key='snapToGrid' value='true'/>
    <property xmi:type='DI:Property' key='gridSize' value='15'/>
    <property xmi:type='DI:Property' key='maxEntriesInShape' value='10'/>
    <property xmi:type='DI:Property' key='showAlignmentRulers' value='false'/>
    <property xmi:type='DI:Property' key='showGrid' value='false'/>
    <property xmi:type='DI:Property' key='DiagramLayoutStyle' value='2'/>
    <property xmi:type='DI:Property' key='alignmentRulersColor' value='#99d9ea'/>
    <property xmi:type='DI:Property' key='minLayoutDistance' value='40'/>
    <property xmi:type='DI:Property' key='PaperOrientation' value='Portrait'/>
    <property xmi:type='DI:Property' key='PrintAreaX' value='0.0'/>
    <property xmi:type='DI:Property' key='PrintAreaY' value='0.0'/>
    <property xmi:type='DI:Property' key='PrintAreaWidth' value='0.0'/>
    <property xmi:type='DI:Property' key='PrintAreaHeight' value='0.0'/>
    <semanticModel xmi:type='DI:SimpleSemanticModelBridge' typeInfo='etl_xinterface_logical'/>
  </DI:Diagram>
</xmi:XMI>]]></Field>
	<Field name="ValidationCode" type="java.lang.String">null</Field>
</Object>
<Object class="com.sunopsis.dwg.dbobj.SnpMapProp">
		<Field name="BusinessName" type="java.lang.String">null</Field>
	<Field name="Descript" type="java.lang.String">null</Field>
	<Field name="Description" type="java.lang.String">null</Field>
	<Field name="DispNameKey" type="java.lang.String">null</Field>
	<Field name="GlobalId" type="java.lang.String"><![CDATA[caf2858a-f7f9-4117-a12f-5d38498b9ccd]]></Field>
	<Field name="IsHidden" type="java.lang.String"><![CDATA[0]]></Field>
	<Field name="IDeploySpec" type="com.sunopsis.sql.DbInt"><![CDATA[null]]></Field>
	<Field name="IExecUnit" type="com.sunopsis.sql.DbInt"><![CDATA[null]]></Field>
	<Field name="IMapping" type="com.sunopsis.sql.DbInt"><![CDATA[1]]></Field>
	<Field name="IMapAttr" type="com.sunopsis.sql.DbInt"><![CDATA[null]]></Field>
	<Field name="IMapComp" type="com.sunopsis.sql.DbInt"><![CDATA[null]]></Field>
	<Field name="IMapCp" type="com.sunopsis.sql.DbInt"><![CDATA[null]]></Field>
	<Field name="IMapProp" type="com.sunopsis.sql.DbInt"><![CDATA[1]]></Field>
	<Field name="IMapPropParent" type="com.sunopsis.sql.DbInt"><![CDATA[null]]></Field>
	<Field name="IOwnerMapping" type="com.sunopsis.sql.DbInt"><![CDATA[1]]></Field>
	<Field name="IPhyNode" type="com.sunopsis.sql.DbInt"><![CDATA[null]]></Field>
	<Field name="IPropDef" type="com.sunopsis.sql.DbInt"><![CDATA[192]]></Field>
	<Field name="IPropXrefValue" type="com.sunopsis.sql.DbInt"><![CDATA[null]]></Field>
	<Field name="Name" type="java.lang.String"><![CDATA[TARGET_LOAD_ORDER]]></Field>
	<Field name="PropDefGuid" type="java.lang.String">null</Field>
	<Field name="PropDefQualifiedName" type="java.lang.String">null</Field>
	<Field name="PropOrder" type="com.sunopsis.sql.DbInt"><![CDATA[-1]]></Field>
	<Field name="PropType" type="java.lang.String"><![CDATA[E]]></Field>
	<Field name="PropValue" type="java.lang.String">null</Field>
</Object>
<Object class="com.sunopsis.dwg.dbobj.SnpMapExpr">
		<Field name="ExecOnHint" type="java.lang.String"><![CDATA[N]]></Field>
	<Field name="FirstDate" type="java.sql.Timestamp">null</Field>
	<Field name="FirstUser" type="java.lang.String">null</Field>
	<Field name="GlobalId" type="java.lang.String"><![CDATA[125aa719-ee4c-408d-8889-58a17c5eed4b]]></Field>
	<Field name="HasUnparsedIdent" type="java.lang.String">null</Field>
	<Field name="IndChange" type="java.lang.String">null</Field>
	<Field name="IntVersion" type="com.sunopsis.sql.DbInt"><![CDATA[null]]></Field>
	<Field name="IsActive" type="java.lang.String">null</Field>
	<Field name="IsParsed" type="java.lang.String"><![CDATA[0]]></Field>
	<Field name="IDisTechRef" type="com.sunopsis.sql.DbInt"><![CDATA[null]]></Field>
	<Field name="IExOnLsRef" type="com.sunopsis.sql.DbInt"><![CDATA[null]]></Field>
	<Field name="IMapCp" type="com.sunopsis.sql.DbInt"><![CDATA[null]]></Field>
	<Field name="IMapExpr" type="com.sunopsis.sql.DbInt"><![CDATA[1]]></Field>
	<Field name="IOwnerMapAttr" type="com.sunopsis.sql.DbInt"><![CDATA[null]]></Field>
	<Field name="IOwnerMapProp" type="com.sunopsis.sql.DbInt"><![CDATA[1]]></Field>
	<Field name="LastDate" type="java.sql.Timestamp">null</Field>
	<Field name="LastUser" type="java.lang.String">null</Field>
	<Field name="ParsedText" type="java.lang.String">null</Field>
	<Field name="ParsedTxt" type="java.lang.String">null</Field>
	<Field name="PropValues" type="java.lang.String">null</Field>
	<Field name="Text" type="java.lang.String">null</Field>
	<Field name="TextHash" type="com.sunopsis.sql.DbInt"><![CDATA[0]]></Field>
	<Field name="TextOnly" type="java.lang.String"><![CDATA[0]]></Field>
	<Field name="Txt" type="java.lang.String">null</Field>
	<Field name="ValidationCode" type="java.lang.String">null</Field>
</Object>
<Object class="com.sunopsis.dwg.dbobj.SnpFKXRef">
		<Field name="RefKey" type="java.lang.String"><![CDATA[SNP_FOLDER.11]]></Field>
	<Field name="RefObjGlobalId" type="java.lang.String"><![CDATA[df7292b4-b77d-4a4d-a9ff-46bce269aea2]]></Field>
 <Field name="RefObjFQName" type="java.lang.String"><![CDATA[Erick.Folder1]]></Field>
 <Field name="RefObjFQType" type="java.lang.String"><![CDATA[SNP_PROJECT.SNP_FOLDER]]></Field>
 <Field name="RefObjFQNameLengths" type="java.lang.String"><![CDATA[5.7]]></Field>
</Object>
<Object class="com.sunopsis.dwg.dbobj.SnpFKXRef">
		<Field name="RefKey" type="java.lang.String"><![CDATA[SNP_MAPPING.1]]></Field>
	<Field name="RefObjGlobalId" type="java.lang.String"><![CDATA[3dd5edc7-6606-4670-adb0-c7b2f0a47829]]></Field>
 <Field name="RefObjFQName" type="java.lang.String"><![CDATA[Erick.Folder1.New_Mapping]]></Field>
 <Field name="RefObjFQType" type="java.lang.String"><![CDATA[SNP_PROJECT.SNP_FOLDER.SNP_MAPPING]]></Field>
 <Field name="RefObjFQNameLengths" type="java.lang.String"><![CDATA[5.7.11]]></Field>
</Object>
<Object class="com.sunopsis.dwg.dbobj.SnpFKXRef">
		<Field name="RefKey" type="java.lang.String"><![CDATA[SNP_CONTEXT.2]]></Field>
	<Field name="RefObjGlobalId" type="java.lang.String"><![CDATA[af79390f-548b-3f6e-b5dc-b152c271c701]]></Field>
 <Field name="RefObjFQName" type="java.lang.String"><![CDATA[Global]]></Field>
 <Field name="RefObjFQType" type="java.lang.String"><![CDATA[SNP_CONTEXT]]></Field>
 <Field name="RefObjFQNameLengths" type="java.lang.String"><![CDATA[6]]></Field>
</Object>
<Object class="com.sunopsis.dwg.dbobj.SnpFKXRef">
		<Field name="RefKey" type="java.lang.String"><![CDATA[SNP_MAPREF.1]]></Field>
	<Field name="RefObjGlobalId" type="java.lang.String"><![CDATA[86abdb52-ef2c-48a2-9128-e6c26c12c1af]]></Field>
 <Field name="RefObjFQName" type="java.lang.String">null</Field>
 <Field name="RefObjFQType" type="java.lang.String">null</Field>
 <Field name="RefObjFQNameLengths" type="java.lang.String">null</Field>
</Object>
<Object class="com.sunopsis.dwg.dbobj.SnpFKXRef">
		<Field name="RefKey" type="java.lang.String"><![CDATA[SNP_DEPLOYSPEC.1]]></Field>
	<Field name="RefObjGlobalId" type="java.lang.String"><![CDATA[f11911f6-24b4-48a4-a3c2-4859acdf1fe6]]></Field>
 <Field name="RefObjFQName" type="java.lang.String"><![CDATA[Erick.Folder1.New_Mapping.Physical]]></Field>
 <Field name="RefObjFQType" type="java.lang.String"><![CDATA[SNP_PROJECT.SNP_FOLDER.SNP_MAPPING.SNP_DEPLOYSPEC]]></Field>
 <Field name="RefObjFQNameLengths" type="java.lang.String"><![CDATA[5.7.11.8]]></Field>
</Object>
<Object class="com.sunopsis.dwg.dbobj.SnpFKXRef">
		<Field name="RefKey" type="java.lang.String"><![CDATA[SNP_SCEN.225]]></Field>
	<Field name="RefObjGlobalId" type="java.lang.String"><![CDATA[a76f0448-e5aa-4c1e-9048-d74850e11aaf]]></Field>
 <Field name="RefObjFQName" type="java.lang.String"><![CDATA[Erick.Folder1.New_Mapping.NEW_MAPPING Version 001]]></Field>
 <Field name="RefObjFQType" type="java.lang.String"><![CDATA[SNP_PROJECT.SNP_FOLDER.SNP_MAPPING.SNP_SCEN]]></Field>
 <Field name="RefObjFQNameLengths" type="java.lang.String"><![CDATA[5.7.11.23]]></Field>
</Object>
<Object class="com.sunopsis.dwg.dbobj.SnpFKXRef">
		<Field name="RefKey" type="java.lang.String"><![CDATA[SNP_MAPCOMPTYPE.5]]></Field>
	<Field name="RefObjGlobalId" type="java.lang.String"><![CDATA[1af807e6-c4ef-449e-8d8d-25c3f0cfcb2f]]></Field>
 <Field name="RefObjFQName" type="java.lang.String"><![CDATA[DATASET]]></Field>
 <Field name="RefObjFQType" type="java.lang.String"><![CDATA[SNP_MAPCOMPTYPE]]></Field>
 <Field name="RefObjFQNameLengths" type="java.lang.String"><![CDATA[7]]></Field>
</Object>
<Object class="com.sunopsis.dwg.dbobj.SnpFKXRef">
		<Field name="RefKey" type="java.lang.String"><![CDATA[SNP_MAPCOMP.1]]></Field>
	<Field name="RefObjGlobalId" type="java.lang.String"><![CDATA[5e9efd11-f567-4e8a-a10e-87554039f22a]]></Field>
 <Field name="RefObjFQName" type="java.lang.String"><![CDATA[Erick.Folder1.New_Mapping.Default]]></Field>
 <Field name="RefObjFQType" type="java.lang.String"><![CDATA[SNP_PROJECT.SNP_FOLDER.SNP_MAPPING.SNP_MAPCOMP]]></Field>
 <Field name="RefObjFQNameLengths" type="java.lang.String"><![CDATA[5.7.11.7]]></Field>
</Object>
<Object class="com.sunopsis.dwg.dbobj.SnpFKXRef">
		<Field name="RefKey" type="java.lang.String"><![CDATA[SNP_MAPCPROLE.9]]></Field>
	<Field name="RefObjGlobalId" type="java.lang.String"><![CDATA[b104a845-6ced-4f9f-830f-3f3231938a4d]]></Field>
 <Field name="RefObjFQName" type="java.lang.String"><![CDATA[DATASET.OUTPUT]]></Field>
 <Field name="RefObjFQType" type="java.lang.String"><![CDATA[SNP_MAPCOMPTYPE.SNP_MAPCPROLE]]></Field>
 <Field name="RefObjFQNameLengths" type="java.lang.String"><![CDATA[7.6]]></Field>
</Object>
<Object class="com.sunopsis.dwg.dbobj.SnpFKXRef">
		<Field name="RefKey" type="java.lang.String"><![CDATA[SNP_MAPPROPDEF.210]]></Field>
	<Field name="RefObjGlobalId" type="java.lang.String"><![CDATA[cf0e5fd5-f2d3-4ec0-bf91-b15859c78ef7]]></Field>
 <Field name="RefObjFQName" type="java.lang.String"><![CDATA[BEGIN_MAPPING_CMD]]></Field>
 <Field name="RefObjFQType" type="java.lang.String"><![CDATA[SNP_MAPPROPDEF]]></Field>
 <Field name="RefObjFQNameLengths" type="java.lang.String"><![CDATA[17]]></Field>
</Object>
<Object class="com.sunopsis.dwg.dbobj.SnpFKXRef">
		<Field name="RefKey" type="java.lang.String"><![CDATA[SNP_MAPPROP.5]]></Field>
	<Field name="RefObjGlobalId" type="java.lang.String"><![CDATA[e47feecc-9c46-44a9-9e3c-4efb0acf7dee]]></Field>
 <Field name="RefObjFQName" type="java.lang.String"><![CDATA[Erick.Folder1.New_Mapping.BEGIN_MAPPING_CMD]]></Field>
 <Field name="RefObjFQType" type="java.lang.String"><![CDATA[SNP_PROJECT.SNP_FOLDER.SNP_MAPPING.SNP_MAPPROP]]></Field>
 <Field name="RefObjFQNameLengths" type="java.lang.String"><![CDATA[5.7.11.17]]></Field>
</Object>
<Object class="com.sunopsis.dwg.dbobj.SnpFKXRef">
		<Field name="RefKey" type="java.lang.String"><![CDATA[SNP_MAPPROPDEF.213]]></Field>
	<Field name="RefObjGlobalId" type="java.lang.String"><![CDATA[5bfe5cc1-902e-4d94-bc79-c9811755758b]]></Field>
 <Field name="RefObjFQName" type="java.lang.String"><![CDATA[END_MAPPING_CMD]]></Field>
 <Field name="RefObjFQType" type="java.lang.String"><![CDATA[SNP_MAPPROPDEF]]></Field>
 <Field name="RefObjFQNameLengths" type="java.lang.String"><![CDATA[15]]></Field>
</Object>
<Object class="com.sunopsis.dwg.dbobj.SnpFKXRef">
		<Field name="RefKey" type="java.lang.String"><![CDATA[SNP_MAPPROP.4]]></Field>
	<Field name="RefObjGlobalId" type="java.lang.String"><![CDATA[3f59f76d-52fe-48a0-b03a-5a54b1cf32cb]]></Field>
 <Field name="RefObjFQName" type="java.lang.String"><![CDATA[Erick.Folder1.New_Mapping.END_MAPPING_CMD]]></Field>
 <Field name="RefObjFQType" type="java.lang.String"><![CDATA[SNP_PROJECT.SNP_FOLDER.SNP_MAPPING.SNP_MAPPROP]]></Field>
 <Field name="RefObjFQNameLengths" type="java.lang.String"><![CDATA[5.7.11.15]]></Field>
</Object>
<Object class="com.sunopsis.dwg.dbobj.SnpFKXRef">
		<Field name="RefKey" type="java.lang.String"><![CDATA[SNP_MAPPROPDEF.61]]></Field>
	<Field name="RefObjGlobalId" type="java.lang.String"><![CDATA[9f58c0d1-a6c9-4a06-abc2-e1c9299493b0]]></Field>
 <Field name="RefObjFQName" type="java.lang.String"><![CDATA[DATASET.LAST_COMPONENT_NAME]]></Field>
 <Field name="RefObjFQType" type="java.lang.String"><![CDATA[SNP_MAPCOMPTYPE.SNP_MAPPROPDEF]]></Field>
 <Field name="RefObjFQNameLengths" type="java.lang.String"><![CDATA[7.19]]></Field>
</Object>
<Object class="com.sunopsis.dwg.dbobj.SnpFKXRef">
		<Field name="RefKey" type="java.lang.String"><![CDATA[SNP_MAPPROPDEF.189]]></Field>
	<Field name="RefObjGlobalId" type="java.lang.String"><![CDATA[73fada02-4b4a-41b7-82a7-015a3bd763d9]]></Field>
 <Field name="RefObjFQName" type="java.lang.String"><![CDATA[XMLDiagramSettings]]></Field>
 <Field name="RefObjFQType" type="java.lang.String"><![CDATA[SNP_MAPPROPDEF]]></Field>
 <Field name="RefObjFQNameLengths" type="java.lang.String"><![CDATA[18]]></Field>
</Object>
<Object class="com.sunopsis.dwg.dbobj.SnpFKXRef">
		<Field name="RefKey" type="java.lang.String"><![CDATA[SNP_MAPPROP.2]]></Field>
	<Field name="RefObjGlobalId" type="java.lang.String"><![CDATA[9cf1bbb5-32fe-41dd-9544-27e4c6254a43]]></Field>
 <Field name="RefObjFQName" type="java.lang.String"><![CDATA[Erick.Folder1.New_Mapping.XMLDiagramSettings]]></Field>
 <Field name="RefObjFQType" type="java.lang.String"><![CDATA[SNP_PROJECT.SNP_FOLDER.SNP_MAPPING.SNP_MAPPROP]]></Field>
 <Field name="RefObjFQNameLengths" type="java.lang.String"><![CDATA[5.7.11.18]]></Field>
</Object>
<Object class="com.sunopsis.dwg.dbobj.SnpFKXRef">
		<Field name="RefKey" type="java.lang.String"><![CDATA[SNP_MAPPROPDEF.192]]></Field>
	<Field name="RefObjGlobalId" type="java.lang.String"><![CDATA[9404d502-7340-4269-be5f-b175f57f0268]]></Field>
 <Field name="RefObjFQName" type="java.lang.String"><![CDATA[TARGET_LOAD_ORDER]]></Field>
 <Field name="RefObjFQType" type="java.lang.String"><![CDATA[SNP_MAPPROPDEF]]></Field>
 <Field name="RefObjFQNameLengths" type="java.lang.String"><![CDATA[17]]></Field>
</Object>
<Object class="com.sunopsis.dwg.dbobj.SnpFKXRef">
		<Field name="RefKey" type="java.lang.String"><![CDATA[SNP_MAPPROP.1]]></Field>
	<Field name="RefObjGlobalId" type="java.lang.String"><![CDATA[caf2858a-f7f9-4117-a12f-5d38498b9ccd]]></Field>
 <Field name="RefObjFQName" type="java.lang.String"><![CDATA[Erick.Folder1.New_Mapping.TARGET_LOAD_ORDER]]></Field>
 <Field name="RefObjFQType" type="java.lang.String"><![CDATA[SNP_PROJECT.SNP_FOLDER.SNP_MAPPING.SNP_MAPPROP]]></Field>
 <Field name="RefObjFQNameLengths" type="java.lang.String"><![CDATA[5.7.11.17]]></Field>
</Object>
<Object class="com.sunopsis.dwg.DwgExportSummary">
		<Field name="ExpTxtNb" type="com.sunopsis.sql.DbInt"><![CDATA[0]]></Field>
	<Field name="InstObjNb" type="com.sunopsis.sql.DbInt"><![CDATA[0]]></Field>
	<Field name="JoinColNb" type="com.sunopsis.sql.DbInt"><![CDATA[0]]></Field>
	<Field name="JoinNb" type="com.sunopsis.sql.DbInt"><![CDATA[0]]></Field>
	<Field name="KeyColNb" type="com.sunopsis.sql.DbInt"><![CDATA[0]]></Field>
	<Field name="KeyNb" type="com.sunopsis.sql.DbInt"><![CDATA[0]]></Field>
	<Field name="LinkDiagNb" type="com.sunopsis.sql.DbInt"><![CDATA[0]]></Field>
	<Field name="MorigTxtNb" type="com.sunopsis.sql.DbInt"><![CDATA[0]]></Field>
	<Field name="MtxtNb" type="com.sunopsis.sql.DbInt"><![CDATA[0]]></Field>
	<Field name="OrigTxtNb" type="com.sunopsis.sql.DbInt"><![CDATA[0]]></Field>
	<Field name="OtherObjectsNb" type="com.sunopsis.sql.DbInt"><![CDATA[18]]></Field>
	<Field name="PlanAgentNb" type="com.sunopsis.sql.DbInt"><![CDATA[0]]></Field>
	<Field name="StepNb" type="com.sunopsis.sql.DbInt"><![CDATA[0]]></Field>
	<Field name="TxtNb" type="com.sunopsis.sql.DbInt"><![CDATA[0]]></Field>
	<Field name="UeOrigNb" type="com.sunopsis.sql.DbInt"><![CDATA[0]]></Field>
	<Field name="UeUsedNb" type="com.sunopsis.sql.DbInt"><![CDATA[0]]></Field>
	<Field name="VarPlanAgentNb" type="com.sunopsis.sql.DbInt"><![CDATA[0]]></Field>
	<Field name="ScenTxtNb" type="com.sunopsis.sql.DbInt"><![CDATA[0]]></Field>
	<Field name="OdiVersion" type="java.lang.String"><![CDATA[12.2.1]]></Field>
	<Field name="OriginRepositoryID" type="com.sunopsis.sql.DbInt"><![CDATA[1]]></Field>
	<Field name="RepositoryVersion" type="java.lang.String"><![CDATA[05.02.02.04]]></Field>
</Object>
</SunopsisExport>
