<MigrationProcessCSVMetadataVO>
   <MigrationProcessCSVMetadataVORow>
      <ProcessId>-999</ProcessId>
      <ProcessName>Manage Units of Measure_20211201_015626_006</ProcessName>
      <ProcessDescription>Manage Units of Measure_20211201_015626_006</ProcessDescription>
      <ProcessDate>2021-12-01 13:57:53.808</ProcessDate>
      <ObjectShortName>INV_MANAGE_UNITS_OF_MEASURE</ObjectShortName>
      <ObjectType>TASK</ObjectType>
      <CreatedByFlow>TASK_CSV_SERVICE</CreatedByFlow>
      <MigrationProcessBusinessObjectCSVMetadata1>
         <MigrationProcessBusinessObjectCSVMetadataVORow>
            <ProcessId>-999</ProcessId>
            <BusinessObjectShortName>INV_UNIT_OF_MEASURE_CLASS</BusinessObjectShortName>
            <BatchName>UnitOfMeasureClass</BatchName>
            <XmlAttributeList>UomClassCode,UomClassTl,Description,BaseUnitOfMeasure,BaseUomCode,BaseUomDisableDate,BaseUomDescription,DisableDate,HasGeneratedCode,BaseUomHasGeneratedCode,Attribute1,Attribute10,Attribute11,Attribute12,Attribute13,Attribute14,Attribute15,Attribute2,Attribute3,Attribute4,Attribute5,Attribute6,Attribute7,Attribute8,Attribute9,AttributeCategory</XmlAttributeList>
            <XmlAttributeTypeList>string,string,string,string,string,date,string,date,string,string,string,string,string,string,string,string,string,string,string,string,string,string,string,string,string,string</XmlAttributeTypeList>
            <XmlNodePath>/UnitOfMeasureClassVO/UnitOfMeasureClassVORow</XmlNodePath>
            <NodeSequence>1</NodeSequence>
         </MigrationProcessBusinessObjectCSVMetadataVORow>
         <MigrationProcessBusinessObjectCSVMetadataVORow>
            <ProcessId>-999</ProcessId>
            <BusinessObjectShortName>INV_UNIT_OF_MEASURE</BusinessObjectShortName>
            <BatchName>UnitOfMeasure</BatchName>
            <XmlAttributeList>UomCode,UnitOfMeasure,BaseUomFlag,StandardPackFlag,Description,DisableDate,UomClassTl,UomPluralDesc,UomReciprocalDesc,GlobalAttributeCategory,GlobalAttribute1,UomClassCode,HasGeneratedCode,Attribute1,Attribute10,Attribute11,Attribute12,Attribute13,Attribute14,Attribute15,Attribute2,Attribute3,Attribute4,Attribute5,Attribute6,Attribute7,Attribute8,Attribute9,AttributeCategory,GlobalAttribute10,GlobalAttribute11,GlobalAttribute12,GlobalAttribute13,GlobalAttribute14,GlobalAttribute15,GlobalAttribute16,GlobalAttribute17,GlobalAttribute18,GlobalAttribute19,GlobalAttribute2,GlobalAttribute20,GlobalAttribute3,GlobalAttribute4,GlobalAttribute5,GlobalAttribute6,GlobalAttribute7,GlobalAttribute8,GlobalAttribute9,GlobalAttributeDate1,GlobalAttributeDate2,GlobalAttributeDate3,GlobalAttributeDate4,GlobalAttributeDate5,GlobalAttributeNumber1,GlobalAttributeNumber2,GlobalAttributeNumber3,GlobalAttributeNumber4,GlobalAttributeNumber5,DerivedUnitParentCode</XmlAttributeList>
            <XmlAttributeTypeList>string,string,string,string,string,date,string,string,string,string,string,string,string,string,string,string,string,string,string,string,string,string,string,string,string,string,string,string,string,string,string,string,string,string,string,string,string,string,string,string,string,string,string,string,string,string,string,string,date,date,date,date,date,decimal,decimal,decimal,decimal,decimal,string</XmlAttributeTypeList>
            <XmlNodePath>/UnitOfMeasureVO/UnitOfMeasureVORow</XmlNodePath>
            <NodeSequence>2</NodeSequence>
         </MigrationProcessBusinessObjectCSVMetadataVORow>
         <MigrationProcessBusinessObjectCSVMetadataVORow>
            <ProcessId>-999</ProcessId>
            <BusinessObjectShortName>INV_UNIT_OF_MEASURE_TRANSLATION</BusinessObjectShortName>
            <BatchName>UnitOfMeasure</BatchName>
            <XmlAttributeList>UnitOfMeasure,Description,Language,SourceLang,UomReciprocalDesc,UomPluralDesc</XmlAttributeList>
            <XmlAttributeTypeList>string,string,string,string,string,string</XmlAttributeTypeList>
            <XmlNodePath>/UnitOfMeasureVO/UnitOfMeasureVORow/UnitOfMeasureTranslation/UnitOfMeasureTranslationVORow</XmlNodePath>
            <NodeSequence>2</NodeSequence>
         </MigrationProcessBusinessObjectCSVMetadataVORow>
         <MigrationProcessBusinessObjectCSVMetadataVORow>
            <ProcessId>-999</ProcessId>
            <BusinessObjectShortName>ORA_RCS_PACKAGING_STRINGS</BusinessObjectShortName>
            <BatchName>PackagingStrings</BatchName>
            <XmlAttributeList>PsAscending,PsDescending</XmlAttributeList>
            <XmlAttributeTypeList>string,string</XmlAttributeTypeList>
            <XmlNodePath>/PackagingStringsVO/PackagingStringsVORow</XmlNodePath>
            <NodeSequence>5</NodeSequence>
         </MigrationProcessBusinessObjectCSVMetadataVORow>
         <MigrationProcessBusinessObjectCSVMetadataVORow>
            <ProcessId>-999</ProcessId>
            <BusinessObjectShortName>ORA_INV_UNIT_OF_MEASURE_STD_CONVERSION</BusinessObjectShortName>
            <BatchName>UnitOfMeasureStandardConversion</BatchName>
            <XmlAttributeList>UomCode,ConversionRate,DefaultConversionFlag,DimensionUom,DisableDate,UomHeight,UomLength,UomWidth,UnitOfMeasure,UomClassTl,ItemNumber,UomPluralDesc,UomReciprocalDesc,HasGeneratedUomCode,HasGeneratedClassCode,UomClassCode</XmlAttributeList>
            <XmlAttributeTypeList>string,decimal,string,string,date,long,long,long,string,string,string,string,string,string,string,string</XmlAttributeTypeList>
            <XmlNodePath>/UnitOfMeasureConversionVO/UnitOfMeasureConversionVORow</XmlNodePath>
            <NodeSequence>4</NodeSequence>
         </MigrationProcessBusinessObjectCSVMetadataVORow>
      </MigrationProcessBusinessObjectCSVMetadata1>
      <MigrationProcessBatchCSVMetadata>
         <MigrationProcessBatchCSVMetadataVORow>
            <ProcessId>-999</ProcessId>
            <BatchName>UnitOfMeasureClass</BatchName>
            <ImportSequence>0</ImportSequence>
            <ServiceName>oracle.apps.scm.inventory.uom.unitsOfMeasureService.UnitOfMeasureService</ServiceName>
            <BatchSize>100</BatchSize>
         </MigrationProcessBatchCSVMetadataVORow>
         <MigrationProcessBatchCSVMetadataVORow>
            <ProcessId>-999</ProcessId>
            <BatchName>UnitOfMeasure</BatchName>
            <ImportSequence>1</ImportSequence>
            <ServiceName>oracle.apps.scm.inventory.uom.unitsOfMeasureService.UnitOfMeasureService</ServiceName>
            <BatchSize>100</BatchSize>
         </MigrationProcessBatchCSVMetadataVORow>
         <MigrationProcessBatchCSVMetadataVORow>
            <ProcessId>-999</ProcessId>
            <BatchName>UnitOfMeasureStandardConversion</BatchName>
            <ImportSequence>2</ImportSequence>
            <ServiceName>oracle.apps.scm.inventory.uom.unitsOfMeasureService.UnitOfMeasureService</ServiceName>
            <BatchSize>100</BatchSize>
         </MigrationProcessBatchCSVMetadataVORow>
         <MigrationProcessBatchCSVMetadataVORow>
            <ProcessId>-999</ProcessId>
            <BatchName>PackagingStrings</BatchName>
            <ImportSequence>3</ImportSequence>
            <ServiceName>oracle.apps.scm.inventory.uom.unitsOfMeasureService.UnitOfMeasureService</ServiceName>
            <BatchSize>100</BatchSize>
         </MigrationProcessBatchCSVMetadataVORow>
      </MigrationProcessBatchCSVMetadata>
      <MigrationProcessScopeValueCSVMetadata null="true"/>
      <MigrationProcessMigrationObjectCSVMetadata>
         <MigrationProcessMigrationObjectCSVMetadataVORow>
            <ProcessId>-999</ProcessId>
            <BusinessObjectShortName>INV_UNIT_OF_MEASURE</BusinessObjectShortName>
            <MigrateFlag>Y</MigrateFlag>
            <IncludeExternalDataFlag>Y</IncludeExternalDataFlag>
         </MigrationProcessMigrationObjectCSVMetadataVORow>
         <MigrationProcessMigrationObjectCSVMetadataVORow>
            <ProcessId>-999</ProcessId>
            <BusinessObjectShortName>INV_UNIT_OF_MEASURE_CLASS</BusinessObjectShortName>
            <MigrateFlag>Y</MigrateFlag>
            <IncludeExternalDataFlag>Y</IncludeExternalDataFlag>
         </MigrationProcessMigrationObjectCSVMetadataVORow>
         <MigrationProcessMigrationObjectCSVMetadataVORow>
            <ProcessId>-999</ProcessId>
            <BusinessObjectShortName>ORA_INV_UNIT_OF_MEASURE_STD_CONVERSION</BusinessObjectShortName>
            <MigrateFlag>Y</MigrateFlag>
            <IncludeExternalDataFlag>Y</IncludeExternalDataFlag>
         </MigrationProcessMigrationObjectCSVMetadataVORow>
         <MigrationProcessMigrationObjectCSVMetadataVORow>
            <ProcessId>-999</ProcessId>
            <BusinessObjectShortName>ORA_RCS_PACKAGING_STRINGS</BusinessObjectShortName>
            <MigrateFlag>Y</MigrateFlag>
            <IncludeExternalDataFlag>Y</IncludeExternalDataFlag>
         </MigrationProcessMigrationObjectCSVMetadataVORow>
      </MigrationProcessMigrationObjectCSVMetadata>
      <MigrationProcessTaskCSVMetadata null="true"/>
      <MigrationProcessServiceVersionCSVMetadata null="true"/>
   </MigrationProcessCSVMetadataVORow>
</MigrationProcessCSVMetadataVO>