"INV_UNIT_OF_MEASURE.UnitOfMeasure","UnitOfMeasure","Description","Language","SourceLang","UomReciprocalDesc","UomPluralDesc"
"MHz","MHz","MHz","ZHT","US","",""
"MHz","MHz","MHz","ZHS","US","",""
"MHz","MHz","MHz","TR","US","",""
"MHz","MHz","MHz","TH","US","",""
"MHz","MHz","MHz","SF","US","",""
"MHz","MHz","MHz","S","US","",""
"MHz","MHz","MHz","RU","US","",""
"MHz","MHz","MHz","PTB","US","",""
"MHz","MHz","MHz","NL","US","",""
"MHz","MHz","MHz","KO","US","",""
"MHz","MHz","MHz","JA","US","",""
"MHz","MHz","MHz","I","US","",""
"MHz","MHz","MHz","FRC","US","",""
"MHz","MHz","MHz","F","US","",""
"MHz","MHz","MHz","E","US","",""
"MHz","MHz","MHz","DK","US","",""
"MHz","MHz","MHz","D","US","",""
"MHz","MHz","MHz","AR","US","",""
"MHz","MHz","MHz","US","US","",""
"MHz","MHz","MHz","CS","US","",""
"MHz","MHz","MHz","HU","US","",""
"MHz","MHz","MHz","IW","US","",""
"MHz","MHz","MHz","N","US","",""
"MHz","MHz","MHz","PL","US","",""
"MHz","MHz","MHz","RO","US","",""
"GHz","GHz","GHz","ZHT","US","",""
"GHz","GHz","GHz","ZHS","US","",""
"GHz","GHz","GHz","TR","US","",""
"GHz","GHz","GHz","TH","US","",""
"GHz","GHz","GHz","SF","US","",""
"GHz","GHz","GHz","S","US","",""
"GHz","GHz","GHz","RU","US","",""
"GHz","GHz","GHz","PTB","US","",""
"GHz","GHz","GHz","NL","US","",""
"GHz","GHz","GHz","KO","US","",""
"GHz","GHz","GHz","JA","US","",""
"GHz","GHz","GHz","I","US","",""
"GHz","GHz","GHz","FRC","US","",""
"GHz","GHz","GHz","F","US","",""
"GHz","GHz","GHz","E","US","",""
"GHz","GHz","GHz","DK","US","",""
"GHz","GHz","GHz","D","US","",""
"GHz","GHz","GHz","AR","US","",""
"GHz","GHz","GHz","US","US","",""
"GHz","GHz","GHz","CS","US","",""
"GHz","GHz","GHz","HU","US","",""
"GHz","GHz","GHz","IW","US","",""
"GHz","GHz","GHz","N","US","",""
"GHz","GHz","GHz","PL","US","",""
"GHz","GHz","GHz","RO","US","",""
"KHz","KHz","KHz","ZHT","US","",""
"KHz","KHz","KHz","ZHS","US","",""
"KHz","KHz","KHz","US","US","",""
"KHz","KHz","KHz","TR","US","",""
"KHz","KHz","KHz","SF","US","",""
"KHz","KHz","KHz","S","US","",""
"KHz","KHz","KHz","RU","US","",""
"KHz","KHz","KHz","PTB","US","",""
"KHz","KHz","KHz","PL","US","",""
"KHz","KHz","KHz","NL","US","",""
"KHz","KHz","KHz","KO","US","",""
"KHz","KHz","KHz","JA","US","",""
"KHz","KHz","KHz","I","US","",""
"KHz","KHz","KHz","FRC","US","",""
"KHz","KHz","KHz","F","US","",""
"KHz","KHz","KHz","E","US","",""
"KHz","KHz","KHz","DK","US","",""
"KHz","KHz","KHz","D","US","",""
"KHz","KHz","KHz","AR","US","",""
"KHz","KHz","KHz","CS","US","",""
"KHz","KHz","KHz","HU","US","",""
"KHz","KHz","KHz","IW","US","",""
"KHz","KHz","KHz","N","US","",""
"KHz","KHz","KHz","RO","US","",""
"KHz","KHz","KHz","TH","US","",""
"in","in","Inch","US","US","",""
"in","in","Inch","AR","US","",""
"in","in","Inch","CS","US","",""
"in","in","Inch","DK","US","",""
"in","in","Zoll","D","D","",""
"in","in","Pulgada","E","E","",""
"in","in","Inch","SF","US","",""
"in","in","Pouce","F","F","",""
"in","in","Pouce","FRC","FRC","",""
"in","in","Inch","HU","US","",""
"in","in","Pollice","I","I","",""
"in","in","Inch","IW","US","",""
"in","インチ","インチ","JA","JA","",""
"in","in","Inch","KO","US","",""
"in","in","Inch","NL","US","",""
"in","in","Inch","N","US","",""
"in","in","Inch","PL","US","",""
"in","in","Inch","PTB","US","",""
"in","in","Inch","RO","US","",""
"in","in","Inch","RU","US","",""
"in","in","Inch","S","US","",""
"in","in","Inch","TR","US","",""
"in","in","英寸","ZHS","ZHS","",""
"in","in","英寸","ZHT","ZHT","",""
"in","in","Inch","TH","US","",""
"in","in","Inch","EL","US","",""
"in","in","Inch","ESA","US","",""
"in","in","Inch","HR","US","",""
"in","in","Inch","IS","US","",""
"in","in","Inch","LT","US","",""
"in","in","Inch","PT","US","",""
"in","in","Inch","SK","US","",""
"in","in","Inch","SL","US","",""
"in","in","Inch","ET","US","",""
"in","in","Inch","LV","US","",""
"cm","cm","Centimeter","US","US","",""
"cm","cm","Centimeter","AR","US","",""
"cm","cm","Centimeter","CS","US","",""
"cm","cm","Centimeter","DK","US","",""
"cm","cm","Centimeter","D","US","",""
"cm","cm","Centimeter","E","US","",""
"cm","cm","Centimeter","SF","US","",""
"cm","cm","Centimeter","F","US","",""
"cm","cm","Centimeter","FRC","US","",""
"cm","cm","Centimeter","HU","US","",""
"cm","cm","Centimeter","I","US","",""
"cm","cm","Centimeter","IW","US","",""
"cm","センチメートル","センチ","JA","JA","",""
"cm","cm","Centimeter","KO","US","",""
"cm","cm","Centimeter","NL","US","",""
"cm","cm","Centimeter","N","US","",""
"cm","cm","Centimeter","PL","US","",""
"cm","cm","Centimeter","PTB","US","",""
"cm","cm","Centimeter","RO","US","",""
"cm","cm","Centimeter","RU","US","",""
"cm","cm","Centimeter","S","US","",""
"cm","cm","Centimeter","TR","US","",""
"cm","cm","Centimeter","ZHS","US","",""
"cm","cm","Centimeter","ZHT","US","",""
"cm","cm","Centimeter","TH","US","",""
"cm","cm","Centimeter","EL","US","",""
"cm","cm","Centimeter","ESA","US","",""
"cm","cm","Centimeter","HR","US","",""
"cm","cm","Centimeter","IS","US","",""
"cm","cm","Centimeter","LT","US","",""
"cm","cm","Centimeter","PT","US","",""
"cm","cm","Centimeter","SK","US","",""
"cm","cm","Centimeter","SL","US","",""
"cm","cm","Centimeter","ET","US","",""
"cm","cm","Centimeter","LV","US","",""
"mm","mm","Millimeter","US","US","",""
"mm","mm","Millimeter","AR","US","",""
"mm","mm","Millimeter","CS","US","",""
"mm","mm","Millimeter","DK","US","",""
"mm","mm","Millimeter","D","US","",""
"mm","mm","Millimeter","E","US","",""
"mm","mm","Millimeter","SF","US","",""
"mm","mm","Millimeter","F","US","",""
"mm","mm","Millimeter","FRC","US","",""
"mm","mm","Millimeter","HU","US","",""
"mm","mm","Millimeter","I","US","",""
"mm","mm","Millimeter","IW","US","",""
"mm","ミリメートル","ミリメートル","JA","JA","",""
"mm","mm","Millimeter","KO","US","",""
"mm","mm","Millimeter","NL","US","",""
"mm","mm","Millimeter","N","US","",""
"mm","mm","Millimeter","PL","US","",""
"mm","mm","Millimeter","PTB","US","",""
"mm","mm","Millimeter","RO","US","",""
"mm","mm","Millimeter","RU","US","",""
"mm","mm","Millimeter","S","US","",""
"mm","mm","Millimeter","TR","US","",""
"mm","mm","Millimeter","ZHS","US","",""
"mm","mm","Millimeter","ZHT","US","",""
"mm","mm","Millimeter","TH","US","",""
"mm","mm","Millimeter","EL","US","",""
"mm","mm","Millimeter","ESA","US","",""
"mm","mm","Millimeter","HR","US","",""
"mm","mm","Millimeter","IS","US","",""
"mm","mm","Millimeter","LT","US","",""
"mm","mm","Millimeter","PT","US","",""
"mm","mm","Millimeter","SK","US","",""
"mm","mm","Millimeter","SL","US","",""
"mm","mm","Millimeter","ET","US","",""
"mm","mm","Millimeter","LV","US","",""
"mi","mi","Mile","ZHT","US","",""
"mi","mi","Mile","ZHS","US","",""
"mi","mi","Mile","TR","US","",""
"mi","mi","Mile","TH","US","",""
"mi","mi","Mile","SF","US","",""
"mi","mi","Mile","S","US","",""
"mi","mi","Mile","RU","US","",""
"mi","mi","Mile","PTB","US","",""
"mi","mi","Mile","NL","US","",""
"mi","mi","Mile","KO","US","",""
"mi","mi","Mile","JA","US","",""
"mi","mi","Mile","I","US","",""
"mi","mi","Mile","FRC","US","",""
"mi","mi","Mile","F","US","",""
"mi","mi","Mile","E","US","",""
"mi","mi","Mile","DK","US","",""
"mi","mi","Mile","D","US","",""
"mi","mi","Mile","AR","US","",""
"mi","mi","Mile","US","US","",""
"mi","mi","Mile","CS","US","",""
"mi","mi","Mile","HU","US","",""
"mi","mi","Mile","IW","US","",""
"mi","mi","Mile","N","US","",""
"mi","mi","Mile","PL","US","",""
"mi","mi","Mile","RO","US","",""
"yd","yd","Yard","JA","US","",""
"yd","yd","Yard","I","US","",""
"yd","yd","Yard","FRC","US","",""
"yd","yd","Yard","F","US","",""
"yd","yd","Yard","E","US","",""
"yd","yd","Yard","DK","US","",""
"yd","yd","Yard","D","US","",""
"yd","yd","Yard","AR","US","",""
"yd","yd","Yard","US","US","",""
"yd","yd","Yard","ZHT","US","",""
"yd","yd","Yard","ZHS","US","",""
"yd","yd","Yard","TR","US","",""
"yd","yd","Yard","TH","US","",""
"yd","yd","Yard","SF","US","",""
"yd","yd","Yard","S","US","",""
"yd","yd","Yard","RU","US","",""
"yd","yd","Yard","PTB","US","",""
"yd","yd","Yard","NL","US","",""
"yd","yd","Yard","KO","US","",""
"yd","yd","Yard","CS","US","",""
"yd","yd","Yard","HU","US","",""
"yd","yd","Yard","IW","US","",""
"yd","yd","Yard","N","US","",""
"yd","yd","Yard","PL","US","",""
"yd","yd","Yard","RO","US","",""
"mp","mp","Megapixel","ZHT","US","",""
"mp","mp","Megapixel","ZHS","US","",""
"mp","mp","Megapixel","TR","US","",""
"mp","mp","Megapixel","TH","US","",""
"mp","mp","Megapixel","SF","US","",""
"mp","mp","Megapixel","S","US","",""
"mp","mp","Megapixel","RU","US","",""
"mp","mp","Megapixel","PTB","US","",""
"mp","mp","Megapixel","NL","US","",""
"mp","mp","Megapixel","KO","US","",""
"mp","mp","Megapixel","JA","US","",""
"mp","mp","Megapixel","I","US","",""
"mp","mp","Megapixel","FRC","US","",""
"mp","mp","Megapixel","F","US","",""
"mp","mp","Megapixel","E","US","",""
"mp","mp","Megapixel","DK","US","",""
"mp","mp","Megapixel","D","US","",""
"mp","mp","Megapixel","AR","US","",""
"mp","mp","Megapixel","US","US","",""
"mp","mp","Megapixel","CS","US","",""
"mp","mp","Megapixel","HU","US","",""
"mp","mp","Megapixel","IW","US","",""
"mp","mp","Megapixel","N","US","",""
"mp","mp","Megapixel","PL","US","",""
"mp","mp","Megapixel","RO","US","",""
"m","m","Meter","US","US","",""
"m","m","Meter","AR","US","",""
"m","m","Meter","CS","US","",""
"m","m","Meter","DK","US","",""
"m","m","Meter","D","US","",""
"m","m","Meter","E","US","",""
"m","m","Meter","SF","US","",""
"m","m","Meter","F","US","",""
"m","m","Meter","FRC","US","",""
"m","m","Meter","HU","US","",""
"m","m","Meter","I","US","",""
"m","m","Meter","IW","US","",""
"m","メートル","メートル","JA","JA","",""
"m","m","Meter","KO","US","",""
"m","m","Meter","NL","US","",""
"m","m","Meter","N","US","",""
"m","m","Meter","PL","US","",""
"m","m","Meter","PTB","US","",""
"m","m","Meter","RO","US","",""
"m","m","Meter","RU","US","",""
"m","m","Meter","S","US","",""
"m","m","Meter","TR","US","",""
"m","m","Meter","ZHS","US","",""
"m","m","Meter","ZHT","US","",""
"m","m","Meter","TH","US","",""
"m","m","Meter","EL","US","",""
"m","m","Meter","ESA","US","",""
"m","m","Meter","HR","US","",""
"m","m","Meter","IS","US","",""
"m","m","Meter","LT","US","",""
"m","m","Meter","PT","US","",""
"m","m","Meter","SK","US","",""
"m","m","Meter","SL","US","",""
"m","m","Meter","ET","US","",""
"m","m","Meter","LV","US","",""
"ft","ft","Foot","US","US","",""
"ft","ft","Foot","AR","US","",""
"ft","ft","Foot","CS","US","",""
"ft","ft","Foot","DK","US","",""
"ft","Fuß","Fuß","D","D","",""
"ft","Pie","Pie","E","E","",""
"ft","ft","Foot","SF","US","",""
"ft","Pied","Pied","F","F","",""
"ft","Pied","Pied","FRC","FRC","",""
"ft","ft","Foot","HU","US","",""
"ft","Piede","Piede","I","I","",""
"ft","ft","Foot","IW","US","",""
"ft","フィート","フィート","JA","JA","",""
"ft","ft","Foot","KO","US","",""
"ft","ft","Voet","NL","NL","",""
"ft","ft","Foot","N","US","",""
"ft","ft","Foot","PL","US","",""
"ft","ft","Foot","PTB","US","",""
"ft","ft","Foot","RO","US","",""
"ft","ft","Foot","RU","US","",""
"ft","ft","Foot","S","US","",""
"ft","ft","Foot","TR","US","",""
"ft","英尺","英尺","ZHS","ZHS","",""
"ft","英尺","英尺","ZHT","ZHT","",""
"ft","ft","Foot","TH","US","",""
"ft","ft","Foot","EL","US","",""
"ft","ft","Foot","ESA","US","",""
"ft","ft","Foot","HR","US","",""
"ft","ft","Foot","IS","US","",""
"ft","ft","Foot","LT","US","",""
"ft","ft","Foot","PT","US","",""
"ft","ft","Foot","SK","US","",""
"ft","ft","Foot","SL","US","",""
"ft","ft","Foot","ET","US","",""
"ft","ft","Foot","LV","US","",""
"km","km","Kilometer","US","US","",""
"km","km","Kilometer","AR","US","",""
"km","km","Kilometer","CS","US","",""
"km","km","Kilometer","DK","US","",""
"km","km","Kilometer","D","US","",""
"km","km","Kilometer","E","US","",""
"km","km","Kilometer","SF","US","",""
"km","km","Kilometer","F","US","",""
"km","km","Kilometer","FRC","US","",""
"km","km","Kilometer","HU","US","",""
"km","km","Kilometer","I","US","",""
"km","km","Kilometer","IW","US","",""
"km","キロメートル","キロメートル","JA","JA","",""
"km","km","Kilometer","KO","US","",""
"km","km","Kilometer","NL","US","",""
"km","km","Kilometer","N","US","",""
"km","km","Kilometer","PL","US","",""
"km","km","Kilometer","PTB","US","",""
"km","km","Kilometer","RO","US","",""
"km","km","Kilometer","RU","US","",""
"km","km","Kilometer","S","US","",""
"km","km","Kilometer","TR","US","",""
"km","km","Kilometer","ZHS","US","",""
"km","km","Kilometer","ZHT","US","",""
"km","km","Kilometer","TH","US","",""
"km","km","Kilometer","EL","US","",""
"km","km","Kilometer","ESA","US","",""
"km","km","Kilometer","HR","US","",""
"km","km","Kilometer","IS","US","",""
"km","km","Kilometer","LT","US","",""
"km","km","Kilometer","PT","US","",""
"km","km","Kilometer","SK","US","",""
"km","km","Kilometer","SL","US","",""
"km","km","Kilometer","ET","US","",""
"km","km","Kilometer","LV","US","",""
"px","px","Pixel per inch","ZHT","US","",""
"px","px","Pixel per inch","ZHS","US","",""
"px","px","Pixel per inch","TR","US","",""
"px","px","Pixel per inch","TH","US","",""
"px","px","Pixel per inch","SF","US","",""
"px","px","Pixel per inch","S","US","",""
"px","px","Pixel per inch","RU","US","",""
"px","px","Pixel per inch","PTB","US","",""
"px","px","Pixel per inch","NL","US","",""
"px","px","Pixel per inch","KO","US","",""
"px","px","Pixel per inch","JA","US","",""
"px","px","Pixel per inch","I","US","",""
"px","px","Pixel per inch","FRC","US","",""
"px","px","Pixel per inch","F","US","",""
"px","px","Pixel per inch","E","US","",""
"px","px","Pixel per inch","DK","US","",""
"px","px","Pixel per inch","D","US","",""
"px","px","Pixel per inch","AR","US","",""
"px","px","Pixel per inch","US","US","",""
"px","px","Pixel per inch","CS","US","",""
"px","px","Pixel per inch","HU","US","",""
"px","px","Pixel per inch","IW","US","",""
"px","px","Pixel per inch","N","US","",""
"px","px","Pixel per inch","PL","US","",""
"px","px","Pixel per inch","RO","US","",""
"μm","μm","Micrometer","ZHT","US","",""
"μm","μm","Micrometer","ZHS","US","",""
"μm","μm","Micrometer","US","US","",""
"μm","μm","Micrometer","TR","US","",""
"μm","μm","Micrometer","SF","US","",""
"μm","μm","Micrometer","S","US","",""
"μm","μm","Micrometer","RU","US","",""
"μm","μm","Micrometer","PTB","US","",""
"μm","μm","Micrometer","PL","US","",""
"μm","μm","Micrometer","NL","US","",""
"μm","μm","Micrometer","KO","US","",""
"μm","μm","Micrometer","JA","US","",""
"μm","μm","Micrometer","I","US","",""
"μm","μm","Micrometer","FRC","US","",""
"μm","μm","Micrometer","F","US","",""
"μm","μm","Micrometer","E","US","",""
"μm","μm","Micrometer","DK","US","",""
"μm","μm","Micrometer","D","US","",""
"μm","μm","Micrometer","AR","US","",""
"μm","μm","Micrometer","CS","US","",""
"μm","μm","Micrometer","HU","US","",""
"μm","μm","Micrometer","IW","US","",""
"μm","μm","Micrometer","N","US","",""
"μm","μm","Micrometer","RO","US","",""
"μm","μm","Micrometer","TH","US","",""
"Month","Month","Month","US","US","",""
"Month","Month","Month","AR","US","",""
"Month","Month","Month","CS","US","",""
"Month","Month","Month","DK","US","",""
"Month","Monat","Monat","D","D","",""
"Month","Mes","Mes","E","E","",""
"Month","Month","Month","SF","US","",""
"Month","Mois","Mois","F","F","",""
"Month","Mois","Mois","FRC","FRC","",""
"Month","Month","Month","HU","US","",""
"Month","Mese","Mese","I","I","",""
"Month","Month","Month","IW","US","",""
"Month","月","月","JA","JA","",""
"Month","달","달","KO","KO","",""
"Month","Maand","Maand","NL","NL","",""
"Month","Month","Month","N","US","",""
"Month","Month","Month","PL","US","",""
"Month","Month","Month","PTB","US","",""
"Month","Month","Month","RO","US","",""
"Month","Month","Month","RU","US","",""
"Month","Month","Month","S","US","",""
"Month","Month","Month","TR","US","",""
"Month","月","月","ZHS","ZHS","",""
"Month","月","月","ZHT","ZHT","",""
"Month","Month","Month","TH","US","",""
"Month","Month","Month","EL","US","",""
"Month","Month","Month","ESA","US","",""
"Month","Month","Month","HR","US","",""
"Month","Month","Month","IS","US","",""
"Month","Month","Month","LT","US","",""
"Month","Month","Month","PT","US","",""
"Month","Month","Month","SK","US","",""
"Month","Month","Month","SL","US","",""
"Month","Month","Month","ET","US","",""
"Month","Month","Month","LV","US","",""
"Yr","Yr","Year","US","US","",""
"Yr","Yr","Year","AR","US","",""
"Yr","Yr","Year","CS","US","",""
"Yr","Yr","Year","DK","US","",""
"Yr","Jahr","Jahr","D","D","",""
"Yr","Año","Año","E","E","",""
"Yr","Yr","Year","SF","US","",""
"Yr","An","Année","F","F","",""
"Yr","An","Année","FRC","FRC","",""
"Yr","Yr","Year","HU","US","",""
"Yr","Anno","Mese","I","I","",""
"Yr","Yr","Year","IW","US","",""
"Yr","ヤード","年","JA","JA","",""
"Yr","Yr","년","KO","KO","",""
"Yr","Yr","Jaar","NL","NL","",""
"Yr","Yr","Year","N","US","",""
"Yr","Yr","Year","PL","US","",""
"Yr","Yr","Year","PTB","US","",""
"Yr","Yr","Year","RO","US","",""
"Yr","Yr","Year","RU","US","",""
"Yr","Yr","Year","S","US","",""
"Yr","Yr","Year","TR","US","",""
"Yr","年","年","ZHS","ZHS","",""
"Yr","年","年","ZHT","ZHT","",""
"Yr","Yr","Year","TH","US","",""
"Yr","Yr","Year","EL","US","",""
"Yr","Yr","Year","ESA","US","",""
"Yr","Yr","Year","HR","US","",""
"Yr","Yr","Year","IS","US","",""
"Yr","Yr","Year","LT","US","",""
"Yr","Yr","Year","PT","US","",""
"Yr","Yr","Year","SK","US","",""
"Yr","Yr","Year","SL","US","",""
"Yr","Yr","Year","ET","US","",""
"Yr","Yr","Year","LV","US","",""
"QTR","QTR","Quarter","ZHT","US","",""
"QTR","QTR","Quarter","ZHS","US","",""
"QTR","QTR","Quarter","TR","US","",""
"QTR","QTR","Quarter","TH","US","",""
"QTR","QTR","Quarter","SF","US","",""
"QTR","QTR","Quarter","S","US","",""
"QTR","QTR","Quarter","RU","US","",""
"QTR","QTR","Quarter","PTB","US","",""
"QTR","QTR","Quarter","NL","US","",""
"QTR","QTR","Quarter","KO","US","",""
"QTR","QTR","Quarter","JA","US","",""
"QTR","QTR","Quarter","I","US","",""
"QTR","QTR","Quarter","FRC","US","",""
"QTR","QTR","Quarter","F","US","",""
"QTR","QTR","Quarter","E","US","",""
"QTR","QTR","Quarter","DK","US","",""
"QTR","QTR","Quarter","D","US","",""
"QTR","QTR","Quarter","AR","US","",""
"QTR","QTR","Quarter","US","US","",""
"QTR","QTR","Quarter","CS","US","",""
"QTR","QTR","Quarter","HU","US","",""
"QTR","QTR","Quarter","IW","US","",""
"QTR","QTR","Quarter","N","US","",""
"QTR","QTR","Quarter","PL","US","",""
"QTR","QTR","Quarter","RO","US","",""
"Hr","Hr","Hour","US","US","",""
"Hr","Hr","Hour","AR","US","",""
"Hr","Hr","Hour","CS","US","",""
"Hr","Hr","Hour","DK","US","",""
"Hr","Std","Stunde","D","D","",""
"Hr","Hr","Hora","E","E","",""
"Hr","Hr","Hour","SF","US","",""
"Hr","Heure","Heure","F","F","",""
"Hr","Heure","Heure","FRC","FRC","",""
"Hr","Hr","Hour","HU","US","",""
"Hr","Ora","Ora","I","I","",""
"Hr","Hr","Hour","IW","US","",""
"Hr","時間","時間","JA","JA","",""
"Hr","시간","시간","KO","KO","",""
"Hr","Hr","Uur","NL","NL","",""
"Hr","Hr","Hour","N","US","",""
"Hr","Hr","Hour","PL","US","",""
"Hr","Hr","Hour","PTB","US","",""
"Hr","Hr","Hour","RO","US","",""
"Hr","Hr","Hour","RU","US","",""
"Hr","Hr","Hour","S","US","",""
"Hr","Hr","Hour","TR","US","",""
"Hr","小时","小时","ZHS","ZHS","",""
"Hr","小時","小時","ZHT","ZHT","",""
"Hr","Hr","Hour","TH","US","",""
"Hr","Hr","Hour","EL","US","",""
"Hr","Hr","Hour","ESA","US","",""
"Hr","Hr","Hour","HR","US","",""
"Hr","Hr","Hour","IS","US","",""
"Hr","Hr","Hour","LT","US","",""
"Hr","Hr","Hour","PT","US","",""
"Hr","Hr","Hour","SK","US","",""
"Hr","Hr","Hour","SL","US","",""
"Hr","Hr","Hour","ET","US","",""
"Hr","Hr","Hour","LV","US","",""
"Min","Min","Minute","US","US","",""
"Min","Min","Minute","AR","US","",""
"Min","Min","Minute","CS","US","",""
"Min","Min","Minute","DK","US","",""
"Min","Min","Minute","D","US","",""
"Min","Min","Minuto","E","E","",""
"Min","Min","Minute","SF","US","",""
"Min","Min","Minute","F","US","",""
"Min","Min","Minute","FRC","US","",""
"Min","Min","Minute","HU","US","",""
"Min","Min","Minuto","I","I","",""
"Min","Min","Minute","IW","US","",""
"Min","分","分","JA","JA","",""
"Min","Min","분","KO","KO","",""
"Min","Min","Minuut","NL","NL","",""
"Min","Min","Minute","N","US","",""
"Min","Min","Minute","PL","US","",""
"Min","Min","Minute","PTB","US","",""
"Min","Min","Minute","RO","US","",""
"Min","Min","Minute","RU","US","",""
"Min","Min","Minute","S","US","",""
"Min","Min","Minute","TR","US","",""
"Min","Min","分钟","ZHS","ZHS","",""
"Min","Min","分鍾","ZHT","ZHT","",""
"Min","Min","Minute","TH","US","",""
"Min","Min","Minute","EL","US","",""
"Min","Min","Minute","ESA","US","",""
"Min","Min","Minute","HR","US","",""
"Min","Min","Minute","IS","US","",""
"Min","Min","Minute","LT","US","",""
"Min","Min","Minute","PT","US","",""
"Min","Min","Minute","SK","US","",""
"Min","Min","Minute","SL","US","",""
"Min","Min","Minute","ET","US","",""
"Min","Min","Minute","LV","US","",""
"Week","Week","Week","US","US","",""
"Week","Week","Week","AR","US","",""
"Week","Week","Week","CS","US","",""
"Week","Week","Week","DK","US","",""
"Week","Woche","Woche","D","D","",""
"Week","Semana","Semana","E","E","",""
"Week","Week","Week","SF","US","",""
"Week","Semaine","Semaine","F","F","",""
"Week","Semaine","Semaine","FRC","FRC","",""
"Week","Week","Week","HU","US","",""
"Week","Settimana","Settimana","I","I","",""
"Week","Week","Week","IW","US","",""
"Week","週","週","JA","JA","",""
"Week","주","주","KO","KO","",""
"Week","Week","Week","NL","US","",""
"Week","Week","Week","N","US","",""
"Week","Week","Week","PL","US","",""
"Week","Week","Week","PTB","US","",""
"Week","Week","Week","RO","US","",""
"Week","Week","Week","RU","US","",""
"Week","Week","Week","S","US","",""
"Week","Week","Week","TR","US","",""
"Week","周","周","ZHS","ZHS","",""
"Week","周","周","ZHT","ZHT","",""
"Week","Week","Week","TH","US","",""
"Week","Week","Week","EL","US","",""
"Week","Week","Week","ESA","US","",""
"Week","Week","Week","HR","US","",""
"Week","Week","Week","IS","US","",""
"Week","Week","Week","LT","US","",""
"Week","Week","Week","PT","US","",""
"Week","Week","Week","SK","US","",""
"Week","Week","Week","SL","US","",""
"Week","Week","Week","ET","US","",""
"Week","Week","Week","LV","US","",""
"kWh","kWh","Kilowatt Hour","ZHT","US","",""
"kWh","kWh","Kilowatt Hour","ZHS","US","",""
"kWh","kWh","Kilowatt Hour","SF","US","",""
"kWh","kWh","Kilowatt Hour","S","US","",""
"kWh","kWh","Kilowatt Hour","RU","US","",""
"kWh","kWh","Kilowatt Hour","PTB","US","",""
"kWh","kWh","Kilowatt Hour","PL","US","",""
"kWh","kWh","Kilowatt Hour","NL","US","",""
"kWh","kWh","Kilowatt Hour","N","US","",""
"kWh","kWh","Kilowatt Hour","KO","US","",""
"kWh","kWh","Kilowatt Hour","JA","US","",""
"kWh","kWh","Kilowatt Hour","I","US","",""
"kWh","kWh","Kilowatt Hour","FRC","US","",""
"kWh","kWh","Kilowatt Hour","F","US","",""
"kWh","kWh","Kilowatt Hour","E","US","",""
"kWh","kWh","Kilowatt Hour","DK","US","",""
"kWh","kWh","Kilowatt Hour","D","US","",""
"kWh","kWh","Kilowatt Hour","AR","US","",""
"kWh","kWh","Kilowatt Hour","US","US","",""
"kWh","kWh","Kilowatt Hour","CS","US","",""
"kWh","kWh","Kilowatt Hour","HU","US","",""
"kWh","kWh","Kilowatt Hour","IW","US","",""
"kWh","kWh","Kilowatt Hour","RO","US","",""
"kWh","kWh","Kilowatt Hour","TR","US","",""
"kWh","kWh","Kilowatt Hour","TH","US","",""
"kWh","kWh","Kilowatt Hour","EL","US","",""
"kWh","kWh","Kilowatt Hour","ESA","US","",""
"kWh","kWh","Kilowatt Hour","HR","US","",""
"kWh","kWh","Kilowatt Hour","IS","US","",""
"kWh","kWh","Kilowatt Hour","LT","US","",""
"kWh","kWh","Kilowatt Hour","PT","US","",""
"kWh","kWh","Kilowatt Hour","SK","US","",""
"kWh","kWh","Kilowatt Hour","SL","US","",""
"kWh","kWh","Kilowatt Hour","ET","US","",""
"kWh","kWh","Kilowatt Hour","LV","US","",""
"Mnth","Mnth","Month","ZHT","US","",""
"Mnth","Mnth","Month","ZHS","US","",""
"Mnth","Mnth","Month","TR","US","",""
"Mnth","Mnth","Month","TH","US","",""
"Mnth","Mnth","Month","SF","US","",""
"Mnth","Mnth","Month","S","US","",""
"Mnth","Mnth","Month","RU","US","",""
"Mnth","Mnth","Month","PTB","US","",""
"Mnth","Mnth","Month","NL","US","",""
"Mnth","Mnth","Month","KO","US","",""
"Mnth","Mnth","Month","JA","US","",""
"Mnth","Mnth","Month","I","US","",""
"Mnth","Mnth","Month","FRC","US","",""
"Mnth","Mnth","Month","F","US","",""
"Mnth","Mnth","Month","E","US","",""
"Mnth","Mnth","Month","DK","US","",""
"Mnth","Mnth","Month","D","US","",""
"Mnth","Mnth","Month","AR","US","",""
"Mnth","Mnth","Month","US","US","",""
"Mnth","Mnth","Month","CS","US","",""
"Mnth","Mnth","Month","HU","US","",""
"Mnth","Mnth","Month","IW","US","",""
"Mnth","Mnth","Month","N","US","",""
"Mnth","Mnth","Month","PL","US","",""
"Mnth","Mnth","Month","RO","US","",""
"Year","Year","Year","ZHT","US","",""
"Year","Year","Year","ZHS","US","",""
"Year","Year","Year","TR","US","",""
"Year","Year","Year","TH","US","",""
"Year","Year","Year","SF","US","",""
"Year","Year","Year","S","US","",""
"Year","Year","Year","RU","US","",""
"Year","Year","Year","PTB","US","",""
"Year","Year","Year","NL","US","",""
"Year","Year","Year","KO","US","",""
"Year","Year","Year","JA","US","",""
"Year","Year","Year","I","US","",""
"Year","Year","Year","FRC","US","",""
"Year","Year","Year","F","US","",""
"Year","Year","Year","E","US","",""
"Year","Year","Year","DK","US","",""
"Year","Year","Year","D","US","",""
"Year","Year","Year","AR","US","",""
"Year","Year","Year","US","US","",""
"Year","Year","Year","CS","US","",""
"Year","Year","Year","HU","US","",""
"Year","Year","Year","IW","US","",""
"Year","Year","Year","N","US","",""
"Year","Year","Year","PL","US","",""
"Year","Year","Year","RO","US","",""
"Day","Day","Day","US","US","",""
"Day","Day","Day","AR","US","",""
"Day","Day","Day","CS","US","",""
"Day","Day","Day","DK","US","",""
"Day","Tag","Tag","D","D","",""
"Day","Día","Día","E","E","",""
"Day","Day","Day","SF","US","",""
"Day","Jour","Jour","F","F","",""
"Day","Jour","Jour","FRC","FRC","",""
"Day","Day","Day","HU","US","",""
"Day","Giorno","Giorno","I","I","",""
"Day","Day","Day","IW","US","",""
"Day","日","日","JA","JA","",""
"Day","일","일","KO","KO","",""
"Day","Dag","Dag","NL","NL","",""
"Day","Day","Day","N","US","",""
"Day","Day","Day","PL","US","",""
"Day","Day","Day","PTB","US","",""
"Day","Day","Day","RO","US","",""
"Day","Day","Day","RU","US","",""
"Day","Day","Day","S","US","",""
"Day","Day","Day","TR","US","",""
"Day","天","天","ZHS","ZHS","",""
"Day","天","天","ZHT","ZHT","",""
"Day","Day","Day","TH","US","",""
"Day","Day","Day","EL","US","",""
"Day","Day","Day","ESA","US","",""
"Day","Day","Day","HR","US","",""
"Day","Day","Day","IS","US","",""
"Day","Day","Day","LT","US","",""
"Day","Day","Day","PT","US","",""
"Day","Day","Day","SK","US","",""
"Day","Day","Day","SL","US","",""
"Day","Day","Day","ET","US","",""
"Day","Day","Day","LV","US","",""
"Sec","Sec","Second","US","US","",""
"Sec","Sec","Second","AR","US","",""
"Sec","Sec","Second","CS","US","",""
"Sec","Sec","Second","DK","US","",""
"Sec","Sek","Sekunde","D","D","",""
"Sec","Seg","Segundo","E","E","",""
"Sec","Sec","Second","SF","US","",""
"Sec","Sec","Seconde","F","F","",""
"Sec","Sec","Seconde","FRC","FRC","",""
"Sec","Sec","Second","HU","US","",""
"Sec","Sec","Secondo","I","I","",""
"Sec","Sec","Second","IW","US","",""
"Sec","秒","秒","JA","JA","",""
"Sec","Sec","두번째","KO","KO","",""
"Sec","Sec","Tweede","NL","NL","",""
"Sec","Sec","Second","N","US","",""
"Sec","Sec","Second","PL","US","",""
"Sec","Sec","Second","PTB","US","",""
"Sec","Sec","Second","RO","US","",""
"Sec","Sec","Second","RU","US","",""
"Sec","Sec","Second","S","US","",""
"Sec","Sec","Second","TR","US","",""
"Sec","秒","秒","ZHS","ZHS","",""
"Sec","秒","秒","ZHT","ZHT","",""
"Sec","Sec","Second","TH","US","",""
"Sec","Sec","Second","EL","US","",""
"Sec","Sec","Second","ESA","US","",""
"Sec","Sec","Second","HR","US","",""
"Sec","Sec","Second","IS","US","",""
"Sec","Sec","Second","LT","US","",""
"Sec","Sec","Second","PT","US","",""
"Sec","Sec","Second","SK","US","",""
"Sec","Sec","Second","SL","US","",""
"Sec","Sec","Second","ET","US","",""
"Sec","Sec","Second","LV","US","",""
"Biannual","Biannual","Biannual","ZHT","US","",""
"Biannual","Biannual","Biannual","ZHS","US","",""
"Biannual","Biannual","Biannual","US","US","",""
"Biannual","Biannual","Biannual","TR","US","",""
"Biannual","Biannual","Biannual","SF","US","",""
"Biannual","Biannual","Biannual","S","US","",""
"Biannual","Biannual","Biannual","RU","US","",""
"Biannual","Biannual","Biannual","PTB","US","",""
"Biannual","Biannual","Biannual","PL","US","",""
"Biannual","Biannual","Biannual","NL","US","",""
"Biannual","Biannual","Biannual","N","US","",""
"Biannual","Biannual","Biannual","KO","US","",""
"Biannual","Biannual","Biannual","JA","US","",""
"Biannual","Biannual","Biannual","I","US","",""
"Biannual","Biannual","Biannual","FRC","US","",""
"Biannual","Biannual","Biannual","F","US","",""
"Biannual","Biannual","Biannual","E","US","",""
"Biannual","Biannual","Biannual","DK","US","",""
"Biannual","Biannual","Biannual","D","US","",""
"Biannual","Biannual","Biannual","AR","US","",""
"Biannual","Biannual","Biannual","CS","US","",""
"Biannual","Biannual","Biannual","HU","US","",""
"Biannual","Biannual","Biannual","IW","US","",""
"Biannual","Biannual","Biannual","RO","US","",""
"Biannual","Biannual","Biannual","TH","US","",""
"ns","ns","Nanosecond","ZHT","US","",""
"ns","ns","Nanosecond","ZHS","US","",""
"ns","ns","Nanosecond","US","US","",""
"ns","ns","Nanosecond","TR","US","",""
"ns","ns","Nanosecond","SF","US","",""
"ns","ns","Nanosecond","S","US","",""
"ns","ns","Nanosecond","RU","US","",""
"ns","ns","Nanosecond","PTB","US","",""
"ns","ns","Nanosecond","PL","US","",""
"ns","ns","Nanosecond","NL","US","",""
"ns","ns","Nanosecond","KO","US","",""
"ns","ns","Nanosecond","JA","US","",""
"ns","ns","Nanosecond","I","US","",""
"ns","ns","Nanosecond","FRC","US","",""
"ns","ns","Nanosecond","F","US","",""
"ns","ns","Nanosecond","E","US","",""
"ns","ns","Nanosecond","DK","US","",""
"ns","ns","Nanosecond","D","US","",""
"ns","ns","Nanosecond","AR","US","",""
"ns","ns","Nanosecond","CS","US","",""
"ns","ns","Nanosecond","HU","US","",""
"ns","ns","Nanosecond","IW","US","",""
"ns","ns","Nanosecond","N","US","",""
"ns","ns","Nanosecond","RO","US","",""
"ns","ns","Nanosecond","TH","US","",""
"cu in","cu in","Cubic Inch","US","US","",""
"cu in","cu in","Cubic Inch","AR","US","",""
"cu in","cu in","Cubic Inch","CS","US","",""
"cu in","cu in","Cubic Inch","DK","US","",""
"cu in","cu in","Kubikzoll","D","D","",""
"cu in","cu in","Pulgada cúbica","E","E","",""
"cu in","cu in","Cubic Inch","SF","US","",""
"cu in","cu in","Pouce cubique","F","F","",""
"cu in","cu in","Pouce cubique","FRC","FRC","",""
"cu in","cu in","Cubic Inch","HU","US","",""
"cu in","cu in","Pollice cubico","I","I","",""
"cu in","cu in","Cubic Inch","IW","US","",""
"cu in","立法インチ","立方インチ","JA","JA","",""
"cu in","cu in","Cubic Inch","KO","US","",""
"cu in","cu in","Kubieke inch","NL","NL","",""
"cu in","cu in","Cubic Inch","N","US","",""
"cu in","cu in","Cubic Inch","PL","US","",""
"cu in","cu in","Cubic Inch","PTB","US","",""
"cu in","cu in","Cubic Inch","RO","US","",""
"cu in","cu in","Cubic Inch","RU","US","",""
"cu in","cu in","Cubic Inch","S","US","",""
"cu in","cu in","Cubic Inch","TR","US","",""
"cu in","cu in","立方英寸","ZHS","ZHS","",""
"cu in","cu in","立方英寸","ZHT","ZHT","",""
"cu in","cu in","Cubic Inch","TH","US","",""
"cu in","cu in","Cubic Inch","EL","US","",""
"cu in","cu in","Cubic Inch","ESA","US","",""
"cu in","cu in","Cubic Inch","HR","US","",""
"cu in","cu in","Cubic Inch","IS","US","",""
"cu in","cu in","Cubic Inch","LT","US","",""
"cu in","cu in","Cubic Inch","PT","US","",""
"cu in","cu in","Cubic Inch","SK","US","",""
"cu in","cu in","Cubic Inch","SL","US","",""
"cu in","cu in","Cubic Inch","ET","US","",""
"cu in","cu in","Cubic Inch","LV","US","",""
"cu ft","cu ft","Cubic Foot","US","US","",""
"cu ft","cu ft","Cubic Foot","AR","US","",""
"cu ft","cu ft","Cubic Foot","CS","US","",""
"cu ft","cu ft","Cubic Foot","DK","US","",""
"cu ft","cu ft","Kubikfuß","D","D","",""
"cu ft","cu ft","Pie cúbico","E","E","",""
"cu ft","cu ft","Cubic Foot","SF","US","",""
"cu ft","cu ft","Pied cubique","F","F","",""
"cu ft","cu ft","Pied cubique","FRC","FRC","",""
"cu ft","cu ft","Cubic Foot","HU","US","",""
"cu ft","cu ft","Piede Cubico","I","I","",""
"cu ft","cu ft","Cubic Foot","IW","US","",""
"cu ft","立法フート","立方フート","JA","JA","",""
"cu ft","cu ft","Cubic Foot","KO","US","",""
"cu ft","cu ft","Kubieke voet","NL","NL","",""
"cu ft","cu ft","Cubic Foot","N","US","",""
"cu ft","cu ft","Cubic Foot","PL","US","",""
"cu ft","cu ft","Cubic Foot","PTB","US","",""
"cu ft","cu ft","Cubic Foot","RO","US","",""
"cu ft","cu ft","Cubic Foot","RU","US","",""
"cu ft","cu ft","Cubic Foot","S","US","",""
"cu ft","cu ft","Cubic Foot","TR","US","",""
"cu ft","cu ft","立方尺","ZHS","ZHS","",""
"cu ft","cu ft","立方尺","ZHT","ZHT","",""
"cu ft","cu ft","Cubic Foot","TH","US","",""
"cu ft","cu ft","Cubic Foot","EL","US","",""
"cu ft","cu ft","Cubic Foot","ESA","US","",""
"cu ft","cu ft","Cubic Foot","HR","US","",""
"cu ft","cu ft","Cubic Foot","IS","US","",""
"cu ft","cu ft","Cubic Foot","LT","US","",""
"cu ft","cu ft","Cubic Foot","PT","US","",""
"cu ft","cu ft","Cubic Foot","SK","US","",""
"cu ft","cu ft","Cubic Foot","SL","US","",""
"cu ft","cu ft","Cubic Foot","ET","US","",""
"cu ft","cu ft","Cubic Foot","LV","US","",""
"mL","mL","Milliliter","US","US","",""
"mL","mL","Milliliter","AR","US","",""
"mL","mL","Milliliter","CS","US","",""
"mL","mL","Milliliter","DK","US","",""
"mL","mL","Milliliter","D","US","",""
"mL","mL","Milliliter","E","US","",""
"mL","mL","Milliliter","SF","US","",""
"mL","mL","Milliliter","F","US","",""
"mL","mL","Milliliter","FRC","US","",""
"mL","mL","Milliliter","HU","US","",""
"mL","mL","Milliliter","I","US","",""
"mL","mL","Milliliter","IW","US","",""
"mL","ミリリットル","ミリリットル","JA","JA","",""
"mL","mL","Milliliter","KO","US","",""
"mL","mL","Milliliter","NL","US","",""
"mL","mL","Milliliter","N","US","",""
"mL","mL","Milliliter","PL","US","",""
"mL","mL","Milliliter","PTB","US","",""
"mL","mL","Milliliter","RO","US","",""
"mL","mL","Milliliter","RU","US","",""
"mL","mL","Milliliter","S","US","",""
"mL","mL","Milliliter","TR","US","",""
"mL","mL","Milliliter","ZHS","US","",""
"mL","mL","Milliliter","ZHT","US","",""
"mL","mL","Milliliter","TH","US","",""
"mL","mL","Milliliter","EL","US","",""
"mL","mL","Milliliter","ESA","US","",""
"mL","mL","Milliliter","HR","US","",""
"mL","mL","Milliliter","IS","US","",""
"mL","mL","Milliliter","LT","US","",""
"mL","mL","Milliliter","PT","US","",""
"mL","mL","Milliliter","SK","US","",""
"mL","mL","Milliliter","SL","US","",""
"mL","mL","Milliliter","ET","US","",""
"mL","mL","Milliliter","LV","US","",""
"L","L","Liter","US","US","",""
"L","L","Liter","AR","US","",""
"L","L","Liter","CS","US","",""
"L","L","Liter","DK","US","",""
"L","L","Liter","D","US","",""
"L","L","Liter","E","US","",""
"L","L","Liter","SF","US","",""
"L","L","Liter","F","US","",""
"L","L","Liter","FRC","US","",""
"L","L","Liter","HU","US","",""
"L","L","Liter","I","US","",""
"L","L","Liter","IW","US","",""
"L","リットル","リットル","JA","JA","",""
"L","L","Liter","KO","US","",""
"L","L","Liter","NL","US","",""
"L","L","Liter","N","US","",""
"L","L","Liter","PL","US","",""
"L","L","Liter","PTB","US","",""
"L","L","Liter","RO","US","",""
"L","L","Liter","RU","US","",""
"L","L","Liter","S","US","",""
"L","L","Liter","TR","US","",""
"L","L","Liter","ZHS","US","",""
"L","L","Liter","ZHT","US","",""
"L","L","Liter","TH","US","",""
"L","L","Liter","EL","US","",""
"L","L","Liter","ESA","US","",""
"L","L","Liter","HR","US","",""
"L","L","Liter","IS","US","",""
"L","L","Liter","LT","US","",""
"L","L","Liter","PT","US","",""
"L","L","Liter","SK","US","",""
"L","L","Liter","SL","US","",""
"L","L","Liter","ET","US","",""
"L","L","Liter","LV","US","",""
"m3","m3","Cubic Meter","US","US","",""
"m3","m3","Cubic Meter","AR","US","",""
"m3","m3","Cubic Meter","CS","US","",""
"m3","m3","Cubic Meter","DK","US","",""
"m3","cu m","Kubikmeter","D","D","",""
"m3","cu m","Metro cúbico","E","E","",""
"m3","m3","Cubic Meter","SF","US","",""
"m3","cu m","Mètre cube","F","F","",""
"m3","cu m","Mètre cube","FRC","FRC","",""
"m3","m3","Cubic Meter","HU","US","",""
"m3","cu m","Metro Cubico","I","I","",""
"m3","m3","Cubic Meter","IW","US","",""
"m3","立法メートル","立方メートル","JA","JA","",""
"m3","m3","Cubic Meter","KO","US","",""
"m3","cu m","Kubieke meter","NL","NL","",""
"m3","m3","Cubic Meter","N","US","",""
"m3","m3","Cubic Meter","PL","US","",""
"m3","m3","Cubic Meter","PTB","US","",""
"m3","m3","Cubic Meter","RO","US","",""
"m3","m3","Cubic Meter","RU","US","",""
"m3","m3","Cubic Meter","S","US","",""
"m3","m3","Cubic Meter","TR","US","",""
"m3","cu m","立方米","ZHS","ZHS","",""
"m3","cu m","立方米","ZHT","ZHT","",""
"m3","m3","Cubic Meter","TH","US","",""
"m3","m3","Cubic Meter","EL","US","",""
"m3","m3","Cubic Meter","ESA","US","",""
"m3","m3","Cubic Meter","HR","US","",""
"m3","m3","Cubic Meter","IS","US","",""
"m3","m3","Cubic Meter","LT","US","",""
"m3","m3","Cubic Meter","PT","US","",""
"m3","m3","Cubic Meter","SK","US","",""
"m3","m3","Cubic Meter","SL","US","",""
"m3","m3","Cubic Meter","ET","US","",""
"m3","m3","Cubic Meter","LV","US","",""
"dl","dl","Deciliter","ZHT","US","",""
"dl","dl","Deciliter","ZHS","US","",""
"dl","dl","Deciliter","US","US","",""
"dl","dl","Deciliter","TR","US","",""
"dl","dl","Deciliter","SF","US","",""
"dl","dl","Deciliter","S","US","",""
"dl","dl","Deciliter","RU","US","",""
"dl","dl","Deciliter","PTB","US","",""
"dl","dl","Deciliter","PL","US","",""
"dl","dl","Deciliter","NL","US","",""
"dl","dl","Deciliter","KO","US","",""
"dl","dl","Deciliter","JA","US","",""
"dl","dl","Deciliter","I","US","",""
"dl","dl","Deciliter","FRC","US","",""
"dl","dl","Deciliter","F","US","",""
"dl","dl","Deciliter","E","US","",""
"dl","dl","Deciliter","DK","US","",""
"dl","dl","Deciliter","D","US","",""
"dl","dl","Deciliter","AR","US","",""
"dl","dl","Deciliter","CS","US","",""
"dl","dl","Deciliter","HU","US","",""
"dl","dl","Deciliter","IW","US","",""
"dl","dl","Deciliter","N","US","",""
"dl","dl","Deciliter","RO","US","",""
"dl","dl","Deciliter","TH","US","",""
"mm3","mm3","Cubic Millimeter","ZHT","US","",""
"mm3","mm3","Cubic Millimeter","ZHS","US","",""
"mm3","mm3","Cubic Millimeter","US","US","",""
"mm3","mm3","Cubic Millimeter","TR","US","",""
"mm3","mm3","Cubic Millimeter","SF","US","",""
"mm3","mm3","Cubic Millimeter","S","US","",""
"mm3","mm3","Cubic Millimeter","RU","US","",""
"mm3","mm3","Cubic Millimeter","PTB","US","",""
"mm3","mm3","Cubic Millimeter","PL","US","",""
"mm3","mm3","Cubic Millimeter","NL","US","",""
"mm3","mm3","Cubic Millimeter","KO","US","",""
"mm3","mm3","Cubic Millimeter","JA","US","",""
"mm3","mm3","Cubic Millimeter","I","US","",""
"mm3","mm3","Cubic Millimeter","FRC","US","",""
"mm3","mm3","Cubic Millimeter","F","US","",""
"mm3","mm3","Cubic Millimeter","E","US","",""
"mm3","mm3","Cubic Millimeter","DK","US","",""
"mm3","mm3","Cubic Millimeter","D","US","",""
"mm3","mm3","Cubic Millimeter","AR","US","",""
"mm3","mm3","Cubic Millimeter","CS","US","",""
"mm3","mm3","Cubic Millimeter","HU","US","",""
"mm3","mm3","Cubic Millimeter","IW","US","",""
"mm3","mm3","Cubic Millimeter","N","US","",""
"mm3","mm3","Cubic Millimeter","RO","US","",""
"mm3","mm3","Cubic Millimeter","TH","US","",""
"hl","hl","Hectoliter","ZHT","US","",""
"hl","hl","Hectoliter","ZHS","US","",""
"hl","hl","Hectoliter","US","US","",""
"hl","hl","Hectoliter","TR","US","",""
"hl","hl","Hectoliter","SF","US","",""
"hl","hl","Hectoliter","S","US","",""
"hl","hl","Hectoliter","RU","US","",""
"hl","hl","Hectoliter","PTB","US","",""
"hl","hl","Hectoliter","PL","US","",""
"hl","hl","Hectoliter","NL","US","",""
"hl","hl","Hectoliter","KO","US","",""
"hl","hl","Hectoliter","JA","US","",""
"hl","hl","Hectoliter","I","US","",""
"hl","hl","Hectoliter","FRC","US","",""
"hl","hl","Hectoliter","F","US","",""
"hl","hl","Hectoliter","E","US","",""
"hl","hl","Hectoliter","DK","US","",""
"hl","hl","Hectoliter","D","US","",""
"hl","hl","Hectoliter","AR","US","",""
"hl","hl","Hectoliter","CS","US","",""
"hl","hl","Hectoliter","HU","US","",""
"hl","hl","Hectoliter","IW","US","",""
"hl","hl","Hectoliter","N","US","",""
"hl","hl","Hectoliter","RO","US","",""
"hl","hl","Hectoliter","TH","US","",""
"cm3","cm3","Cubic Centimeterr","ZHT","US","",""
"cm3","cm3","Cubic Centimeterr","ZHS","US","",""
"cm3","cm3","Cubic Centimeterr","US","US","",""
"cm3","cm3","Cubic Centimeterr","TR","US","",""
"cm3","cm3","Cubic Centimeterr","SF","US","",""
"cm3","cm3","Cubic Centimeterr","S","US","",""
"cm3","cm3","Cubic Centimeterr","RU","US","",""
"cm3","cm3","Cubic Centimeterr","PTB","US","",""
"cm3","cm3","Cubic Centimeterr","PL","US","",""
"cm3","cm3","Cubic Centimeterr","NL","US","",""
"cm3","cm3","Cubic Centimeterr","KO","US","",""
"cm3","cm3","Cubic Centimeterr","JA","US","",""
"cm3","cm3","Cubic Centimeterr","I","US","",""
"cm3","cm3","Cubic Centimeterr","FRC","US","",""
"cm3","cm3","Cubic Centimeterr","F","US","",""
"cm3","cm3","Cubic Centimeterr","E","US","",""
"cm3","cm3","Cubic Centimeterr","DK","US","",""
"cm3","cm3","Cubic Centimeterr","D","US","",""
"cm3","cm3","Cubic Centimeterr","AR","US","",""
"cm3","cm3","Cubic Centimeterr","CS","US","",""
"cm3","cm3","Cubic Centimeterr","HU","US","",""
"cm3","cm3","Cubic Centimeterr","IW","US","",""
"cm3","cm3","Cubic Centimeterr","N","US","",""
"cm3","cm3","Cubic Centimeterr","RO","US","",""
"cm3","cm3","Cubic Centimeterr","TH","US","",""
"GBP","GBP","British Pound","US","US","",""
"GBP","GBP","British Pound","AR","US","",""
"GBP","GBP","British Pound","CS","US","",""
"GBP","GBP","British Pound","DK","US","",""
"GBP","GBP","British Pound","D","US","",""
"GBP","GBP","British Pound","E","US","",""
"GBP","GBP","British Pound","SF","US","",""
"GBP","GBP","British Pound","F","US","",""
"GBP","GBP","British Pound","FRC","US","",""
"GBP","GBP","British Pound","HU","US","",""
"GBP","GBP","British Pound","I","US","",""
"GBP","GBP","British Pound","IW","US","",""
"GBP","GBP","British Pound","JA","US","",""
"GBP","GBP","British Pound","KO","US","",""
"GBP","GBP","British Pound","NL","US","",""
"GBP","GBP","British Pound","N","US","",""
"GBP","GBP","British Pound","PL","US","",""
"GBP","GBP","British Pound","PTB","US","",""
"GBP","GBP","British Pound","RO","US","",""
"GBP","GBP","British Pound","RU","US","",""
"GBP","GBP","British Pound","S","US","",""
"GBP","GBP","British Pound","TR","US","",""
"GBP","GBP","British Pound","ZHS","US","",""
"GBP","GBP","British Pound","ZHT","US","",""
"GBP","GBP","British Pound","TH","US","",""
"GBP","GBP","British Pound","EL","US","",""
"GBP","GBP","British Pound","ESA","US","",""
"GBP","GBP","British Pound","HR","US","",""
"GBP","GBP","British Pound","IS","US","",""
"GBP","GBP","British Pound","LT","US","",""
"GBP","GBP","British Pound","PT","US","",""
"GBP","GBP","British Pound","SK","US","",""
"GBP","GBP","British Pound","SL","US","",""
"GBP","GBP","British Pound","ET","US","",""
"GBP","GBP","British Pound","LV","US","",""
"EUR","EUR","Euro","US","US","",""
"EUR","EUR","Euro","AR","US","",""
"EUR","EUR","Euro","CS","US","",""
"EUR","EUR","Euro","DK","US","",""
"EUR","EUR","Euro","D","US","",""
"EUR","EUR","Euro","E","US","",""
"EUR","EUR","Euro","SF","US","",""
"EUR","EUR","Euro","F","US","",""
"EUR","EUR","Euro","FRC","US","",""
"EUR","EUR","Euro","HU","US","",""
"EUR","EUR","Euro","I","US","",""
"EUR","EUR","Euro","IW","US","",""
"EUR","EUR","Euro","JA","US","",""
"EUR","EUR","Euro","KO","US","",""
"EUR","EUR","Euro","NL","US","",""
"EUR","EUR","Euro","N","US","",""
"EUR","EUR","Euro","PL","US","",""
"EUR","EUR","Euro","PTB","US","",""
"EUR","EUR","Euro","RO","US","",""
"EUR","EUR","Euro","RU","US","",""
"EUR","EUR","Euro","S","US","",""
"EUR","EUR","Euro","TR","US","",""
"EUR","EUR","Euro","ZHS","US","",""
"EUR","EUR","Euro","ZHT","US","",""
"EUR","EUR","Euro","TH","US","",""
"EUR","EUR","Euro","EL","US","",""
"EUR","EUR","Euro","ESA","US","",""
"EUR","EUR","Euro","HR","US","",""
"EUR","EUR","Euro","IS","US","",""
"EUR","EUR","Euro","LT","US","",""
"EUR","EUR","Euro","PT","US","",""
"EUR","EUR","Euro","SK","US","",""
"EUR","EUR","Euro","SL","US","",""
"EUR","EUR","Euro","ET","US","",""
"EUR","EUR","Euro","LV","US","",""
"CNY","CNY","Yen","US","US","",""
"CNY","CNY","Yen","AR","US","",""
"CNY","CNY","Yen","CS","US","",""
"CNY","CNY","Yen","DK","US","",""
"CNY","CNY","Yen","D","US","",""
"CNY","CNY","Yen","E","US","",""
"CNY","CNY","Yen","SF","US","",""
"CNY","CNY","Yen","F","US","",""
"CNY","CNY","Yen","FRC","US","",""
"CNY","CNY","Yen","HU","US","",""
"CNY","CNY","Yen","I","US","",""
"CNY","CNY","Yen","IW","US","",""
"CNY","CNY","Yen","JA","US","",""
"CNY","CNY","Yen","KO","US","",""
"CNY","CNY","Yen","NL","US","",""
"CNY","CNY","Yen","N","US","",""
"CNY","CNY","Yen","PL","US","",""
"CNY","CNY","Yen","PTB","US","",""
"CNY","CNY","Yen","RO","US","",""
"CNY","CNY","Yen","RU","US","",""
"CNY","CNY","Yen","S","US","",""
"CNY","CNY","Yen","TR","US","",""
"CNY","CNY","Yen","ZHS","US","",""
"CNY","CNY","Yen","ZHT","US","",""
"CNY","CNY","Yen","TH","US","",""
"CNY","CNY","Yen","EL","US","",""
"CNY","CNY","Yen","ESA","US","",""
"CNY","CNY","Yen","HR","US","",""
"CNY","CNY","Yen","IS","US","",""
"CNY","CNY","Yen","LT","US","",""
"CNY","CNY","Yen","PT","US","",""
"CNY","CNY","Yen","SK","US","",""
"CNY","CNY","Yen","SL","US","",""
"CNY","CNY","Yen","ET","US","",""
"CNY","CNY","Yen","LV","US","",""
"USD","USD","US Dollar","US","US","",""
"USD","USD","US Dollar","AR","US","",""
"USD","USD","US Dollar","CS","US","",""
"USD","USD","US Dollar","DK","US","",""
"USD","USD","US Dollar","D","US","",""
"USD","USD","US Dollar","E","US","",""
"USD","USD","US Dollar","SF","US","",""
"USD","USD","US Dollar","F","US","",""
"USD","USD","US Dollar","FRC","US","",""
"USD","USD","US Dollar","HU","US","",""
"USD","USD","US Dollar","I","US","",""
"USD","USD","US Dollar","IW","US","",""
"USD","USD","US Dollar","JA","US","",""
"USD","USD","US Dollar","KO","US","",""
"USD","USD","US Dollar","NL","US","",""
"USD","USD","US Dollar","N","US","",""
"USD","USD","US Dollar","PL","US","",""
"USD","USD","US Dollar","PTB","US","",""
"USD","USD","US Dollar","RO","US","",""
"USD","USD","US Dollar","RU","US","",""
"USD","USD","US Dollar","S","US","",""
"USD","USD","US Dollar","TR","US","",""
"USD","USD","US Dollar","ZHS","US","",""
"USD","USD","US Dollar","ZHT","US","",""
"USD","USD","US Dollar","TH","US","",""
"USD","USD","US Dollar","EL","US","",""
"USD","USD","US Dollar","ESA","US","",""
"USD","USD","US Dollar","HR","US","",""
"USD","USD","US Dollar","IS","US","",""
"USD","USD","US Dollar","LT","US","",""
"USD","USD","US Dollar","PT","US","",""
"USD","USD","US Dollar","SK","US","",""
"USD","USD","US Dollar","SL","US","",""
"USD","USD","US Dollar","ET","US","",""
"USD","USD","US Dollar","LV","US","",""
"TB","TB","Terabyte","US","US","",""
"TB","TB","Terabyte","AR","US","",""
"TB","TB","Terabyte","CS","US","",""
"TB","TB","Terabyte","DK","US","",""
"TB","TB","Terabyte","D","US","",""
"TB","TB","Terabyte","E","US","",""
"TB","TB","Terabyte","SF","US","",""
"TB","TB","Terabyte","F","US","",""
"TB","TB","Terabyte","FRC","US","",""
"TB","TB","Terabyte","HU","US","",""
"TB","TB","Terabyte","I","US","",""
"TB","TB","Terabyte","IW","US","",""
"TB","テラバイト","テラバイト","JA","JA","",""
"TB","TB","Terabyte","KO","US","",""
"TB","TB","Terabyte","NL","US","",""
"TB","TB","Terabyte","N","US","",""
"TB","TB","Terabyte","PL","US","",""
"TB","TB","Terabyte","PTB","US","",""
"TB","TB","Terabyte","RO","US","",""
"TB","TB","Terabyte","RU","US","",""
"TB","TB","Terabyte","S","US","",""
"TB","TB","Terabyte","TR","US","",""
"TB","管","千兆字节","ZHS","ZHS","",""
"TB","管","千兆字節","ZHT","ZHT","",""
"TB","TB","Terabyte","TH","US","",""
"TB","TB","Terabyte","EL","US","",""
"TB","TB","Terabyte","ESA","US","",""
"TB","TB","Terabyte","HR","US","",""
"TB","TB","Terabyte","IS","US","",""
"TB","TB","Terabyte","LT","US","",""
"TB","TB","Terabyte","PT","US","",""
"TB","TB","Terabyte","SK","US","",""
"TB","TB","Terabyte","SL","US","",""
"TB","TB","Terabyte","ET","US","",""
"TB","TB","Terabyte","LV","US","",""
"GB","GB","Gigabyte","US","US","",""
"GB","GB","Gigabyte","AR","US","",""
"GB","GB","Gigabyte","CS","US","",""
"GB","GB","Gigabyte","DK","US","",""
"GB","GB","Gigabyte","D","US","",""
"GB","GB","Gigabyte","E","US","",""
"GB","GB","Gigabyte","SF","US","",""
"GB","GB","Gigabyte","F","US","",""
"GB","GB","Gigabyte","FRC","US","",""
"GB","GB","Gigabyte","HU","US","",""
"GB","GB","Gigabyte","I","I","",""
"GB","GB","Gigabyte","IW","US","",""
"GB","ギガバイト","ギガバイト","JA","JA","",""
"GB","GB","Gigabyte","KO","US","",""
"GB","GB","Gigabyte","NL","US","",""
"GB","GB","Gigabyte","N","US","",""
"GB","GB","Gigabyte","PL","US","",""
"GB","GB","Gigabyte","PTB","US","",""
"GB","GB","Gigabyte","RO","US","",""
"GB","GB","Gigabyte","RU","US","",""
"GB","GB","Gigabyte","S","US","",""
"GB","GB","Gigabyte","TR","US","",""
"GB","千兆字节","Gigabyte","ZHS","ZHS","",""
"GB","千兆字節","Gigabyte","ZHT","ZHT","",""
"GB","GB","Gigabyte","TH","US","",""
"GB","GB","Gigabyte","EL","US","",""
"GB","GB","Gigabyte","ESA","US","",""
"GB","GB","Gigabyte","HR","US","",""
"GB","GB","Gigabyte","IS","US","",""
"GB","GB","Gigabyte","LT","US","",""
"GB","GB","Gigabyte","PT","US","",""
"GB","GB","Gigabyte","SK","US","",""
"GB","GB","Gigabyte","SL","US","",""
"GB","GB","Gigabyte","ET","US","",""
"GB","GB","Gigabyte","LV","US","",""
"MB","MB","Megabyte","US","US","",""
"MB","MB","Megabyte","AR","US","",""
"MB","MB","Megabyte","CS","US","",""
"MB","MB","Megabyte","DK","US","",""
"MB","MB","Megabyte","D","US","",""
"MB","MB","Megabyte","E","US","",""
"MB","MB","Megabyte","SF","US","",""
"MB","MB","Megabyte","F","US","",""
"MB","MB","Megabyte","FRC","US","",""
"MB","MB","Megabyte","HU","US","",""
"MB","MB","Megabyte","I","US","",""
"MB","MB","Megabyte","IW","US","",""
"MB","メガバイト","メガバイト","JA","JA","",""
"MB","MB","Megabyte","KO","US","",""
"MB","MB","Megabyte","NL","US","",""
"MB","MB","Megabyte","N","US","",""
"MB","MB","Megabyte","PL","US","",""
"MB","MB","Megabyte","PTB","US","",""
"MB","MB","Megabyte","RO","US","",""
"MB","MB","Megabyte","RU","US","",""
"MB","MB","Megabyte","S","US","",""
"MB","MB","Megabyte","TR","US","",""
"MB","兆字节","兆字节","ZHS","ZHS","",""
"MB","兆字節","兆字節","ZHT","ZHT","",""
"MB","MB","Megabyte","TH","US","",""
"MB","MB","Megabyte","EL","US","",""
"MB","MB","Megabyte","ESA","US","",""
"MB","MB","Megabyte","HR","US","",""
"MB","MB","Megabyte","IS","US","",""
"MB","MB","Megabyte","LT","US","",""
"MB","MB","Megabyte","PT","US","",""
"MB","MB","Megabyte","SK","US","",""
"MB","MB","Megabyte","SL","US","",""
"MB","MB","Megabyte","ET","US","",""
"MB","MB","Megabyte","LV","US","",""
"fl oz","fl oz","Fluid Ounce","US","US","",""
"fl oz","fl oz","Fluid Ounce","AR","US","",""
"fl oz","fl oz","Fluid Ounce","CS","US","",""
"fl oz","fl oz","Fluid Ounce","DK","US","",""
"fl oz","fl oz","Flüssigunze","D","D","",""
"fl oz","oz fl","Onzas fluidas","E","E","",""
"fl oz","fl oz","Fluid Ounce","SF","US","",""
"fl oz","fl oz","Once Liquide","F","F","",""
"fl oz","fl oz","Once Liquide","FRC","FRC","",""
"fl oz","fl oz","Fluid Ounce","HU","US","",""
"fl oz","Oncia fluida","Oncia fluida","I","I","",""
"fl oz","fl oz","Fluid Ounce","IW","US","",""
"fl oz","液量オンス","液量オンス","JA","JA","",""
"fl oz","fl oz","Fluid Ounce","KO","US","",""
"fl oz","fl oz","Fluid Ounce","NL","US","",""
"fl oz","fl oz","Fluid Ounce","N","US","",""
"fl oz","fl oz","Fluid Ounce","PL","US","",""
"fl oz","fl oz","Fluid Ounce","PTB","US","",""
"fl oz","fl oz","Fluid Ounce","RO","US","",""
"fl oz","fl oz","Fluid Ounce","RU","US","",""
"fl oz","fl oz","Fluid Ounce","S","US","",""
"fl oz","fl oz","Fluid Ounce","TR","US","",""
"fl oz","液量盎司","液量盎司","ZHS","ZHS","",""
"fl oz","液量盎司","液量盎司","ZHT","ZHT","",""
"fl oz","fl oz","Fluid Ounce","TH","US","",""
"fl oz","fl oz","Fluid Ounce","EL","US","",""
"fl oz","fl oz","Fluid Ounce","ESA","US","",""
"fl oz","fl oz","Fluid Ounce","HR","US","",""
"fl oz","fl oz","Fluid Ounce","IS","US","",""
"fl oz","fl oz","Fluid Ounce","LT","US","",""
"fl oz","fl oz","Fluid Ounce","PT","US","",""
"fl oz","fl oz","Fluid Ounce","SK","US","",""
"fl oz","fl oz","Fluid Ounce","SL","US","",""
"fl oz","fl oz","Fluid Ounce","ET","US","",""
"fl oz","fl oz","Fluid Ounce","LV","US","",""
"Gallon","Gallon","Gallon","ZHT","US","",""
"Gallon","Gallon","Gallon","ZHS","US","",""
"Gallon","Gallon","Gallon","US","US","",""
"Gallon","Gallon","Gallon","TR","US","",""
"Gallon","Gallon","Gallon","SF","US","",""
"Gallon","Gallon","Gallon","S","US","",""
"Gallon","Gallon","Gallon","RU","US","",""
"Gallon","Gallon","Gallon","PTB","US","",""
"Gallon","Gallon","Gallon","PL","US","",""
"Gallon","Gallon","Gallon","NL","US","",""
"Gallon","Gallon","Gallon","KO","US","",""
"Gallon","Gallon","Gallon","JA","US","",""
"Gallon","Gallon","Gallon","I","US","",""
"Gallon","Gallon","Gallon","FRC","US","",""
"Gallon","Gallon","Gallon","F","US","",""
"Gallon","Gallon","Gallon","E","US","",""
"Gallon","Gallon","Gallon","DK","US","",""
"Gallon","Gallon","Gallon","D","US","",""
"Gallon","Gallon","Gallon","AR","US","",""
"Gallon","Gallon","Gallon","CS","US","",""
"Gallon","Gallon","Gallon","HU","US","",""
"Gallon","Gallon","Gallon","IW","US","",""
"Gallon","Gallon","Gallon","N","US","",""
"Gallon","Gallon","Gallon","RO","US","",""
"Gallon","Gallon","Gallon","TH","US","",""
"Bx","Bx","Box","ZHT","US","",""
"Bx","Bx","Box","ZHS","US","",""
"Bx","Bx","Box","US","US","",""
"Bx","Bx","Box","TR","US","",""
"Bx","Bx","Box","TH","US","",""
"Bx","Bx","Box","SF","US","",""
"Bx","Bx","Box","S","US","",""
"Bx","Bx","Box","RU","US","",""
"Bx","Bx","Box","RO","US","",""
"Bx","Bx","Box","PTB","US","",""
"Bx","Bx","Box","PL","US","",""
"Bx","Bx","Box","NL","US","",""
"Bx","Bx","Box","N","US","",""
"Bx","Bx","Box","KO","US","",""
"Bx","Bx","Box","JA","US","",""
"Bx","Bx","Box","IW","US","",""
"Bx","Bx","Box","I","US","",""
"Bx","Bx","Box","HU","US","",""
"Bx","Bx","Box","FRC","US","",""
"Bx","Bx","Box","F","US","",""
"Bx","Bx","Box","E","US","",""
"Bx","Bx","Box","DK","US","",""
"Bx","Bx","Box","D","US","",""
"Bx","Bx","Box","CS","US","",""
"Bx","Bx","Box","AR","US","",""
"Bg","Bg","Bag","ZHT","US","",""
"Bg","Bg","Bag","ZHS","US","",""
"Bg","Bg","Bag","US","US","",""
"Bg","Bg","Bag","TR","US","",""
"Bg","Bg","Bag","TH","US","",""
"Bg","Bg","Bag","SF","US","",""
"Bg","Bg","Bag","S","US","",""
"Bg","Bg","Bag","RU","US","",""
"Bg","Bg","Bag","RO","US","",""
"Bg","Bg","Bag","PTB","US","",""
"Bg","Bg","Bag","PL","US","",""
"Bg","Bg","Bag","NL","US","",""
"Bg","Bg","Bag","N","US","",""
"Bg","Bg","Bag","KO","US","",""
"Bg","Bg","Bag","JA","US","",""
"Bg","Bg","Bag","IW","US","",""
"Bg","Bg","Bag","I","US","",""
"Bg","Bg","Bag","HU","US","",""
"Bg","Bg","Bag","FRC","US","",""
"Bg","Bg","Bag","F","US","",""
"Bg","Bg","Bag","E","US","",""
"Bg","Bg","Bag","DK","US","",""
"Bg","Bg","Bag","D","US","",""
"Bg","Bg","Bag","CS","US","",""
"Bg","Bg","Bag","AR","US","",""
"Bt","Bt","Bottle","I","US","",""
"Bt","Bt","Bottle","HU","US","",""
"Bt","Bt","Bottle","FRC","US","",""
"Bt","Bt","Bottle","F","US","",""
"Bt","Bt","Bottle","E","US","",""
"Bt","Bt","Bottle","DK","US","",""
"Bt","Bt","Bottle","D","US","",""
"Bt","Bt","Bottle","CS","US","",""
"Bt","Bt","Bottle","AR","US","",""
"Bt","Bt","Bottle","ZHT","US","",""
"Bt","Bt","Bottle","ZHS","US","",""
"Bt","Bt","Bottle","US","US","",""
"Bt","Bt","Bottle","TR","US","",""
"Bt","Bt","Bottle","TH","US","",""
"Bt","Bt","Bottle","SF","US","",""
"Bt","Bt","Bottle","S","US","",""
"Bt","Bt","Bottle","RU","US","",""
"Bt","Bt","Bottle","RO","US","",""
"Bt","Bt","Bottle","PTB","US","",""
"Bt","Bt","Bottle","PL","US","",""
"Bt","Bt","Bottle","NL","US","",""
"Bt","Bt","Bottle","N","US","",""
"Bt","Bt","Bottle","KO","US","",""
"Bt","Bt","Bottle","JA","US","",""
"Bt","Bt","Bottle","IW","US","",""
"Ea","Ea","Each","US","US","",""
"Ea","Ea","Each","AR","US","",""
"Ea","Ea","Each","CS","US","",""
"Ea","Ea","Each","DK","US","",""
"Ea","St.","Pro Stück","D","D","",""
"Ea","Ud","Unidad","E","E","",""
"Ea","Ea","Each","SF","US","",""
"Ea","Unité","Unité","F","F","",""
"Ea","Unité","Unité","FRC","FRC","",""
"Ea","Ea","Each","HU","US","",""
"Ea","Ogni","Ogni","I","I","",""
"Ea","Ea","Each","IW","US","",""
"Ea","個","個","JA","JA","",""
"Ea","Ea","Each","KO","US","",""
"Ea","Ea","Each","NL","US","",""
"Ea","Ea","Each","N","US","",""
"Ea","Ea","Each","PL","US","",""
"Ea","Ea","Each","PTB","US","",""
"Ea","Ea","Each","RO","US","",""
"Ea","Ea","Each","RU","US","",""
"Ea","Ea","Each","S","US","",""
"Ea","Ea","Each","TR","US","",""
"Ea","个","个","ZHS","ZHS","",""
"Ea","個","個","ZHT","ZHT","",""
"Ea","Ea","Each","TH","US","",""
"Ea","Ea","Each","EL","US","",""
"Ea","Ea","Each","ESA","US","",""
"Ea","Ea","Each","HR","US","",""
"Ea","Ea","Each","IS","US","",""
"Ea","Ea","Each","LT","US","",""
"Ea","Ea","Each","PT","US","",""
"Ea","Ea","Each","SK","US","",""
"Ea","Ea","Each","SL","US","",""
"Ea","Ea","Each","ET","US","",""
"Ea","Ea","Each","LV","US","",""
"Ca","Ca","Case","US","US","",""
"Ca","Ca","Case","AR","US","",""
"Ca","Ca","Case","CS","US","",""
"Ca","Ca","Case","DK","US","",""
"Ca","Ca","Kasten","D","D","",""
"Ca","Ca","Caja","E","E","",""
"Ca","Ca","Case","SF","US","",""
"Ca","BTE","Boîte","F","F","",""
"Ca","BTE","Boîte","FRC","FRC","",""
"Ca","Ca","Case","HU","US","",""
"Ca","Scatola","Scatola","I","I","",""
"Ca","Ca","Case","IW","US","",""
"Ca","ケース","ケース","JA","JA","",""
"Ca","Ca","Case","KO","US","",""
"Ca","Ca","Doos","NL","NL","",""
"Ca","Ca","Case","N","US","",""
"Ca","Ca","Case","PL","US","",""
"Ca","Ca","Case","PTB","US","",""
"Ca","Ca","Case","RO","US","",""
"Ca","Ca","Case","RU","US","",""
"Ca","Ca","Case","S","US","",""
"Ca","Ca","Case","TR","US","",""
"Ca","安培","箱","ZHS","ZHS","",""
"Ca","安培","箱","ZHT","ZHT","",""
"Ca","Ca","Case","TH","US","",""
"Ca","Ca","Case","EL","US","",""
"Ca","Ca","Case","ESA","US","",""
"Ca","Ca","Case","HR","US","",""
"Ca","Ca","Case","IS","US","",""
"Ca","Ca","Case","LT","US","",""
"Ca","Ca","Case","PT","US","",""
"Ca","Ca","Case","SK","US","",""
"Ca","Ca","Case","SL","US","",""
"Ca","Ca","Case","ET","US","",""
"Ca","Ca","Case","LV","US","",""
"Dz","Dz","Dozen","US","US","",""
"Dz","Dz","Dozen","AR","US","",""
"Dz","Dz","Dozen","CS","US","",""
"Dz","Dz","Dozen","DK","US","",""
"Dz","Dtz.","Dutzend","D","D","",""
"Dz","Dna","Docena","E","E","",""
"Dz","Dz","Dozen","SF","US","",""
"Dz","Dz","Douzaine","F","F","",""
"Dz","Dz","Douzaine","FRC","FRC","",""
"Dz","Dz","Dozen","HU","US","",""
"Dz","Dozzina","Dozzina","I","I","",""
"Dz","Dz","Dozen","IW","US","",""
"Dz","ダース","ダース","JA","JA","",""
"Dz","Dz","Dozen","KO","US","",""
"Dz","Dz","Dozijn","NL","NL","",""
"Dz","Dz","Dozen","N","US","",""
"Dz","Dz","Dozen","PL","US","",""
"Dz","Dz","Dozen","PTB","US","",""
"Dz","Dz","Dozen","RO","US","",""
"Dz","Dz","Dozen","RU","US","",""
"Dz","Dz","Dozen","S","US","",""
"Dz","Dz","Dozen","TR","US","",""
"Dz","一打","打","ZHS","ZHS","",""
"Dz","一打","打","ZHT","ZHT","",""
"Dz","Dz","Dozen","TH","US","",""
"Dz","Dz","Dozen","EL","US","",""
"Dz","Dz","Dozen","ESA","US","",""
"Dz","Dz","Dozen","HR","US","",""
"Dz","Dz","Dozen","IS","US","",""
"Dz","Dz","Dozen","LT","US","",""
"Dz","Dz","Dozen","PT","US","",""
"Dz","Dz","Dozen","SK","US","",""
"Dz","Dz","Dozen","SL","US","",""
"Dz","Dz","Dozen","ET","US","",""
"Dz","Dz","Dozen","LV","US","",""
"Pk","Pk","Pack","ZHT","US","",""
"Pk","Pk","Pack","ZHS","US","",""
"Pk","Pk","Pack","TR","US","",""
"Pk","Pk","Pack","SF","US","",""
"Pk","Pk","Pack","S","US","",""
"Pk","Pk","Pack","RU","US","",""
"Pk","Pk","Pack","PTB","US","",""
"Pk","Pk","Pack","PL","US","",""
"Pk","Pk","Pack","NL","US","",""
"Pk","Pk","Pack","KO","US","",""
"Pk","Pk","Pack","JA","US","",""
"Pk","Pk","Pack","I","US","",""
"Pk","Pk","Pack","FRC","US","",""
"Pk","Pk","Pack","F","US","",""
"Pk","Pk","Pack","E","US","",""
"Pk","Pk","Pack","DK","US","",""
"Pk","Pk","Pack","D","US","",""
"Pk","Pk","Pack","AR","US","",""
"Pk","Pk","Pack","US","US","",""
"Pk","Pk","Pack","CS","US","",""
"Pk","Pk","Pack","HU","US","",""
"Pk","Pk","Pack","IW","US","",""
"Pk","Pk","Pack","N","US","",""
"Pk","Pk","Pack","RO","US","",""
"Pk","Pk","Pack","TH","US","",""
"oz","oz","Ounce","US","US","",""
"oz","oz","Ounce","AR","US","",""
"oz","oz","Ounce","CS","US","",""
"oz","oz","Ounce","DK","US","",""
"oz","oz","Unze","D","D","",""
"oz","oz","Onza","E","E","",""
"oz","oz","Ounce","SF","US","",""
"oz","oz","Once","F","F","",""
"oz","oz","Once","FRC","FRC","",""
"oz","oz","Ounce","HU","US","",""
"oz","oz","Oncia","I","I","",""
"oz","oz","Ounce","IW","US","",""
"oz","オンス","オンス","JA","JA","",""
"oz","oz","Ounce","KO","US","",""
"oz","oz","Ons","NL","NL","",""
"oz","oz","Ounce","N","US","",""
"oz","oz","Ounce","PL","US","",""
"oz","oz","Ounce","PTB","US","",""
"oz","oz","Ounce","RO","US","",""
"oz","oz","Ounce","RU","US","",""
"oz","oz","Ounce","S","US","",""
"oz","oz","Ounce","TR","US","",""
"oz","oz","盎司","ZHS","ZHS","",""
"oz","oz","盎司","ZHT","ZHT","",""
"oz","oz","Ounce","TH","US","",""
"oz","oz","Ounce","EL","US","",""
"oz","oz","Ounce","ESA","US","",""
"oz","oz","Ounce","HR","US","",""
"oz","oz","Ounce","IS","US","",""
"oz","oz","Ounce","LT","US","",""
"oz","oz","Ounce","PT","US","",""
"oz","oz","Ounce","SK","US","",""
"oz","oz","Ounce","SL","US","",""
"oz","oz","Ounce","ET","US","",""
"oz","oz","Ounce","LV","US","",""
"mg","mg","Milligram","US","US","",""
"mg","mg","Milligram","AR","US","",""
"mg","mg","Milligram","CS","US","",""
"mg","mg","Milligram","DK","US","",""
"mg","mg","Milligram","D","US","",""
"mg","mg","Milligram","E","US","",""
"mg","mg","Milligram","SF","US","",""
"mg","mg","Milligram","F","US","",""
"mg","mg","Milligram","FRC","US","",""
"mg","mg","Milligram","HU","US","",""
"mg","mg","Milligram","I","US","",""
"mg","mg","Milligram","IW","US","",""
"mg","ミリグラム","ミリグラム","JA","JA","",""
"mg","mg","Milligram","KO","US","",""
"mg","mg","Milligram","NL","US","",""
"mg","mg","Milligram","N","US","",""
"mg","mg","Milligram","PL","US","",""
"mg","mg","Milligram","PTB","US","",""
"mg","mg","Milligram","RO","US","",""
"mg","mg","Milligram","RU","US","",""
"mg","mg","Milligram","S","US","",""
"mg","mg","Milligram","TR","US","",""
"mg","mg","Milligram","ZHS","US","",""
"mg","mg","Milligram","ZHT","US","",""
"mg","mg","Milligram","TH","US","",""
"mg","mg","Milligram","EL","US","",""
"mg","mg","Milligram","ESA","US","",""
"mg","mg","Milligram","HR","US","",""
"mg","mg","Milligram","IS","US","",""
"mg","mg","Milligram","LT","US","",""
"mg","mg","Milligram","PT","US","",""
"mg","mg","Milligram","SK","US","",""
"mg","mg","Milligram","SL","US","",""
"mg","mg","Milligram","ET","US","",""
"mg","mg","Milligram","LV","US","",""
"lb","lb","Pound","US","US","",""
"lb","lb","Pound","AR","US","",""
"lb","lb","Pound","CS","US","",""
"lb","lb","Pound","DK","US","",""
"lb","lb","Pound","D","US","",""
"lb","lb","Pound","E","US","",""
"lb","lb","Pound","SF","US","",""
"lb","Livre","Pound","F","F","",""
"lb","Livre","Pound","FRC","FRC","",""
"lb","lb","Pound","HU","US","",""
"lb","lb","Pound","I","US","",""
"lb","lb","Pound","IW","US","",""
"lb","lb","ポンド","JA","JA","",""
"lb","lb","Pound","KO","US","",""
"lb","lb","Pound","NL","US","",""
"lb","lb","Pound","N","US","",""
"lb","lb","Pound","PL","US","",""
"lb","lb","Pound","PTB","US","",""
"lb","lb","Pound","RO","US","",""
"lb","lb","Pound","RU","US","",""
"lb","lb","Pound","S","US","",""
"lb","lb","Pound","TR","US","",""
"lb","磅","Pound","ZHS","ZHS","",""
"lb","磅","Pound","ZHT","ZHT","",""
"lb","lb","Pound","TH","US","",""
"lb","lb","Pound","EL","US","",""
"lb","lb","Pound","ESA","US","",""
"lb","lb","Pound","HR","US","",""
"lb","lb","Pound","IS","US","",""
"lb","lb","Pound","LT","US","",""
"lb","lb","Pound","PT","US","",""
"lb","lb","Pound","SK","US","",""
"lb","lb","Pound","SL","US","",""
"lb","lb","Pound","ET","US","",""
"lb","lb","Pound","LV","US","",""
"kg","kg","Kilogram","US","US","",""
"kg","kg","Kilogram","AR","US","",""
"kg","kg","Kilogram","CS","US","",""
"kg","kg","Kilogram","DK","US","",""
"kg","Kg","Kilogramm","D","D","",""
"kg","kg","Kilogramo","E","E","",""
"kg","kg","Kilogram","SF","US","",""
"kg","Kg","Kilogramme","F","F","",""
"kg","Kg","Kilogramme","FRC","FRC","",""
"kg","kg","Kilogram","HU","US","",""
"kg","kg","Kilogrammo","I","I","",""
"kg","kg","Kilogram","IW","US","",""
"kg","キログラム","キログラム","JA","JA","",""
"kg","kg","Kilogram","KO","US","",""
"kg","kg","Kilogram","NL","US","",""
"kg","kg","Kilogram","N","US","",""
"kg","kg","Kilogram","PL","US","",""
"kg","kg","Kilogram","PTB","US","",""
"kg","kg","Kilogram","RO","US","",""
"kg","kg","Kilogram","RU","US","",""
"kg","kg","Kilogram","S","US","",""
"kg","kg","Kilogram","TR","US","",""
"kg","公斤","公斤","ZHS","ZHS","",""
"kg","公斤","公斤","ZHT","ZHT","",""
"kg","kg","Kilogram","TH","US","",""
"kg","kg","Kilogram","EL","US","",""
"kg","kg","Kilogram","ESA","US","",""
"kg","kg","Kilogram","HR","US","",""
"kg","kg","Kilogram","IS","US","",""
"kg","kg","Kilogram","LT","US","",""
"kg","kg","Kilogram","PT","US","",""
"kg","kg","Kilogram","SK","US","",""
"kg","kg","Kilogram","SL","US","",""
"kg","kg","Kilogram","ET","US","",""
"kg","kg","Kilogram","LV","US","",""
"g","g","Gram","US","US","",""
"g","g","Gram","AR","US","",""
"g","g","Gram","CS","US","",""
"g","g","Gram","DK","US","",""
"g","g","Gram","D","US","",""
"g","g","Gram","E","US","",""
"g","g","Gram","SF","US","",""
"g","g","Gram","F","US","",""
"g","g","Gram","FRC","US","",""
"g","g","Gram","HU","US","",""
"g","g","Gram","I","US","",""
"g","g","Gram","IW","US","",""
"g","グラム","グラム","JA","JA","",""
"g","g","Gram","KO","US","",""
"g","g","Gram","NL","US","",""
"g","g","Gram","N","US","",""
"g","g","Gram","PL","US","",""
"g","g","Gram","PTB","US","",""
"g","g","Gram","RO","US","",""
"g","g","Gram","RU","US","",""
"g","g","Gram","S","US","",""
"g","g","Gram","TR","US","",""
"g","g","Gram","ZHS","US","",""
"g","g","Gram","ZHT","US","",""
"g","g","Gram","TH","US","",""
"g","g","Gram","EL","US","",""
"g","g","Gram","ESA","US","",""
"g","g","Gram","HR","US","",""
"g","g","Gram","IS","US","",""
"g","g","Gram","LT","US","",""
"g","g","Gram","PT","US","",""
"g","g","Gram","SK","US","",""
"g","g","Gram","SL","US","",""
"g","g","Gram","ET","US","",""
"g","g","Gram","LV","US","",""
"cg","cg","Centigram","ZHT","US","",""
"cg","cg","Centigram","ZHS","US","",""
"cg","cg","Centigram","US","US","",""
"cg","cg","Centigram","TR","US","",""
"cg","cg","Centigram","SF","US","",""
"cg","cg","Centigram","S","US","",""
"cg","cg","Centigram","RU","US","",""
"cg","cg","Centigram","PTB","US","",""
"cg","cg","Centigram","PL","US","",""
"cg","cg","Centigram","NL","US","",""
"cg","cg","Centigram","KO","US","",""
"cg","cg","Centigram","JA","US","",""
"cg","cg","Centigram","I","US","",""
"cg","cg","Centigram","FRC","US","",""
"cg","cg","Centigram","F","US","",""
"cg","cg","Centigram","E","US","",""
"cg","cg","Centigram","DK","US","",""
"cg","cg","Centigram","D","US","",""
"cg","cg","Centigram","AR","US","",""
"cg","cg","Centigram","CS","US","",""
"cg","cg","Centigram","HU","US","",""
"cg","cg","Centigram","IW","US","",""
"cg","cg","Centigram","N","US","",""
"cg","cg","Centigram","RO","US","",""
"cg","cg","Centigram","TH","US","",""
"Nm","Nm","Nanometer","ZHT","US","",""
"Nm","Nm","Nanometer","ZHS","US","",""
"Nm","Nm","Nanometer","US","US","",""
"Nm","Nm","Nanometer","TR","US","",""
"Nm","Nm","Nanometer","SF","US","",""
"Nm","Nm","Nanometer","S","US","",""
"Nm","Nm","Nanometer","RU","US","",""
"Nm","Nm","Nanometer","PTB","US","",""
"Nm","Nm","Nanometer","PL","US","",""
"Nm","Nm","Nanometer","NL","US","",""
"Nm","Nm","Nanometer","KO","US","",""
"Nm","Nm","Nanometer","JA","US","",""
"Nm","Nm","Nanometer","I","US","",""
"Nm","Nm","Nanometer","FRC","US","",""
"Nm","Nm","Nanometer","F","US","",""
"Nm","Nm","Nanometer","E","US","",""
"Nm","Nm","Nanometer","DK","US","",""
"Nm","Nm","Nanometer","D","US","",""
"Nm","Nm","Nanometer","AR","US","",""
"Nm","Nm","Nanometer","CS","US","",""
"Nm","Nm","Nanometer","HU","US","",""
"Nm","Nm","Nanometer","IW","US","",""
"Nm","Nm","Nanometer","N","US","",""
"Nm","Nm","Nanometer","RO","US","",""
"Nm","Nm","Nanometer","TH","US","",""
"cSt","cSt","Centistokes","ZHT","US","",""
"cSt","cSt","Centistokes","ZHS","US","",""
"cSt","cSt","Centistokes","US","US","",""
"cSt","cSt","Centistokes","TR","US","",""
"cSt","cSt","Centistokes","SF","US","",""
"cSt","cSt","Centistokes","S","US","",""
"cSt","cSt","Centistokes","RU","US","",""
"cSt","cSt","Centistokes","PTB","US","",""
"cSt","cSt","Centistokes","PL","US","",""
"cSt","cSt","Centistokes","NL","US","",""
"cSt","cSt","Centistokes","KO","US","",""
"cSt","cSt","Centistokes","JA","US","",""
"cSt","cSt","Centistokes","I","US","",""
"cSt","cSt","Centistokes","FRC","US","",""
"cSt","cSt","Centistokes","F","US","",""
"cSt","cSt","Centistokes","E","US","",""
"cSt","cSt","Centistokes","DK","US","",""
"cSt","cSt","Centistokes","D","US","",""
"cSt","cSt","Centistokes","AR","US","",""
"cSt","cSt","Centistokes","CS","US","",""
"cSt","cSt","Centistokes","HU","US","",""
"cSt","cSt","Centistokes","IW","US","",""
"cSt","cSt","Centistokes","N","US","",""
"cSt","cSt","Centistokes","RO","US","",""
"cSt","cSt","Centistokes","TH","US","",""
"PU","PU","Penetration Unit","ZHT","US","",""
"PU","PU","Penetration Unit","ZHS","US","",""
"PU","PU","Penetration Unit","US","US","",""
"PU","PU","Penetration Unit","TR","US","",""
"PU","PU","Penetration Unit","SF","US","",""
"PU","PU","Penetration Unit","S","US","",""
"PU","PU","Penetration Unit","RU","US","",""
"PU","PU","Penetration Unit","PTB","US","",""
"PU","PU","Penetration Unit","PL","US","",""
"PU","PU","Penetration Unit","NL","US","",""
"PU","PU","Penetration Unit","KO","US","",""
"PU","PU","Penetration Unit","JA","US","",""
"PU","PU","Penetration Unit","I","US","",""
"PU","PU","Penetration Unit","FRC","US","",""
"PU","PU","Penetration Unit","F","US","",""
"PU","PU","Penetration Unit","E","US","",""
"PU","PU","Penetration Unit","DK","US","",""
"PU","PU","Penetration Unit","D","US","",""
"PU","PU","Penetration Unit","AR","US","",""
"PU","PU","Penetration Unit","CS","US","",""
"PU","PU","Penetration Unit","HU","US","",""
"PU","PU","Penetration Unit","IW","US","",""
"PU","PU","Penetration Unit","N","US","",""
"PU","PU","Penetration Unit","RO","US","",""
"PU","PU","Penetration Unit","TH","US","",""
"V","V","Volts","ZHT","US","",""
"V","V","Volts","ZHS","US","",""
"V","V","Volts","US","US","",""
"V","V","Volts","TR","US","",""
"V","V","Volts","TH","US","",""
"V","V","Volts","SF","US","",""
"V","V","Volts","S","US","",""
"V","V","Volts","RU","US","",""
"V","V","Volts","RO","US","",""
"V","V","Volts","PTB","US","",""
"V","V","Volts","PL","US","",""
"V","V","Volts","NL","US","",""
"V","V","Volts","N","US","",""
"V","V","Volts","KO","US","",""
"V","V","Volts","JA","US","",""
"V","V","Volts","IW","US","",""
"V","V","Volts","I","US","",""
"V","V","Volts","HU","US","",""
"V","V","Volts","FRC","US","",""
"V","V","Volts","F","US","",""
"V","V","Volts","E","US","",""
"V","V","Volts","DK","US","",""
"V","V","Volts","D","US","",""
"V","V","Volts","CS","US","",""
"V","V","Volts","AR","US","",""
"CM2","CM2","Square Centimeter","ZHT","US","",""
"CM2","CM2","Square Centimeter","ZHS","US","",""
"CM2","CM2","Square Centimeter","US","US","",""
"CM2","CM2","Square Centimeter","TR","US","",""
"CM2","CM2","Square Centimeter","TH","US","",""
"CM2","CM2","Square Centimeter","SF","US","",""
"CM2","CM2","Square Centimeter","S","US","",""
"CM2","CM2","Square Centimeter","RU","US","",""
"CM2","CM2","Square Centimeter","RO","US","",""
"CM2","CM2","Square Centimeter","PTB","US","",""
"CM2","CM2","Square Centimeter","PL","US","",""
"CM2","CM2","Square Centimeter","NL","US","",""
"CM2","CM2","Square Centimeter","N","US","",""
"CM2","CM2","Square Centimeter","KO","US","",""
"CM2","CM2","Square Centimeter","JA","US","",""
"CM2","CM2","Square Centimeter","IW","US","",""
"CM2","CM2","Square Centimeter","I","US","",""
"CM2","CM2","Square Centimeter","HU","US","",""
"CM2","CM2","Square Centimeter","FRC","US","",""
"CM2","CM2","Square Centimeter","F","US","",""
"CM2","CM2","Square Centimeter","E","US","",""
"CM2","CM2","Square Centimeter","DK","US","",""
"CM2","CM2","Square Centimeter","D","US","",""
"CM2","CM2","Square Centimeter","CS","US","",""
"CM2","CM2","Square Centimeter","AR","US","",""
"KM2","KM2","Square Kilometer","ZHT","US","",""
"KM2","KM2","Square Kilometer","ZHS","US","",""
"KM2","KM2","Square Kilometer","US","US","",""
"KM2","KM2","Square Kilometer","TR","US","",""
"KM2","KM2","Square Kilometer","TH","US","",""
"KM2","KM2","Square Kilometer","SF","US","",""
"KM2","KM2","Square Kilometer","S","US","",""
"KM2","KM2","Square Kilometer","RU","US","",""
"KM2","KM2","Square Kilometer","RO","US","",""
"KM2","KM2","Square Kilometer","PTB","US","",""
"KM2","KM2","Square Kilometer","PL","US","",""
"KM2","KM2","Square Kilometer","NL","US","",""
"KM2","KM2","Square Kilometer","N","US","",""
"KM2","KM2","Square Kilometer","KO","US","",""
"KM2","KM2","Square Kilometer","JA","US","",""
"KM2","KM2","Square Kilometer","IW","US","",""
"KM2","KM2","Square Kilometer","I","US","",""
"KM2","KM2","Square Kilometer","HU","US","",""
"KM2","KM2","Square Kilometer","FRC","US","",""
"KM2","KM2","Square Kilometer","F","US","",""
"KM2","KM2","Square Kilometer","E","US","",""
"KM2","KM2","Square Kilometer","DK","US","",""
"KM2","KM2","Square Kilometer","D","US","",""
"KM2","KM2","Square Kilometer","CS","US","",""
"KM2","KM2","Square Kilometer","AR","US","",""
"M2","M2","Square Meter","S","US","",""
"M2","M2","Square Meter","RU","US","",""
"M2","M2","Square Meter","RO","US","",""
"M2","M2","Square Meter","PTB","US","",""
"M2","M2","Square Meter","PL","US","",""
"M2","M2","Square Meter","NL","US","",""
"M2","M2","Square Meter","N","US","",""
"M2","M2","Square Meter","KO","US","",""
"M2","M2","Square Meter","JA","US","",""
"M2","M2","Square Meter","IW","US","",""
"M2","M2","Square Meter","I","US","",""
"M2","M2","Square Meter","HU","US","",""
"M2","M2","Square Meter","FRC","US","",""
"M2","M2","Square Meter","F","US","",""
"M2","M2","Square Meter","E","US","",""
"M2","M2","Square Meter","DK","US","",""
"M2","M2","Square Meter","D","US","",""
"M2","M2","Square Meter","CS","US","",""
"M2","M2","Square Meter","AR","US","",""
"M2","M2","Square Meter","ZHT","US","",""
"M2","M2","Square Meter","ZHS","US","",""
"M2","M2","Square Meter","US","US","",""
"M2","M2","Square Meter","TR","US","",""
"M2","M2","Square Meter","TH","US","",""
"M2","M2","Square Meter","SF","US","",""
"IN2","IN2","Square Inch","ZHT","US","",""
"IN2","IN2","Square Inch","ZHS","US","",""
"IN2","IN2","Square Inch","US","US","",""
"IN2","IN2","Square Inch","TR","US","",""
"IN2","IN2","Square Inch","TH","US","",""
"IN2","IN2","Square Inch","SF","US","",""
"IN2","IN2","Square Inch","S","US","",""
"IN2","IN2","Square Inch","RU","US","",""
"IN2","IN2","Square Inch","RO","US","",""
"IN2","IN2","Square Inch","PTB","US","",""
"IN2","IN2","Square Inch","PL","US","",""
"IN2","IN2","Square Inch","NL","US","",""
"IN2","IN2","Square Inch","N","US","",""
"IN2","IN2","Square Inch","KO","US","",""
"IN2","IN2","Square Inch","JA","US","",""
"IN2","IN2","Square Inch","IW","US","",""
"IN2","IN2","Square Inch","I","US","",""
"IN2","IN2","Square Inch","HU","US","",""
"IN2","IN2","Square Inch","FRC","US","",""
"IN2","IN2","Square Inch","F","US","",""
"IN2","IN2","Square Inch","E","US","",""
"IN2","IN2","Square Inch","DK","US","",""
"IN2","IN2","Square Inch","D","US","",""
"IN2","IN2","Square Inch","CS","US","",""
"IN2","IN2","Square Inch","AR","US","",""
"FT2","FT2","Square Foot`","ZHT","US","",""
"FT2","FT2","Square Foot`","ZHS","US","",""
"FT2","FT2","Square Foot`","US","US","",""
"FT2","FT2","Square Foot`","TR","US","",""
"FT2","FT2","Square Foot`","TH","US","",""
"FT2","FT2","Square Foot`","SF","US","",""
"FT2","FT2","Square Foot`","S","US","",""
"FT2","FT2","Square Foot`","RU","US","",""
"FT2","FT2","Square Foot`","RO","US","",""
"FT2","FT2","Square Foot`","PTB","US","",""
"FT2","FT2","Square Foot`","PL","US","",""
"FT2","FT2","Square Foot`","NL","US","",""
"FT2","FT2","Square Foot`","N","US","",""
"FT2","FT2","Square Foot`","KO","US","",""
"FT2","FT2","Square Foot`","JA","US","",""
"FT2","FT2","Square Foot`","IW","US","",""
"FT2","FT2","Square Foot`","I","US","",""
"FT2","FT2","Square Foot`","HU","US","",""
"FT2","FT2","Square Foot`","FRC","US","",""
"FT2","FT2","Square Foot`","F","US","",""
"FT2","FT2","Square Foot`","E","US","",""
"FT2","FT2","Square Foot`","DK","US","",""
"FT2","FT2","Square Foot`","D","US","",""
"FT2","FT2","Square Foot`","CS","US","",""
"FT2","FT2","Square Foot`","AR","US","",""
"MI2","MI2","Square Mile","ZHT","US","",""
"MI2","MI2","Square Mile","ZHS","US","",""
"MI2","MI2","Square Mile","US","US","",""
"MI2","MI2","Square Mile","TR","US","",""
"MI2","MI2","Square Mile","TH","US","",""
"MI2","MI2","Square Mile","SF","US","",""
"MI2","MI2","Square Mile","S","US","",""
"MI2","MI2","Square Mile","RU","US","",""
"MI2","MI2","Square Mile","RO","US","",""
"MI2","MI2","Square Mile","PTB","US","",""
"MI2","MI2","Square Mile","PL","US","",""
"MI2","MI2","Square Mile","NL","US","",""
"MI2","MI2","Square Mile","N","US","",""
"MI2","MI2","Square Mile","KO","US","",""
"MI2","MI2","Square Mile","JA","US","",""
"MI2","MI2","Square Mile","IW","US","",""
"MI2","MI2","Square Mile","I","US","",""
"MI2","MI2","Square Mile","HU","US","",""
"MI2","MI2","Square Mile","FRC","US","",""
"MI2","MI2","Square Mile","F","US","",""
"MI2","MI2","Square Mile","E","US","",""
"MI2","MI2","Square Mile","DK","US","",""
"MI2","MI2","Square Mile","D","US","",""
"MI2","MI2","Square Mile","CS","US","",""
"MI2","MI2","Square Mile","AR","US","",""
"MM2","MM2","Square Milimeter","ZHT","US","",""
"MM2","MM2","Square Milimeter","ZHS","US","",""
"MM2","MM2","Square Milimeter","US","US","",""
"MM2","MM2","Square Milimeter","TR","US","",""
"MM2","MM2","Square Milimeter","SF","US","",""
"MM2","MM2","Square Milimeter","S","US","",""
"MM2","MM2","Square Milimeter","RU","US","",""
"MM2","MM2","Square Milimeter","PTB","US","",""
"MM2","MM2","Square Milimeter","PL","US","",""
"MM2","MM2","Square Milimeter","NL","US","",""
"MM2","MM2","Square Milimeter","KO","US","",""
"MM2","MM2","Square Milimeter","JA","US","",""
"MM2","MM2","Square Milimeter","I","US","",""
"MM2","MM2","Square Milimeter","FRC","US","",""
"MM2","MM2","Square Milimeter","F","US","",""
"MM2","MM2","Square Milimeter","E","US","",""
"MM2","MM2","Square Milimeter","DK","US","",""
"MM2","MM2","Square Milimeter","D","US","",""
"MM2","MM2","Square Milimeter","AR","US","",""
"MM2","MM2","Square Milimeter","CS","US","",""
"MM2","MM2","Square Milimeter","HU","US","",""
"MM2","MM2","Square Milimeter","IW","US","",""
"MM2","MM2","Square Milimeter","N","US","",""
"MM2","MM2","Square Milimeter","RO","US","",""
"MM2","MM2","Square Milimeter","TH","US","",""
"HA","HA","Hectare","ZHT","US","",""
"HA","HA","Hectare","ZHS","US","",""
"HA","HA","Hectare","US","US","",""
"HA","HA","Hectare","TR","US","",""
"HA","HA","Hectare","SF","US","",""
"HA","HA","Hectare","S","US","",""
"HA","HA","Hectare","RU","US","",""
"HA","HA","Hectare","PTB","US","",""
"HA","HA","Hectare","PL","US","",""
"HA","HA","Hectare","NL","US","",""
"HA","HA","Hectare","KO","US","",""
"HA","HA","Hectare","JA","US","",""
"HA","HA","Hectare","I","US","",""
"HA","HA","Hectare","FRC","US","",""
"HA","HA","Hectare","F","US","",""
"HA","HA","Hectare","E","US","",""
"HA","HA","Hectare","DK","US","",""
"HA","HA","Hectare","D","US","",""
"HA","HA","Hectare","AR","US","",""
"HA","HA","Hectare","CS","US","",""
"HA","HA","Hectare","HU","US","",""
"HA","HA","Hectare","IW","US","",""
"HA","HA","Hectare","N","US","",""
"HA","HA","Hectare","RO","US","",""
"HA","HA","Hectare","TH","US","",""
"ALB","ALB","Active LBS","ZHT","US","",""
"ALB","ALB","Active LBS","ZHS","US","",""
"ALB","ALB","Active LBS","US","US","",""
"ALB","ALB","Active LBS","TR","US","",""
"ALB","ALB","Active LBS","SF","US","",""
"ALB","ALB","Active LBS","S","US","",""
"ALB","ALB","Active LBS","RU","US","",""
"ALB","ALB","Active LBS","PTB","US","",""
"ALB","ALB","Active LBS","PL","US","",""
"ALB","ALB","Active LBS","NL","US","",""
"ALB","ALB","Active LBS","KO","US","",""
"ALB","ALB","Active LBS","JA","US","",""
"ALB","ALB","Active LBS","I","US","",""
"ALB","ALB","Active LBS","FRC","US","",""
"ALB","ALB","Active LBS","F","US","",""
"ALB","ALB","Active LBS","E","US","",""
"ALB","ALB","Active LBS","DK","US","",""
"ALB","ALB","Active LBS","D","US","",""
"ALB","ALB","Active LBS","AR","US","",""
"ALB","ALB","Active LBS","CS","US","",""
"ALB","ALB","Active LBS","HU","US","",""
"ALB","ALB","Active LBS","IW","US","",""
"ALB","ALB","Active LBS","N","US","",""
"ALB","ALB","Active LBS","RO","US","",""
"ALB","ALB","Active LBS","TH","US","",""
"Lab","Lab","Colorimeter reading (L, A, B)","ZHT","US","",""
"Lab","Lab","Colorimeter reading (L, A, B)","ZHS","US","",""
"Lab","Lab","Colorimeter reading (L, A, B)","US","US","",""
"Lab","Lab","Colorimeter reading (L, A, B)","TR","US","",""
"Lab","Lab","Colorimeter reading (L, A, B)","SF","US","",""
"Lab","Lab","Colorimeter reading (L, A, B)","S","US","",""
"Lab","Lab","Colorimeter reading (L, A, B)","RU","US","",""
"Lab","Lab","Colorimeter reading (L, A, B)","PTB","US","",""
"Lab","Lab","Colorimeter reading (L, A, B)","PL","US","",""
"Lab","Lab","Colorimeter reading (L, A, B)","NL","US","",""
"Lab","Lab","Colorimeter reading (L, A, B)","KO","US","",""
"Lab","Lab","Colorimeter reading (L, A, B)","JA","US","",""
"Lab","Lab","Colorimeter reading (L, A, B)","I","US","",""
"Lab","Lab","Colorimeter reading (L, A, B)","FRC","US","",""
"Lab","Lab","Colorimeter reading (L, A, B)","F","US","",""
"Lab","Lab","Colorimeter reading (L, A, B)","E","US","",""
"Lab","Lab","Colorimeter reading (L, A, B)","DK","US","",""
"Lab","Lab","Colorimeter reading (L, A, B)","D","US","",""
"Lab","Lab","Colorimeter reading (L, A, B)","AR","US","",""
"Lab","Lab","Colorimeter reading (L, A, B)","CS","US","",""
"Lab","Lab","Colorimeter reading (L, A, B)","HU","US","",""
"Lab","Lab","Colorimeter reading (L, A, B)","IW","US","",""
"Lab","Lab","Colorimeter reading (L, A, B)","N","US","",""
"Lab","Lab","Colorimeter reading (L, A, B)","RO","US","",""
"Lab","Lab","Colorimeter reading (L, A, B)","TH","US","",""
"Gal","Gal","GALLON","ZHT","US","",""
"Gal","Gal","GALLON","ZHS","US","",""
"Gal","Gal","GALLON","US","US","",""
"Gal","Gal","GALLON","TR","US","",""
"Gal","Gal","GALLON","SF","US","",""
"Gal","Gal","GALLON","S","US","",""
"Gal","Gal","GALLON","RU","US","",""
"Gal","Gal","GALLON","PTB","US","",""
"Gal","Gal","GALLON","PL","US","",""
"Gal","Gal","GALLON","NL","US","",""
"Gal","Gal","GALLON","KO","US","",""
"Gal","Gal","GALLON","JA","US","",""
"Gal","Gal","GALLON","I","US","",""
"Gal","Gal","GALLON","FRC","US","",""
"Gal","Gal","GALLON","F","US","",""
"Gal","Gal","GALLON","E","US","",""
"Gal","Gal","GALLON","DK","US","",""
"Gal","Gal","GALLON","D","US","",""
"Gal","Gal","GALLON","AR","US","",""
"Gal","Gal","GALLON","CS","US","",""
"Gal","Gal","GALLON","HU","US","",""
"Gal","Gal","GALLON","IW","US","",""
"Gal","Gal","GALLON","N","US","",""
"Gal","Gal","GALLON","RO","US","",""
"Gal","Gal","GALLON","TH","US","",""
"Brx","Brx","Sugar Content","ZHT","US","",""
"Brx","Brx","Sugar Content","ZHS","US","",""
"Brx","Brx","Sugar Content","US","US","",""
"Brx","Brx","Sugar Content","TR","US","",""
"Brx","Brx","Sugar Content","SF","US","",""
"Brx","Brx","Sugar Content","S","US","",""
"Brx","Brx","Sugar Content","RU","US","",""
"Brx","Brx","Sugar Content","PTB","US","",""
"Brx","Brx","Sugar Content","PL","US","",""
"Brx","Brx","Sugar Content","NL","US","",""
"Brx","Brx","Sugar Content","KO","US","",""
"Brx","Brx","Sugar Content","JA","US","",""
"Brx","Brx","Sugar Content","I","US","",""
"Brx","Brx","Sugar Content","FRC","US","",""
"Brx","Brx","Sugar Content","F","US","",""
"Brx","Brx","Sugar Content","E","US","",""
"Brx","Brx","Sugar Content","DK","US","",""
"Brx","Brx","Sugar Content","D","US","",""
"Brx","Brx","Sugar Content","AR","US","",""
"Brx","Brx","Sugar Content","CS","US","",""
"Brx","Brx","Sugar Content","HU","US","",""
"Brx","Brx","Sugar Content","IW","US","",""
"Brx","Brx","Sugar Content","N","US","",""
"Brx","Brx","Sugar Content","RO","US","",""
"Brx","Brx","Sugar Content","TH","US","",""
"eV","eV","Electron Volt","ZHT","US","",""
"eV","eV","Electron Volt","ZHS","US","",""
"eV","eV","Electron Volt","US","US","",""
"eV","eV","Electron Volt","TR","US","",""
"eV","eV","Electron Volt","SF","US","",""
"eV","eV","Electron Volt","S","US","",""
"eV","eV","Electron Volt","RU","US","",""
"eV","eV","Electron Volt","PTB","US","",""
"eV","eV","Electron Volt","PL","US","",""
"eV","eV","Electron Volt","NL","US","",""
"eV","eV","Electron Volt","KO","US","",""
"eV","eV","Electron Volt","JA","US","",""
"eV","eV","Electron Volt","I","US","",""
"eV","eV","Electron Volt","FRC","US","",""
"eV","eV","Electron Volt","F","US","",""
"eV","eV","Electron Volt","E","US","",""
"eV","eV","Electron Volt","DK","US","",""
"eV","eV","Electron Volt","D","US","",""
"eV","eV","Electron Volt","AR","US","",""
"eV","eV","Electron Volt","CS","US","",""
"eV","eV","Electron Volt","HU","US","",""
"eV","eV","Electron Volt","IW","US","",""
"eV","eV","Electron Volt","N","US","",""
"eV","eV","Electron Volt","RO","US","",""
"eV","eV","Electron Volt","TH","US","",""
"amp","amp","Amperage","ZHT","US","",""
"amp","amp","Amperage","ZHS","US","",""
"amp","amp","Amperage","US","US","",""
"amp","amp","Amperage","TR","US","",""
"amp","amp","Amperage","SF","US","",""
"amp","amp","Amperage","S","US","",""
"amp","amp","Amperage","RU","US","",""
"amp","amp","Amperage","PTB","US","",""
"amp","amp","Amperage","PL","US","",""
"amp","amp","Amperage","NL","US","",""
"amp","amp","Amperage","KO","US","",""
"amp","amp","Amperage","JA","US","",""
"amp","amp","Amperage","I","US","",""
"amp","amp","Amperage","FRC","US","",""
"amp","amp","Amperage","F","US","",""
"amp","amp","Amperage","E","US","",""
"amp","amp","Amperage","DK","US","",""
"amp","amp","Amperage","D","US","",""
"amp","amp","Amperage","AR","US","",""
"amp","amp","Amperage","CS","US","",""
"amp","amp","Amperage","HU","US","",""
"amp","amp","Amperage","IW","US","",""
"amp","amp","Amperage","N","US","",""
"amp","amp","Amperage","RO","US","",""
"amp","amp","Amperage","TH","US","",""
"mA","mA","Milliampere","ZHT","US","",""
"mA","mA","Milliampere","ZHS","US","",""
"mA","mA","Milliampere","US","US","",""
"mA","mA","Milliampere","TR","US","",""
"mA","mA","Milliampere","SF","US","",""
"mA","mA","Milliampere","S","US","",""
"mA","mA","Milliampere","RU","US","",""
"mA","mA","Milliampere","PTB","US","",""
"mA","mA","Milliampere","PL","US","",""
"mA","mA","Milliampere","NL","US","",""
"mA","mA","Milliampere","KO","US","",""
"mA","mA","Milliampere","JA","US","",""
"mA","mA","Milliampere","I","US","",""
"mA","mA","Milliampere","FRC","US","",""
"mA","mA","Milliampere","F","US","",""
"mA","mA","Milliampere","E","US","",""
"mA","mA","Milliampere","DK","US","",""
"mA","mA","Milliampere","D","US","",""
"mA","mA","Milliampere","AR","US","",""
"mA","mA","Milliampere","CS","US","",""
"mA","mA","Milliampere","HU","US","",""
"mA","mA","Milliampere","IW","US","",""
"mA","mA","Milliampere","N","US","",""
"mA","mA","Milliampere","RO","US","",""
"mA","mA","Milliampere","TH","US","",""
"PLT","PLT","Pallet","ZHT","US","",""
"PLT","PLT","Pallet","ZHS","US","",""
"PLT","PLT","Pallet","TR","US","",""
"PLT","PLT","Pallet","SF","US","",""
"PLT","PLT","Pallet","S","US","",""
"PLT","PLT","Pallet","RU","US","",""
"PLT","PLT","Pallet","PTB","US","",""
"PLT","PLT","Pallet","PL","US","",""
"PLT","PLT","Pallet","NL","US","",""
"PLT","PLT","Pallet","KO","US","",""
"PLT","PLT","Pallet","JA","US","",""
"PLT","PLT","Pallet","I","US","",""
"PLT","PLT","Pallet","FRC","US","",""
"PLT","PLT","Pallet","F","US","",""
"PLT","PLT","Pallet","E","US","",""
"PLT","PLT","Pallet","DK","US","",""
"PLT","PLT","Pallet","D","US","",""
"PLT","PLT","Pallet","AR","US","",""
"PLT","PLT","Pallet","US","US","",""
"PLT","PLT","Pallet","CS","US","",""
"PLT","PLT","Pallet","HU","US","",""
"PLT","PLT","Pallet","IW","US","",""
"PLT","PLT","Pallet","N","US","",""
"PLT","PLT","Pallet","RO","US","",""
"PLT","PLT","Pallet","TH","US","",""
"TEMP","TEMP","Temperature","ZHT","US","",""
"TEMP","TEMP","Temperature","ZHS","US","",""
"TEMP","TEMP","Temperature","TR","US","",""
"TEMP","TEMP","Temperature","SF","US","",""
"TEMP","TEMP","Temperature","S","US","",""
"TEMP","TEMP","Temperature","RU","US","",""
"TEMP","TEMP","Temperature","PTB","US","",""
"TEMP","TEMP","Temperature","PL","US","",""
"TEMP","TEMP","Temperature","NL","US","",""
"TEMP","TEMP","Temperature","KO","US","",""
"TEMP","TEMP","Temperature","JA","US","",""
"TEMP","TEMP","Temperature","I","US","",""
"TEMP","TEMP","Temperature","FRC","US","",""
"TEMP","TEMP","Temperature","F","US","",""
"TEMP","TEMP","Temperature","E","US","",""
"TEMP","TEMP","Temperature","DK","US","",""
"TEMP","TEMP","Temperature","D","US","",""
"TEMP","TEMP","Temperature","AR","US","",""
"TEMP","TEMP","Temperature","US","US","",""
"TEMP","TEMP","Temperature","CS","US","",""
"TEMP","TEMP","Temperature","HU","US","",""
"TEMP","TEMP","Temperature","IW","US","",""
"TEMP","TEMP","Temperature","N","US","",""
"TEMP","TEMP","Temperature","RO","US","",""
"TEMP","TEMP","Temperature","TH","US","",""
"Fahrenheit","Fahrenheit","Fahrenheit","ZHT","US","",""
"Fahrenheit","Fahrenheit","Fahrenheit","ZHS","US","",""
"Fahrenheit","Fahrenheit","Fahrenheit","TR","US","",""
"Fahrenheit","Fahrenheit","Fahrenheit","SF","US","",""
"Fahrenheit","Fahrenheit","Fahrenheit","S","US","",""
"Fahrenheit","Fahrenheit","Fahrenheit","RU","US","",""
"Fahrenheit","Fahrenheit","Fahrenheit","PTB","US","",""
"Fahrenheit","Fahrenheit","Fahrenheit","PL","US","",""
"Fahrenheit","Fahrenheit","Fahrenheit","NL","US","",""
"Fahrenheit","Fahrenheit","Fahrenheit","KO","US","",""
"Fahrenheit","Fahrenheit","Fahrenheit","JA","US","",""
"Fahrenheit","Fahrenheit","Fahrenheit","I","US","",""
"Fahrenheit","Fahrenheit","Fahrenheit","FRC","US","",""
"Fahrenheit","Fahrenheit","Fahrenheit","F","US","",""
"Fahrenheit","Fahrenheit","Fahrenheit","E","US","",""
"Fahrenheit","Fahrenheit","Fahrenheit","DK","US","",""
"Fahrenheit","Fahrenheit","Fahrenheit","D","US","",""
"Fahrenheit","Fahrenheit","Fahrenheit","AR","US","",""
"Fahrenheit","Fahrenheit","Fahrenheit","US","US","",""
"Fahrenheit","Fahrenheit","Fahrenheit","CS","US","",""
"Fahrenheit","Fahrenheit","Fahrenheit","HU","US","",""
"Fahrenheit","Fahrenheit","Fahrenheit","IW","US","",""
"Fahrenheit","Fahrenheit","Fahrenheit","N","US","",""
"Fahrenheit","Fahrenheit","Fahrenheit","RO","US","",""
"Fahrenheit","Fahrenheit","Fahrenheit","TH","US","",""
"Celsius","Celsius","Celsius","ZHT","US","",""
"Celsius","Celsius","Celsius","ZHS","US","",""
"Celsius","Celsius","Celsius","TR","US","",""
"Celsius","Celsius","Celsius","SF","US","",""
"Celsius","Celsius","Celsius","S","US","",""
"Celsius","Celsius","Celsius","RU","US","",""
"Celsius","Celsius","Celsius","PTB","US","",""
"Celsius","Celsius","Celsius","PL","US","",""
"Celsius","Celsius","Celsius","NL","US","",""
"Celsius","Celsius","Celsius","KO","US","",""
"Celsius","Celsius","Celsius","JA","US","",""
"Celsius","Celsius","Celsius","I","US","",""
"Celsius","Celsius","Celsius","FRC","US","",""
"Celsius","Celsius","Celsius","F","US","",""
"Celsius","Celsius","Celsius","E","US","",""
"Celsius","Celsius","Celsius","DK","US","",""
"Celsius","Celsius","Celsius","D","US","",""
"Celsius","Celsius","Celsius","AR","US","",""
"Celsius","Celsius","Celsius","US","US","",""
"Celsius","Celsius","Celsius","CS","US","",""
"Celsius","Celsius","Celsius","HU","US","",""
"Celsius","Celsius","Celsius","IW","US","",""
"Celsius","Celsius","Celsius","N","US","",""
"Celsius","Celsius","Celsius","RO","US","",""
"Celsius","Celsius","Celsius","TH","US","",""
"Watts","Watts","Watts","ZHT","US","",""
"Watts","Watts","Watts","ZHS","US","",""
"Watts","Watts","Watts","TR","US","",""
"Watts","Watts","Watts","SF","US","",""
"Watts","Watts","Watts","S","US","",""
"Watts","Watts","Watts","RU","US","",""
"Watts","Watts","Watts","PTB","US","",""
"Watts","Watts","Watts","PL","US","",""
"Watts","Watts","Watts","NL","US","",""
"Watts","Watts","Watts","KO","US","",""
"Watts","Watts","Watts","JA","US","",""
"Watts","Watts","Watts","I","US","",""
"Watts","Watts","Watts","FRC","US","",""
"Watts","Watts","Watts","F","US","",""
"Watts","Watts","Watts","E","US","",""
"Watts","Watts","Watts","DK","US","",""
"Watts","Watts","Watts","D","US","",""
"Watts","Watts","Watts","AR","US","",""
"Watts","Watts","Watts","US","US","",""
"Watts","Watts","Watts","CS","US","",""
"Watts","Watts","Watts","HU","US","",""
"Watts","Watts","Watts","IW","US","",""
"Watts","Watts","Watts","N","US","",""
"Watts","Watts","Watts","RO","US","",""
"Watts","Watts","Watts","TH","US","",""
"Lumen","Lumen","Light brightness","ZHT","US","",""
"Lumen","Lumen","Light brightness","ZHS","US","",""
"Lumen","Lumen","Light brightness","TR","US","",""
"Lumen","Lumen","Light brightness","SF","US","",""
"Lumen","Lumen","Light brightness","S","US","",""
"Lumen","Lumen","Light brightness","RU","US","",""
"Lumen","Lumen","Light brightness","PTB","US","",""
"Lumen","Lumen","Light brightness","PL","US","",""
"Lumen","Lumen","Light brightness","NL","US","",""
"Lumen","Lumen","Light brightness","KO","US","",""
"Lumen","Lumen","Light brightness","JA","US","",""
"Lumen","Lumen","Light brightness","I","US","",""
"Lumen","Lumen","Light brightness","FRC","US","",""
"Lumen","Lumen","Light brightness","F","US","",""
"Lumen","Lumen","Light brightness","E","US","",""
"Lumen","Lumen","Light brightness","DK","US","",""
"Lumen","Lumen","Light brightness","D","US","",""
"Lumen","Lumen","Light brightness","AR","US","",""
"Lumen","Lumen","Light brightness","US","US","",""
"Lumen","Lumen","Light brightness","CS","US","",""
"Lumen","Lumen","Light brightness","HU","US","",""
"Lumen","Lumen","Light brightness","IW","US","",""
"Lumen","Lumen","Light brightness","N","US","",""
"Lumen","Lumen","Light brightness","RO","US","",""
"Lumen","Lumen","Light brightness","TH","US","",""
"P","P","Pressure","ZHT","US","",""
"P","P","Pressure","ZHS","US","",""
"P","P","Pressure","TR","US","",""
"P","P","Pressure","SF","US","",""
"P","P","Pressure","S","US","",""
"P","P","Pressure","RU","US","",""
"P","P","Pressure","PTB","US","",""
"P","P","Pressure","PL","US","",""
"P","P","Pressure","NL","US","",""
"P","P","Pressure","KO","US","",""
"P","P","Pressure","JA","US","",""
"P","P","Pressure","I","US","",""
"P","P","Pressure","FRC","US","",""
"P","P","Pressure","F","US","",""
"P","P","Pressure","E","US","",""
"P","P","Pressure","DK","US","",""
"P","P","Pressure","D","US","",""
"P","P","Pressure","AR","US","",""
"P","P","Pressure","US","US","",""
"P","P","Pressure","CS","US","",""
"P","P","Pressure","HU","US","",""
"P","P","Pressure","IW","US","",""
"P","P","Pressure","N","US","",""
"P","P","Pressure","RO","US","",""
"P","P","Pressure","TH","US","",""
"PSI","PSI","Pounds per square inch","ZHT","US","",""
"PSI","PSI","Pounds per square inch","ZHS","US","",""
"PSI","PSI","Pounds per square inch","TR","US","",""
"PSI","PSI","Pounds per square inch","SF","US","",""
"PSI","PSI","Pounds per square inch","S","US","",""
"PSI","PSI","Pounds per square inch","RU","US","",""
"PSI","PSI","Pounds per square inch","PTB","US","",""
"PSI","PSI","Pounds per square inch","PL","US","",""
"PSI","PSI","Pounds per square inch","NL","US","",""
"PSI","PSI","Pounds per square inch","KO","US","",""
"PSI","PSI","Pounds per square inch","JA","US","",""
"PSI","PSI","Pounds per square inch","I","US","",""
"PSI","PSI","Pounds per square inch","FRC","US","",""
"PSI","PSI","Pounds per square inch","F","US","",""
"PSI","PSI","Pounds per square inch","E","US","",""
"PSI","PSI","Pounds per square inch","DK","US","",""
"PSI","PSI","Pounds per square inch","D","US","",""
"PSI","PSI","Pounds per square inch","AR","US","",""
"PSI","PSI","Pounds per square inch","US","US","",""
"PSI","PSI","Pounds per square inch","CS","US","",""
"PSI","PSI","Pounds per square inch","HU","US","",""
"PSI","PSI","Pounds per square inch","IW","US","",""
"PSI","PSI","Pounds per square inch","N","US","",""
"PSI","PSI","Pounds per square inch","RO","US","",""
"PSI","PSI","Pounds per square inch","TH","US","",""
