"UomClassTl","UomClassCode","Description","BaseUnitOfMeasure","BaseUomCode","BaseUomDisableDate","BaseUomDescription","DisableDate","HasGeneratedCode","BaseUomHasGeneratedCode","Attribute1","Attribute10","Attribute11","Attribute12","Attribute13","Attribute14","Attribute15","Attribute2","Attribute3","Attribute4","Attribute5","Attribute6","Attribute7","Attribute8","Attribute9","AttributeCategory"
"FREQ","FREQ","Frequency","GHz","GHz","","GHz","","N","N","","","","","","","","","","","","","","","",""
"Dimension","2","Dimension","in","zzx","","Inch","","Y","Y","","","","","","","","","","","","","","","",""
"Month","4","Month","Month","zzv","","Month","","Y","Y","","","","","","","","","","","","","","","",""
"Time","6","Time","Hr","zzt","","Hour","","Y","Y","","","","","","","","","","","","","","","",""
"Volume","7","Volume","cu in","zzs","","Cubic Inch","","Y","Y","","","","","","","","","","","","","","","",""
"Currency","9","Currency","USD","zzU","","US Dollar","","Y","Y","","","","","","","","","","","","","","","",""
"Data","1","Data","GB","zzy","","Gigabyte","","Y","Y","","","","","","","","","","","","","","","",""
"Liquid","3","Liquid","fl oz","zzw","","Fluid Ounce","","Y","Y","","","","","","","","","","","","","","","",""
"Quantity","5","Quantity","Ea","zzu","","Each","","Y","Y","","","","","","","","","","","","","","","",""
"Weight","8","Weight","lb","zzr","","Pound","","Y","Y","","","","","","","","","","","","","","","",""
"FORCE","FORCE","FORCE","Nm","NM","","Nanometer","2019/04/04","N","N","","","","","","","","","","","","","","","",""
"VISCOSITY","VISCOSITY","Viscosity","cSt","cSt","","Centistokes","","N","N","","","","","","","","","","","","","","","",""
"UNIFORMITY","UNIFORMITY","UNIFORMITY","PU","PU","","Penetration Unit","","N","N","","","","","","","","","","","","","","","",""
"EMF","EMF","Electro Motive Force","V","V","","Volts","","N","N","","","","","","","","","","","","","","","",""
"AREA","AREA","Area","M2","M2","","Square Meter","","N","N","","","","","","","","","","","","","","","",""
"ACTM","ACTM","ACTM","ALB","ALB","","Active LBS","","N","N","","","","","","","","","","","","","","","",""
"COLOR","COLOR","COLOR","Lab","Lab","","Colorimeter reading (L, A, B)","","N","N","","","","","","","","","","","","","","","",""
"FLUID","FLUID","FLUID","Gal","Gal","","GALLON","","N","N","","","","","","","","","","","","","","","",""
"CONTENT","CONTENT","CONTENT","Brx","Brx","","Sugar Content","","N","N","","","","","","","","","","","","","","","",""
"ENERGY","ENE","ENERGY","eV","eV","","Electron Volt","","N","N","","","","","","","","","","","","","","","",""
"CONTAINER","CONTAINER","Containers","PLT","PLT","","Pallet","","N","N","","","","","","","","","","","","","","","",""
"TEMP","TEMP","Temperature","TEMP","T","","Temperature","","N","N","","","","","","","","","","","","","","","",""
"Watts","Watts","Watts","Watts","W","","Watts","","N","N","","","","","","","","","","","","","","","",""
"Pressure","PRESSURE","Pressure","P","P","","Pressure","","N","N","","","","","","","","","","","","","","","",""
