<?xml version="1.0" encoding="UTF-8"?>
<OdiDeploymentArchive>
   <Name>EXEC_PatchDeploymentArchive4</Name>
   <DeploymentArchiveType>PATCH</DeploymentArchiveType>
   <SourceType>ODI</SourceType>
   <SourceInfo>Master:{dburl=jdbc:oracle:thin:@odblt08:1521/odilt01; dbuser=DEV_ODI_REPO}; Work:{name=WORKREP}</SourceInfo>
   <GlobalId>193982bf-d520-4bdb-b6e7-8a277d544c61</GlobalId>
   <CreatedDate>2020-11-20T07:37:26.231-06:00</CreatedDate>
   <CreatedBy>SUPERVISOR</CreatedBy>
   <ObjectsToUpdate>
      <Object class="oracle.odi.domain.runtime.scenario.OdiScenario" globalId="e6cd591a-41e8-41f8-a7aa-c695845e5755" name="MYPACKAGE2 Version 001" path="/Work Repository/Projects/Erick/Folder1/Packages/Scenarios"/>
   </ObjectsToUpdate>
   <ObjectsToDelete/>
</OdiDeploymentArchive>
