<?xml version="1.0" encoding="UTF-8"?>
<OdiDeploymentArchive>
   <Name>EXEC_PatchDeploymentArchive3WithKey</Name>
   <DeploymentArchiveType>PATCH</DeploymentArchiveType>
   <SourceType>ODI</SourceType>
   <SourceInfo>Master:{dburl=jdbc:oracle:thin:@odblt08:1521/odilt01; dbuser=DEV_ODI_REPO}; Work:{name=WORKREP}</SourceInfo>
   <GlobalId>87e47e7d-831d-4bb6-91d7-c53be699f29d</GlobalId>
   <CreatedDate>2020-11-20T03:35:24.382-06:00</CreatedDate>
   <CreatedBy>SUPERVISOR</CreatedBy>
   <ObjectsToUpdate>
      <Object class="oracle.odi.domain.runtime.scenario.OdiScenario" globalId="e6cd591a-41e8-41f8-a7aa-c695845e5755" name="MYPACKAGE2 Version 001" path="/Work Repository/Projects/Erick/Folder1/Packages/Scenarios"/>
      <Object class="oracle.odi.domain.runtime.scenario.OdiScenario" globalId="7c3fa951-8c3b-4cf9-9a94-cdd28f1a541a" name="MYPACKAGE1 Version 001" path="/Work Repository/Projects/Erick/Folder1/Packages/Scenarios"/>
      <Object class="oracle.odi.domain.runtime.scenario.OdiScenario" globalId="a76f0448-e5aa-4c1e-9048-d74850e11aaf" name="NEW_MAPPING Version 001" path="/Work Repository/Projects/Erick/Folder1/Mappings/Scenarios"/>
      <Object class="oracle.odi.domain.runtime.scenario.OdiScenario" globalId="64776eeb-f5db-43f8-b4b1-0b5a64db1568" name="MYPROC Version 001" path="/Work Repository/Projects/Erick/Folder1/Folder_11/Procedures/Scenarios"/>
      <Object class="oracle.odi.domain.runtime.scenario.OdiScenario" globalId="8d911d12-6c3e-4821-885f-2d4227433703" name="MYPACKAGE11 Version 001" path="/Work Repository/Projects/Erick/Folder1/Folder_11/Packages/Scenarios"/>
      <Object class="oracle.odi.domain.runtime.scenario.OdiScenario" globalId="68e03474-74bf-4e25-a60a-00ad219b5fd0" name="MYPACKAGE11 Version 9" path="/Work Repository/Projects/Erick/Folder1/Folder_11/Packages/Scenarios"/>
      <Object class="oracle.odi.domain.runtime.scenario.OdiScenario" globalId="ccc7999c-a320-4296-9708-ebb033531d64" name="MYMAPPING123 Version 003" path="/Work Repository/Projects/Erick/Folder1/Folder_11/Mappings/Scenarios"/>
   </ObjectsToUpdate>
   <ObjectsToDelete/>
</OdiDeploymentArchive>
