<?xml version="1.0" encoding="UTF-8"?>
<OdiDeploymentArchive>
   <Name>PatchDeploymentArchive3</Name>
   <DeploymentArchiveType>PATCH</DeploymentArchiveType>
   <SourceType>ODI</SourceType>
   <SourceInfo>Master:{dburl=jdbc:oracle:thin:@odblt08:1521/odilt01; dbuser=DEV_ODI_REPO}; Work:{name=WORKREP}</SourceInfo>
   <GlobalId>d28a40bf-7ab1-4a3b-a0da-9f6620ccbf66</GlobalId>
   <CreatedDate>2020-11-20T07:15:03.213-06:00</CreatedDate>
   <CreatedBy>SUPERVISOR</CreatedBy>
   <ObjectsToUpdate>
      <Object class="oracle.odi.domain.project.OdiPackage" globalId="7754522d-b24d-4e2e-9491-23d1969637f0" name="MyPackage2" path="/Work Repository/Projects/Erick/Folder1/Packages"/>
      <Object class="oracle.odi.domain.project.OdiFolder" globalId="df7292b4-b77d-4a4d-a9ff-46bce269aea2" name="Folder1" path="/Work Repository/Projects/Erick/Folder1"/>
      <Object class="oracle.odi.domain.project.OdiProject" globalId="a72365ca-8ace-45eb-a9b7-686e71e92fb3" name="Erick" path="/Work Repository/Projects/Erick"/>
      <Object class="oracle.odi.domain.marker.OdiMarkerGroup" globalId="637e41f4-924e-40c9-a83f-61adf95d502a" name="FLEXDEPLOY" path="/Work Repository/Projects/Erick/Markers"/>
   </ObjectsToUpdate>
   <ObjectsToDelete/>
</OdiDeploymentArchive>
