"Name","LastUpdateDate","LastUpdatedBy","CreationDate","CreatedBy","LastUpdateLogin","EnabledFlag","DueCutoffDay","Type","StartDateActive","EndDateActive","Rank","AttributeCategory","Attribute1","Attribute2","Attribute3","Attribute4","Attribute5","Attribute6","Attribute7","Attribute8","Attribute9","Attribute10","Attribute11","Attribute12","Attribute13","Attribute14","Attribute15","Description","GlobalAttributeCategory","GlobalAttribute1","GlobalAttribute2","GlobalAttribute3","GlobalAttribute4","GlobalAttribute5","GlobalAttribute6","GlobalAttribute7","GlobalAttribute8","GlobalAttribute9","GlobalAttribute10","GlobalAttribute11","GlobalAttribute12","GlobalAttribute13","GlobalAttribute14","GlobalAttribute15","GlobalAttribute16","GlobalAttribute17","GlobalAttribute18","GlobalAttribute19","GlobalAttribute20","GlobalAttributeDate1","GlobalAttributeDate2","GlobalAttributeDate3","GlobalAttributeDate4","GlobalAttributeDate5","GlobalAttributeNumber1","GlobalAttributeNumber2","GlobalAttributeNumber3","GlobalAttributeNumber4","GlobalAttributeNumber5"
"Immediate","2021/05/05 10:03:51.732","FIN_IMPL","2013/08/08 06:57:16.001","SEED_DATA_FROM_APPLICATION","BF99743B1635F642E0532C60FD0AC817","Y","","STD","1992/11/01","","","","","","","","","","","","","Immediato","Immediat","","Pagamento immediato","immediat","Global Segment for Term Header","Scheduled for payment immediately.","","","","","","","","","","","","","","","","","","","","","","","","","","","","","","",""
"2/10 Net 30","2018/10/04 06:23:52.03","FIN_IMPL","2013/08/08 06:57:37.393","SEED_DATA_FROM_APPLICATION","775B49E8625728DAE0537990DF0ADB73","Y","","STD","1992/11/01","","","","","","","","","","","","","","","","","","Global Segment for Term Header","Two percent discount deducted if paid within 10 days, remainder paid 30 days from invoice terms date.","","","","","","","","","","","","","","","","","","","","","","","","","","","","","","",""
"Net 30","2018/10/04 06:24:49.677","FIN_IMPL","2013/08/08 06:57:37.632","SEED_DATA_FROM_APPLICATION","775B49E8625728DAE0537990DF0ADB73","Y","","STD","1990/01/01","","","","","","","","","","","","","","","","","","Global Segment for Term Header","Payment due in 30 days.","","","","","","","","","","","","","","","","","","","","","","","","","","","","","","",""
"Net 45","2018/10/04 06:25:02.315","FIN_IMPL","2013/08/08 06:57:37.646","SEED_DATA_FROM_APPLICATION","775B49E8625728DAE0537990DF0ADB73","Y","","STD","1990/01/01","","","","","","","","","","","","","","","","","","Global Segment for Term Header","Payment due in 45 days.","","","","","","","","","","","","","","","","","","","","","","","","","","","","","","",""
"Net 60","2018/10/04 06:25:16.246","FIN_IMPL","2013/08/08 06:57:37.661","SEED_DATA_FROM_APPLICATION","775B49E8625728DAE0537990DF0ADB73","Y","","STD","1990/01/01","","","","","","","","","","","","","","","","","","Global Segment for Term Header","Payment due in 60 days.","","","","","","","","","","","","","","","","","","","","","","","","","","","","","","",""
"Net Monthly Account","2018/10/04 06:25:39.305","FIN_IMPL","2013/08/08 06:57:37.675","SEED_DATA_FROM_APPLICATION","775B49E8625728DAE0537990DF0ADB73","Y","","STD","1990/01/01","","","","","","","","","","","","","","","","","","Global Segment for Term Header","Payment due on last day of the month following the one in which the invoice is dated.","","","","","","","","","","","","","","","","","","","","","","","","","","","","","","",""
"End of Month","2018/10/04 06:24:09.661","FIN_IMPL","2013/08/08 06:57:37.686","SEED_DATA_FROM_APPLICATION","775B49E8625728DAE0537990DF0ADB73","Y","","STD","2000/06/03","","","","","","","","","","","","","","","","","","Global Segment for Term Header","Pay by end of current month.","","","","","","","","","","","","","","","","","","","","","","","","","","","","","","",""
"JP-EOM-1-EOM","2015/03/18 19:06:52.395","FIN_IMPL","2015/03/18 14:35:06.001","FIN_IMPL","1195961BA59517C1E0536204548C5B48","Y","1","STD","2000/01/01","","","","","","","","","","","","","","","","","","","Closing at the end of current month.","","","","","","","","","","","","","","","","","","","","","","","","","","","","","","",""
"JP-EOM-2-EOM","2015/03/18 19:07:04.455","FIN_IMPL","2015/03/18 14:41:41.863","FIN_IMPL","1195961BA59517C1E0536204548C5B48","Y","1","STD","2000/01/01","","","","","","","","","","","","","","","","","","","Closing at the end of next month.","","","","","","","","","","","","","","","","","","","","","","","","","","","","","","",""
"JP-20th-1-EOM","2015/03/18 19:06:32.048","FIN_IMPL","2015/03/18 14:45:49.721","FIN_IMPL","1195961BA59517C1E0536204548C5B48","Y","20","STD","2000/01/01","","","","","","","","","","","","","","","","","","","Closing date on 20th, payment at the end of following month.","","","","","","","","","","","","","","","","","","","","","","","","","","","","","","",""
"JP-20th-2-EOM","2015/03/18 19:06:42.771","FIN_IMPL","2015/03/18 14:48:13.551","FIN_IMPL","1195961BA59517C1E0536204548C5B48","Y","20","STD","2000/01/01","","","","","","","","","","","","","","","","","","","Closing date on the 20th, payment at the end of two later months.","","","","","","","","","","","","","","","","","","","","","","","","","","","","","","",""
"Net 90","2018/10/04 06:25:26.636","FIN_IMPL","2018/08/28 10:18:59.001","FIN_IMPL","775B49E8625728DAE0537990DF0ADB73","Y","","STD","1990/01/01","","","","","","","","","","","","","","","","","","","Payment due in 90 days.
","","","","","","","","","","","","","","","","","","","","","","","","","","","","","","",""
"Prompt Net 30","2021/03/30 10:10:52.56","FIN_IMPL","2021/03/30 10:05:55.071","FIN_IMPL","BE4F805A163FFC4CE0532C60FD0AC1E4","Y","","STD","2009/12/10","","","","","","","","","","","","","","","","","","","Payment Due in 30 Days
","FVxUSPayablesTerms","Y","Y","","","","","","","","","","","","","","","","","","","","","","","","7","7","30","",""
"Prompt Accelerated","2021/03/30 10:10:38.884","FIN_IMPL","2021/03/30 10:09:05.135","FIN_IMPL","BE4F805A163FFC4CE0532C60FD0AC1E4","Y","","STD","2009/12/10","","","","","","","","","","","","","","","","","","","Accelerated Payment
","FVxUSPayablesTerms","Y","Y","","","","","","","","","","","","","","","","","","","","","","","","7","7","30","",""
"Prompt No Interest","2021/03/30 10:11:02.674","FIN_IMPL","2021/03/30 10:07:58.595","FIN_IMPL","BE4F805A163FFC4CE0532C60FD0AC1E4","Y","","STD","2009/12/10","","","","","","","","","","","","","","","","","","","No Interest Penalty
","FVxUSPayablesTerms","Y","N","","","","","","","","","","","","","","","","","","","","","","","","7","7","0","",""
"Prompt .1% 10 Net 30","2021/03/30 10:12:31.461","FIN_IMPL","2021/03/30 10:11:15.817","FIN_IMPL","BE4F805A163FFC4CE0532C60FD0AC1E4","Y","","STD","2009/12/10","","","","","","","","","","","","","","","","","","","Prompt .1% 10 Net 30
","FVxUSPayablesTerms","Y","Y","","","","","","","","","","","","","","","","","","","","","","","","7","7","30","",""
"Prompt 2% 10 Net 30","2021/03/30 10:13:33.102","FIN_IMPL","2021/03/30 10:12:36.408","FIN_IMPL","BE4F805A163FFC4CE0532C60FD0AC1E4","Y","","STD","2009/12/10","","","","","","","","","","","","","","","","","","","Prompt 2% 10 Net 30
","FVxUSPayablesTerms","Y","Y","","","","","","","","","","","","","","","","","","","","","","","","7","7","30","",""
"Prompt Multi Discount","2021/03/30 10:15:02.968","FIN_IMPL","2021/03/30 10:13:37.714","FIN_IMPL","BE4F805A163FFC4CE0532C60FD0AC1E4","Y","","STD","2009/12/10","","","","","","","","","","","","","","","","","","","Prompt Multi Discount
","FVxUSPayablesTerms","Y","Y","","","","","","","","","","","","","","","","","","","","","","","","7","7","30","",""
