<MigrationProcessCSVMetadataVO>
   <MigrationProcessCSVMetadataVORow>
      <ProcessId>-999</ProcessId>
      <ProcessName>Manage Item Profile Options_20211201_015459_908</ProcessName>
      <ProcessDescription>Manage Item Profile Options_20211201_015459_908</ProcessDescription>
      <ProcessDate>2021-12-01 13:55:36.963</ProcessDate>
      <ObjectShortName>EGP_MANAGE_ITEM_PROFILE_OPTIONS</ObjectShortName>
      <ObjectType>TASK</ObjectType>
      <CreatedByFlow>TASK_CSV_SERVICE</CreatedByFlow>
      <MigrationProcessBusinessObjectCSVMetadata1>
         <MigrationProcessBusinessObjectCSVMetadataVORow>
            <ProcessId>-999</ProcessId>
            <BusinessObjectShortName>FND_APP_PROFILE_OPTION</BusinessObjectShortName>
            <BatchName>6c743897-b4e6-4dfb-879e-6028e8705e79/FND_APP_PROFILE_VALUE/ProfileOptionLoader</BatchName>
            <XmlAttributeList>ProfileOptionName,ApplicationId,ModuleId,Description,SqlValidation,StartDateActive,EndDateActive,UserProfileOptionName,CreationDate,CreatedBy,LastUpdateDate,LastUpdatedBy,LastUpdateLogin</XmlAttributeList>
            <XmlAttributeTypeList>string,long,string,string,string,date,date,string,dateTime,string,dateTime,string,string</XmlAttributeTypeList>
            <XmlNodePath>/ProfileOptionLoaderVO/ProfileOptionLoaderVORow</XmlNodePath>
            <NodeSequence>1</NodeSequence>
         </MigrationProcessBusinessObjectCSVMetadataVORow>
         <MigrationProcessBusinessObjectCSVMetadataVORow>
            <ProcessId>-999</ProcessId>
            <BusinessObjectShortName>FND_APP_PROFILE_VALUE</BusinessObjectShortName>
            <BatchName>6c743897-b4e6-4dfb-879e-6028e8705e79/FND_APP_PROFILE_VALUE/ProfileOptionLoader</BatchName>
            <XmlAttributeList>LevelName,LevelValue,ProfileOptionValue,CreationDate,CreatedBy,LastUpdateDate,LastUpdatedBy,LastUpdateLogin</XmlAttributeList>
            <XmlAttributeTypeList>string,string,string,dateTime,string,dateTime,string,string</XmlAttributeTypeList>
            <XmlNodePath>/ProfileOptionLoaderVO/ProfileOptionLoaderVORow/ProfileOptionValueLoaderVO/ProfileOptionValueLoaderVORow</XmlNodePath>
            <NodeSequence>3</NodeSequence>
         </MigrationProcessBusinessObjectCSVMetadataVORow>
         <MigrationProcessBusinessObjectCSVMetadataVORow>
            <ProcessId>-999</ProcessId>
            <BusinessObjectShortName>ORA_FND_APP_PROFILE_OPTION_LEVEL</BusinessObjectShortName>
            <BatchName>6c743897-b4e6-4dfb-879e-6028e8705e79/FND_APP_PROFILE_VALUE/ProfileOptionLoader</BatchName>
            <XmlAttributeList>LevelName,UpdateableFlag,EnabledFlag,CreationDate,CreatedBy,LastUpdateDate,LastUpdatedBy,LastUpdateLogin</XmlAttributeList>
            <XmlAttributeTypeList>string,string,string,dateTime,string,dateTime,string,string</XmlAttributeTypeList>
            <XmlNodePath>/ProfileOptionLoaderVO/ProfileOptionLoaderVORow/ProfileOptionLevelLoaderVO/ProfileOptionLevelLoaderVORow</XmlNodePath>
            <NodeSequence>2</NodeSequence>
         </MigrationProcessBusinessObjectCSVMetadataVORow>
      </MigrationProcessBusinessObjectCSVMetadata1>
      <MigrationProcessBatchCSVMetadata>
         <MigrationProcessBatchCSVMetadataVORow>
            <ProcessId>-999</ProcessId>
            <BatchName>6c743897-b4e6-4dfb-879e-6028e8705e79/FND_APP_PROFILE_VALUE/ProfileOptionLoader</BatchName>
            <ImportSequence>0</ImportSequence>
            <ServiceName>oracle.apps.fnd.applcore.profiles.webservice.ProfileWS</ServiceName>
            <BatchSize>500</BatchSize>
         </MigrationProcessBatchCSVMetadataVORow>
      </MigrationProcessBatchCSVMetadata>
      <MigrationProcessScopeValueCSVMetadata>
         <MigrationProcessScopeValueCSVMetadataVORow>
            <ProcessId>-999</ProcessId>
            <MigScopeValueSetId>100000895961509</MigScopeValueSetId>
            <BusinessObjectShortName>FND_APP_PROFILE_VALUE</BusinessObjectShortName>
            <ScopeValueBoAttributeId>profileOptionName</ScopeValueBoAttributeId>
            <ScopeValueBoAttributeValue>ORA_EGP_COMPONENT_REF_DES_RANGE_INDICATOR</ScopeValueBoAttributeValue>
            <ScopeValueBoAttributeValueCode>ORA_EGP_COMPONENT_REF_DES_RANGE_INDICATOR</ScopeValueBoAttributeValueCode>
         </MigrationProcessScopeValueCSVMetadataVORow>
         <MigrationProcessScopeValueCSVMetadataVORow>
            <ProcessId>-999</ProcessId>
            <MigScopeValueSetId>100000895961509</MigScopeValueSetId>
            <BusinessObjectShortName>FND_APP_PROFILE_VALUE</BusinessObjectShortName>
            <ScopeValueBoAttributeId>mode</ScopeValueBoAttributeId>
            <ScopeValueBoAttributeValue>edit</ScopeValueBoAttributeValue>
            <ScopeValueBoAttributeValueCode>edit</ScopeValueBoAttributeValueCode>
         </MigrationProcessScopeValueCSVMetadataVORow>
         <MigrationProcessScopeValueCSVMetadataVORow>
            <ProcessId>-999</ProcessId>
            <MigScopeValueSetId>100000895961504</MigScopeValueSetId>
            <BusinessObjectShortName>FND_APP_PROFILE_VALUE</BusinessObjectShortName>
            <ScopeValueBoAttributeId>profileOptionName</ScopeValueBoAttributeId>
            <ScopeValueBoAttributeValue>EGP_CONVERSION_MODE</ScopeValueBoAttributeValue>
            <ScopeValueBoAttributeValueCode>EGP_CONVERSION_MODE</ScopeValueBoAttributeValueCode>
         </MigrationProcessScopeValueCSVMetadataVORow>
         <MigrationProcessScopeValueCSVMetadataVORow>
            <ProcessId>-999</ProcessId>
            <MigScopeValueSetId>100000895961504</MigScopeValueSetId>
            <BusinessObjectShortName>FND_APP_PROFILE_VALUE</BusinessObjectShortName>
            <ScopeValueBoAttributeId>mode</ScopeValueBoAttributeId>
            <ScopeValueBoAttributeValue>edit</ScopeValueBoAttributeValue>
            <ScopeValueBoAttributeValueCode>edit</ScopeValueBoAttributeValueCode>
         </MigrationProcessScopeValueCSVMetadataVORow>
         <MigrationProcessScopeValueCSVMetadataVORow>
            <ProcessId>-999</ProcessId>
            <MigScopeValueSetId>100000895961501</MigScopeValueSetId>
            <BusinessObjectShortName>FND_APP_PROFILE_VALUE</BusinessObjectShortName>
            <ScopeValueBoAttributeId>profileOptionName</ScopeValueBoAttributeId>
            <ScopeValueBoAttributeValue>EGP_DISPLAY_IMAGES</ScopeValueBoAttributeValue>
            <ScopeValueBoAttributeValueCode>EGP_DISPLAY_IMAGES</ScopeValueBoAttributeValueCode>
         </MigrationProcessScopeValueCSVMetadataVORow>
         <MigrationProcessScopeValueCSVMetadataVORow>
            <ProcessId>-999</ProcessId>
            <MigScopeValueSetId>100000895961501</MigScopeValueSetId>
            <BusinessObjectShortName>FND_APP_PROFILE_VALUE</BusinessObjectShortName>
            <ScopeValueBoAttributeId>mode</ScopeValueBoAttributeId>
            <ScopeValueBoAttributeValue>edit</ScopeValueBoAttributeValue>
            <ScopeValueBoAttributeValueCode>edit</ScopeValueBoAttributeValueCode>
         </MigrationProcessScopeValueCSVMetadataVORow>
         <MigrationProcessScopeValueCSVMetadataVORow>
            <ProcessId>-999</ProcessId>
            <MigScopeValueSetId>100000895961498</MigScopeValueSetId>
            <BusinessObjectShortName>FND_APP_PROFILE_VALUE</BusinessObjectShortName>
            <ScopeValueBoAttributeId>profileOptionName</ScopeValueBoAttributeId>
            <ScopeValueBoAttributeValue>EGP_UPDATEABLE_ITEM</ScopeValueBoAttributeValue>
            <ScopeValueBoAttributeValueCode>EGP_UPDATEABLE_ITEM</ScopeValueBoAttributeValueCode>
         </MigrationProcessScopeValueCSVMetadataVORow>
         <MigrationProcessScopeValueCSVMetadataVORow>
            <ProcessId>-999</ProcessId>
            <MigScopeValueSetId>100000895961498</MigScopeValueSetId>
            <BusinessObjectShortName>FND_APP_PROFILE_VALUE</BusinessObjectShortName>
            <ScopeValueBoAttributeId>mode</ScopeValueBoAttributeId>
            <ScopeValueBoAttributeValue>edit</ScopeValueBoAttributeValue>
            <ScopeValueBoAttributeValueCode>edit</ScopeValueBoAttributeValueCode>
         </MigrationProcessScopeValueCSVMetadataVORow>
         <MigrationProcessScopeValueCSVMetadataVORow>
            <ProcessId>-999</ProcessId>
            <MigScopeValueSetId>100000895961495</MigScopeValueSetId>
            <BusinessObjectShortName>FND_APP_PROFILE_VALUE</BusinessObjectShortName>
            <ScopeValueBoAttributeId>profileOptionName</ScopeValueBoAttributeId>
            <ScopeValueBoAttributeValue>EGP_ITEM_IMPORT_NUMBER_OF_THREADS</ScopeValueBoAttributeValue>
            <ScopeValueBoAttributeValueCode>EGP_ITEM_IMPORT_NUMBER_OF_THREADS</ScopeValueBoAttributeValueCode>
         </MigrationProcessScopeValueCSVMetadataVORow>
         <MigrationProcessScopeValueCSVMetadataVORow>
            <ProcessId>-999</ProcessId>
            <MigScopeValueSetId>100000895961495</MigScopeValueSetId>
            <BusinessObjectShortName>FND_APP_PROFILE_VALUE</BusinessObjectShortName>
            <ScopeValueBoAttributeId>mode</ScopeValueBoAttributeId>
            <ScopeValueBoAttributeValue>edit</ScopeValueBoAttributeValue>
            <ScopeValueBoAttributeValueCode>edit</ScopeValueBoAttributeValueCode>
         </MigrationProcessScopeValueCSVMetadataVORow>
         <MigrationProcessScopeValueCSVMetadataVORow>
            <ProcessId>-999</ProcessId>
            <MigScopeValueSetId>100000895961492</MigScopeValueSetId>
            <BusinessObjectShortName>FND_APP_PROFILE_VALUE</BusinessObjectShortName>
            <ScopeValueBoAttributeId>profileOptionName</ScopeValueBoAttributeId>
            <ScopeValueBoAttributeValue>EGP_ITEM_IMPORT_ITEMS_PER_THREAD</ScopeValueBoAttributeValue>
            <ScopeValueBoAttributeValueCode>EGP_ITEM_IMPORT_ITEMS_PER_THREAD</ScopeValueBoAttributeValueCode>
         </MigrationProcessScopeValueCSVMetadataVORow>
         <MigrationProcessScopeValueCSVMetadataVORow>
            <ProcessId>-999</ProcessId>
            <MigScopeValueSetId>100000895961492</MigScopeValueSetId>
            <BusinessObjectShortName>FND_APP_PROFILE_VALUE</BusinessObjectShortName>
            <ScopeValueBoAttributeId>mode</ScopeValueBoAttributeId>
            <ScopeValueBoAttributeValue>edit</ScopeValueBoAttributeValue>
            <ScopeValueBoAttributeValueCode>edit</ScopeValueBoAttributeValueCode>
         </MigrationProcessScopeValueCSVMetadataVORow>
      </MigrationProcessScopeValueCSVMetadata>
      <MigrationProcessMigrationObjectCSVMetadata>
         <MigrationProcessMigrationObjectCSVMetadataVORow>
            <ProcessId>-999</ProcessId>
            <BusinessObjectShortName>FND_APP_PROFILE_VALUE</BusinessObjectShortName>
            <MigrateFlag>Y</MigrateFlag>
            <IncludeExternalDataFlag>Y</IncludeExternalDataFlag>
         </MigrationProcessMigrationObjectCSVMetadataVORow>
      </MigrationProcessMigrationObjectCSVMetadata>
      <MigrationProcessTaskCSVMetadata null="true"/>
      <MigrationProcessServiceVersionCSVMetadata null="true"/>
   </MigrationProcessCSVMetadataVORow>
</MigrationProcessCSVMetadataVO>