"FND_APP_PROFILE_OPTION.ProfileOptionName","FND_APP_PROFILE_OPTION.ApplicationId","LevelName","UpdateableFlag","EnabledFlag","CreationDate","CreatedBy","LastUpdateDate","LastUpdatedBy","LastUpdateLogin"
"EGP_DISPLAY_IMAGES","10011","PRODUCT","N","N","2013/12/31 06:21:56.001","SEED_DATA_FROM_APPLICATION","2021/10/30 21:47:29.496345","SEED_DATA_FROM_APPLICATION","-1"
"EGP_DISPLAY_IMAGES","10011","SITE","Y","Y","2013/12/31 06:21:56.017","SEED_DATA_FROM_APPLICATION","2014/02/09 01:24:33.005","CUSTOMIZED_USER","F1F00D9B4F882B4AE0436204548CA242"
"EGP_DISPLAY_IMAGES","10011","USER","N","N","2013/12/31 06:21:56.001","SEED_DATA_FROM_APPLICATION","2021/10/30 21:47:29.496345","SEED_DATA_FROM_APPLICATION","-1"
"EGP_UPDATEABLE_ITEM","10011","PRODUCT","N","N","2013/08/08 06:35:57.08","SEED_DATA_FROM_APPLICATION","2021/10/30 21:47:29.496345","SEED_DATA_FROM_APPLICATION","-1"
"EGP_UPDATEABLE_ITEM","10011","SITE","Y","Y","2013/08/08 06:35:57.103","SEED_DATA_FROM_APPLICATION","2021/10/30 21:47:29.496345","SEED_DATA_FROM_APPLICATION","-1"
"EGP_UPDATEABLE_ITEM","10011","USER","N","N","2013/08/08 06:35:57.08","SEED_DATA_FROM_APPLICATION","2021/10/30 21:47:29.496345","SEED_DATA_FROM_APPLICATION","-1"
