"ClientBuName","ClientOrganizationCode","ProviderBuName","ProviderOrganizationCode","UpstreamFunctionId","DownstreamFunctionId","AnyProvidersFlag","ActiveFlag","CreatedBy","CreationDate","LastUpdatedBy","LastUpdateDate","LastUpdateLogin","SysEffectiveDate","ClientClassificationCode","ClientEffectiveStartDate","ClientEffectiveEndDate","ProviderClassificationCode","ProviderEffectiveStartDate","ProviderEffectiveEndDate"
"Progress US Business Unit","FB7CF6AFB3B75DEDE0436204548CB9B6 300000075888561 2014-06-10 14.15.44.305","Progress US Business Unit","FB7CF6AFB3B75DEDE0436204548CB9B6 300000075888561 2014-06-10 14.15.44.305","120","110","N","Y","FIN_IMPL","2014/06/10 14:24:34.985","FIN_IMPL","2014/06/10 14:24:35.418","FB7AA7E27CED6185E0436204548C9FF5","2024/02/12","FUN_BUSINESS_UNIT","0001/01/01","4712/12/31","FUN_BUSINESS_UNIT","0001/01/01","4712/12/31"
"Progress US Business Unit","FB7CF6AFB3B75DEDE0436204548CB9B6 300000075888561 2014-06-10 14.15.44.305","Progress US Business Unit","FB7CF6AFB3B75DEDE0436204548CB9B6 300000075888561 2014-06-10 14.15.44.305","10","110","N","Y","FIN_IMPL","2014/06/10 14:24:35.126","FIN_IMPL","2014/06/10 14:24:35.418","FB7AA7E27CED6185E0436204548C9FF5","2024/02/12","FUN_BUSINESS_UNIT","0001/01/01","4712/12/31","FUN_BUSINESS_UNIT","0001/01/01","4712/12/31"
"Japan Business Unit","EBC5E9B488EC6F58E0436204548C199F 300000047826669 2013-11-22 19.06.20.003","Japan Business Unit","EBC5E9B488EC6F58E0436204548C199F 300000047826669 2013-11-22 19.06.20.003","30","40","N","Y","FIN_IMPL","2015/03/11 16:16:57.125","FIN_IMPL","2015/03/11 16:16:57.813","1101B3DFC37C51F2E0536204548C059D","2024/02/12","FUN_BUSINESS_UNIT","0001/01/01","4712/12/31","FUN_BUSINESS_UNIT","0001/01/01","4712/12/31"
"Japan Business Unit","EBC5E9B488EC6F58E0436204548C199F 300000047826669 2013-11-22 19.06.20.003","Japan Business Unit","EBC5E9B488EC6F58E0436204548C199F 300000047826669 2013-11-22 19.06.20.003","10","20","N","Y","FIN_IMPL","2015/03/11 16:16:57.19","FIN_IMPL","2015/03/11 16:16:57.813","1101B3DFC37C51F2E0536204548C059D","2024/02/12","FUN_BUSINESS_UNIT","0001/01/01","4712/12/31","FUN_BUSINESS_UNIT","0001/01/01","4712/12/31"
"Japan Business Unit","EBC5E9B488EC6F58E0436204548C199F 300000047826669 2013-11-22 19.06.20.003","Japan Business Unit","EBC5E9B488EC6F58E0436204548C199F 300000047826669 2013-11-22 19.06.20.003","10","110","N","Y","FIN_IMPL","2015/03/11 16:16:57.347","FIN_IMPL","2015/03/11 16:16:57.813","1101B3DFC37C51F2E0536204548C059D","2024/02/12","FUN_BUSINESS_UNIT","0001/01/01","4712/12/31","FUN_BUSINESS_UNIT","0001/01/01","4712/12/31"
"Japan Business Unit","EBC5E9B488EC6F58E0436204548C199F 300000047826669 2013-11-22 19.06.20.003","Japan Business Unit","EBC5E9B488EC6F58E0436204548C199F 300000047826669 2013-11-22 19.06.20.003","120","110","N","Y","PRC_IMPL","2015/03/17 16:00:50.278","PRC_IMPL","2015/03/17 16:00:50.991","117EEED735E67DD2E0536204548C0A01","2024/02/12","FUN_BUSINESS_UNIT","0001/01/01","4712/12/31","FUN_BUSINESS_UNIT","0001/01/01","4712/12/31"
"Belgium Business Unit","184F9610C8F309B9E0536204548CB08F 300000105578322 2015-06-12 13.27.29.172","Belgium Business Unit","184F9610C8F309B9E0536204548CB08F 300000105578322 2015-06-12 13.27.29.172","30","40","N","Y","FIN_IMPL","2015/07/17 08:57:58.213","FIN_IMPL","2015/07/17 08:57:59.04","1B0B5AAC31335DEDE0536204548C05C1","2024/02/12","FUN_BUSINESS_UNIT","0001/01/01","4712/12/31","FUN_BUSINESS_UNIT","0001/01/01","4712/12/31"
"Belgium Business Unit","184F9610C8F309B9E0536204548CB08F 300000105578322 2015-06-12 13.27.29.172","Belgium Business Unit","184F9610C8F309B9E0536204548CB08F 300000105578322 2015-06-12 13.27.29.172","10","20","N","Y","FIN_IMPL","2015/07/17 08:57:58.3","FIN_IMPL","2015/07/17 08:57:59.04","1B0B5AAC31335DEDE0536204548C05C1","2024/02/12","FUN_BUSINESS_UNIT","0001/01/01","4712/12/31","FUN_BUSINESS_UNIT","0001/01/01","4712/12/31"
"Belgium Business Unit","184F9610C8F309B9E0536204548CB08F 300000105578322 2015-06-12 13.27.29.172","Belgium Business Unit","184F9610C8F309B9E0536204548CB08F 300000105578322 2015-06-12 13.27.29.172","120","110","N","Y","FIN_IMPL","2015/07/17 08:57:58.393","FIN_IMPL","2015/07/17 08:57:59.041","1B0B5AAC31335DEDE0536204548C05C1","2024/02/12","FUN_BUSINESS_UNIT","0001/01/01","4712/12/31","FUN_BUSINESS_UNIT","0001/01/01","4712/12/31"
"Belgium Business Unit","184F9610C8F309B9E0536204548CB08F 300000105578322 2015-06-12 13.27.29.172","Belgium Business Unit","184F9610C8F309B9E0536204548CB08F 300000105578322 2015-06-12 13.27.29.172","10","110","N","Y","FIN_IMPL","2015/07/17 08:57:58.468","FIN_IMPL","2015/07/17 08:57:59.041","1B0B5AAC31335DEDE0536204548C05C1","2024/02/12","FUN_BUSINESS_UNIT","0001/01/01","4712/12/31","FUN_BUSINESS_UNIT","0001/01/01","4712/12/31"
"Spain Business Unit","ED585BE2B0522A62E0436204548C0EB0 300000048716576 2013-12-12 19.06.17.003","Spain Business Unit","ED585BE2B0522A62E0436204548C0EB0 300000048716576 2013-12-12 19.06.17.003","30","40","N","Y","FIN_IMPL","2016/08/11 09:27:55.23","FIN_IMPL","2016/08/11 09:28:56.317","39C2D8CA655F627AE0537AA3FD0AF47F","2024/02/12","FUN_BUSINESS_UNIT","0001/01/01","4712/12/31","FUN_BUSINESS_UNIT","0001/01/01","4712/12/31"
"Spain Business Unit","ED585BE2B0522A62E0436204548C0EB0 300000048716576 2013-12-12 19.06.17.003","Spain Business Unit","ED585BE2B0522A62E0436204548C0EB0 300000048716576 2013-12-12 19.06.17.003","10","20","N","Y","FIN_IMPL","2016/08/11 09:27:55.315","FIN_IMPL","2016/08/11 09:28:56.317","39C2D8CA655F627AE0537AA3FD0AF47F","2024/02/12","FUN_BUSINESS_UNIT","0001/01/01","4712/12/31","FUN_BUSINESS_UNIT","0001/01/01","4712/12/31"
"Spain Business Unit","ED585BE2B0522A62E0436204548C0EB0 300000048716576 2013-12-12 19.06.17.003","Spain Business Unit","ED585BE2B0522A62E0436204548C0EB0 300000048716576 2013-12-12 19.06.17.003","120","110","N","Y","FIN_IMPL","2016/08/11 09:27:55.415","FIN_IMPL","2016/08/11 09:28:56.317","39C2D8CA655F627AE0537AA3FD0AF47F","2024/02/12","FUN_BUSINESS_UNIT","0001/01/01","4712/12/31","FUN_BUSINESS_UNIT","0001/01/01","4712/12/31"
"Spain Business Unit","ED585BE2B0522A62E0436204548C0EB0 300000048716576 2013-12-12 19.06.17.003","Spain Business Unit","ED585BE2B0522A62E0436204548C0EB0 300000048716576 2013-12-12 19.06.17.003","10","110","N","Y","FIN_IMPL","2016/08/11 09:27:55.523","FIN_IMPL","2016/08/11 09:28:56.318","39C2D8CA655F627AE0537AA3FD0AF47F","2024/02/12","FUN_BUSINESS_UNIT","0001/01/01","4712/12/31","FUN_BUSINESS_UNIT","0001/01/01","4712/12/31"
"Canada Business Unit","EDEFEF32F2EF25C1E0436204548CB3B3 300000049671153 2013-12-20 03.32.57.002","Canada Business Unit","EDEFEF32F2EF25C1E0436204548CB3B3 300000049671153 2013-12-20 03.32.57.002","10","20","N","Y","FIN_IMPL","2016/09/08 16:33:31.221","FIN_IMPL","2016/09/08 16:33:32.315","3C0237F831031541E0537AA3FD0A440C","2024/02/12","FUN_BUSINESS_UNIT","0001/01/01","4712/12/31","FUN_BUSINESS_UNIT","0001/01/01","4712/12/31"
"Canada Business Unit","EDEFEF32F2EF25C1E0436204548CB3B3 300000049671153 2013-12-20 03.32.57.002","Canada Business Unit","EDEFEF32F2EF25C1E0436204548CB3B3 300000049671153 2013-12-20 03.32.57.002","120","110","N","Y","FIN_IMPL","2016/09/08 16:33:31.405","FIN_IMPL","2016/09/08 16:33:32.315","3C0237F831031541E0537AA3FD0A440C","2024/02/12","FUN_BUSINESS_UNIT","0001/01/01","4712/12/31","FUN_BUSINESS_UNIT","0001/01/01","4712/12/31"
"Canada Business Unit","EDEFEF32F2EF25C1E0436204548CB3B3 300000049671153 2013-12-20 03.32.57.002","Canada Business Unit","EDEFEF32F2EF25C1E0436204548CB3B3 300000049671153 2013-12-20 03.32.57.002","10","110","N","Y","FIN_IMPL","2016/09/08 16:33:31.413","FIN_IMPL","2016/09/08 16:33:32.315","3C0237F831031541E0537AA3FD0A440C","2024/02/12","FUN_BUSINESS_UNIT","0001/01/01","4712/12/31","FUN_BUSINESS_UNIT","0001/01/01","4712/12/31"
"Turkey Business Unit","305FBC44C3C31D1CE053790B548CA470 300000123827898 2016-04-13 14.43.19.008","Turkey Business Unit","305FBC44C3C31D1CE053790B548CA470 300000123827898 2016-04-13 14.43.19.008","30","40","N","Y","FIN_IMPL","2017/04/25 16:34:34.186","FIN_IMPL","2017/04/25 16:34:45.761","4DF3411C23DE688BE053C4AEFD0AB11E","2024/02/12","FUN_BUSINESS_UNIT","0001/01/01","4712/12/31","FUN_BUSINESS_UNIT","0001/01/01","4712/12/31"
"Turkey Business Unit","305FBC44C3C31D1CE053790B548CA470 300000123827898 2016-04-13 14.43.19.008","Turkey Business Unit","305FBC44C3C31D1CE053790B548CA470 300000123827898 2016-04-13 14.43.19.008","10","20","N","Y","FIN_IMPL","2017/04/25 16:34:34.269","FIN_IMPL","2017/04/25 16:34:45.761","4DF3411C23DE688BE053C4AEFD0AB11E","2024/02/12","FUN_BUSINESS_UNIT","0001/01/01","4712/12/31","FUN_BUSINESS_UNIT","0001/01/01","4712/12/31"
"Turkey Business Unit","305FBC44C3C31D1CE053790B548CA470 300000123827898 2016-04-13 14.43.19.008","Turkey Business Unit","305FBC44C3C31D1CE053790B548CA470 300000123827898 2016-04-13 14.43.19.008","120","110","N","Y","FIN_IMPL","2017/04/25 16:34:34.377","FIN_IMPL","2017/04/25 16:34:45.761","4DF3411C23DE688BE053C4AEFD0AB11E","2024/02/12","FUN_BUSINESS_UNIT","0001/01/01","4712/12/31","FUN_BUSINESS_UNIT","0001/01/01","4712/12/31"
"Turkey Business Unit","305FBC44C3C31D1CE053790B548CA470 300000123827898 2016-04-13 14.43.19.008","Turkey Business Unit","305FBC44C3C31D1CE053790B548CA470 300000123827898 2016-04-13 14.43.19.008","10","110","N","Y","FIN_IMPL","2017/04/25 16:34:34.478","FIN_IMPL","2017/04/25 16:34:45.761","4DF3411C23DE688BE053C4AEFD0AB11E","2024/02/12","FUN_BUSINESS_UNIT","0001/01/01","4712/12/31","FUN_BUSINESS_UNIT","0001/01/01","4712/12/31"
"US2 Business Unit","01B220F226E50CE5E0536204548C5B00 300000087957781 2014-08-28 15.46.27.031","US1 Business Unit","E988DA0F6B302192E0436204548CB702 300000046987012 2013-10-25 13.20.39.492","30","40","N","Y","FIN_IMPL","2018/05/30 16:15:59.0","FIN_IMPL","2018/05/30 16:16:02.623","6D6DF0359DB05BE6E0537990DF0A997A","2024/02/12","FUN_BUSINESS_UNIT","0001/01/01","4712/12/31","FUN_BUSINESS_UNIT","0001/01/01","4712/12/31"
"Italy Business Unit","ECE3CA73A70C04D2E0436204548C89E4 300000048608417 2013-12-10 01.04.34.002","Italy Business Unit","ECE3CA73A70C04D2E0436204548C89E4 300000048608417 2013-12-10 01.04.34.002","30","40","N","Y","FIN_IMPL","2015/09/22 18:16:31.14","FIN_IMPL","2015/09/22 18:16:32.037","2056A8AA4C1F0E57E053790B548C3116","2024/02/12","FUN_BUSINESS_UNIT","0001/01/01","4712/12/31","FUN_BUSINESS_UNIT","0001/01/01","4712/12/31"
"Healthcare US Business Unit","FF787466C95540D0E0436204548CE063 300000078974743 2014-07-31 12.40.08.585","Healthcare US Business Unit","FF787466C95540D0E0436204548CE063 300000078974743 2014-07-31 12.40.08.585","30","40","N","Y","FIN_IMPL","2015/09/22 18:28:49.011","FIN_IMPL","2015/09/22 18:28:49.023","2056A8AA4C1F0E57E053790B548C3116","2024/02/12","FUN_BUSINESS_UNIT","0001/01/01","4712/12/31","FUN_BUSINESS_UNIT","0001/01/01","4712/12/31"
"Healthcare US Business Unit","FF787466C95540D0E0436204548CE063 300000078974743 2014-07-31 12.40.08.585","Healthcare US Business Unit","FF787466C95540D0E0436204548CE063 300000078974743 2014-07-31 12.40.08.585","120","110","N","Y","PRC_IMPL","2015/10/06 16:39:03.304","PRC_IMPL","2015/10/06 16:39:04.078","216C3EB67ACC118DE053790B548C16F3","2024/02/12","FUN_BUSINESS_UNIT","0001/01/01","4712/12/31","FUN_BUSINESS_UNIT","0001/01/01","4712/12/31"
"Italy Business Unit","ECE3CA73A70C04D2E0436204548C89E4 300000048608417 2013-12-10 01.04.34.002","Italy Business Unit","ECE3CA73A70C04D2E0436204548C89E4 300000048608417 2013-12-10 01.04.34.002","120","110","N","Y","PRC_IMPL","2015/10/06 16:40:06.018","PRC_IMPL","2015/10/06 16:40:06.341","216C3EB67ACC118DE053790B548C16F3","2024/02/12","FUN_BUSINESS_UNIT","0001/01/01","4712/12/31","FUN_BUSINESS_UNIT","0001/01/01","4712/12/31"
"Switzerland Business Unit","184F984E755009B3E0536204548C86CD 300000105578390 2015-06-12 14.47.12.012","Switzerland Business Unit","184F984E755009B3E0536204548C86CD 300000105578390 2015-06-12 14.47.12.012","10","20","N","Y","FIN_IMPL","2015/12/12 02:04:00.947","FIN_IMPL","2015/12/12 02:04:01.486","26A7569E80FF4247E053790B548C53D7","2024/02/12","FUN_BUSINESS_UNIT","0001/01/01","4712/12/31","FUN_BUSINESS_UNIT","0001/01/01","4712/12/31"
"Australia Business Unit","EBC52ABA150C6FBBE0436204548C78E2 300000047826661 2013-11-22 19.00.25.002","Australia Business Unit","EBC52ABA150C6FBBE0436204548C78E2 300000047826661 2013-11-22 19.00.25.002","30","40","N","Y","FIN_IMPL","2016/07/18 09:20:08.216","FIN_IMPL","2016/07/18 09:21:44.752","37B7C83AD8AD186FE0537AA3FD0ACB26","2024/02/12","FUN_BUSINESS_UNIT","0001/01/01","4712/12/31","FUN_BUSINESS_UNIT","0001/01/01","4712/12/31"
"Australia Business Unit","EBC52ABA150C6FBBE0436204548C78E2 300000047826661 2013-11-22 19.00.25.002","Australia Business Unit","EBC52ABA150C6FBBE0436204548C78E2 300000047826661 2013-11-22 19.00.25.002","10","20","N","Y","FIN_IMPL","2016/07/18 09:20:08.299","FIN_IMPL","2016/07/18 09:21:44.752","37B7C83AD8AD186FE0537AA3FD0ACB26","2024/02/12","FUN_BUSINESS_UNIT","0001/01/01","4712/12/31","FUN_BUSINESS_UNIT","0001/01/01","4712/12/31"
"Australia Business Unit","EBC52ABA150C6FBBE0436204548C78E2 300000047826661 2013-11-22 19.00.25.002","Australia Business Unit","EBC52ABA150C6FBBE0436204548C78E2 300000047826661 2013-11-22 19.00.25.002","120","110","N","Y","FIN_IMPL","2016/07/18 09:20:08.415","FIN_IMPL","2016/07/18 09:21:44.752","37B7C83AD8AD186FE0537AA3FD0ACB26","2024/02/12","FUN_BUSINESS_UNIT","0001/01/01","4712/12/31","FUN_BUSINESS_UNIT","0001/01/01","4712/12/31"
"Australia Business Unit","EBC52ABA150C6FBBE0436204548C78E2 300000047826661 2013-11-22 19.00.25.002","Australia Business Unit","EBC52ABA150C6FBBE0436204548C78E2 300000047826661 2013-11-22 19.00.25.002","10","110","N","Y","FIN_IMPL","2016/07/18 09:20:08.505","FIN_IMPL","2016/07/18 09:21:44.752","37B7C83AD8AD186FE0537AA3FD0ACB26","2024/02/12","FUN_BUSINESS_UNIT","0001/01/01","4712/12/31","FUN_BUSINESS_UNIT","0001/01/01","4712/12/31"
"Poland Business Unit","ED2CDC5A9D2A2B12E0436204548C862E 300000048716580 2013-12-12 19.07.03.003","Poland Business Unit","ED2CDC5A9D2A2B12E0436204548C862E 300000048716580 2013-12-12 19.07.03.003","30","40","N","Y","FIN_IMPL","2018/08/22 11:50:37.249","FIN_IMPL","2018/08/22 11:52:19.127","7404355C37157D28E0537990DF0A64F8","2024/02/12","FUN_BUSINESS_UNIT","0001/01/01","4712/12/31","FUN_BUSINESS_UNIT","0001/01/01","4712/12/31"
"Poland Business Unit","ED2CDC5A9D2A2B12E0436204548C862E 300000048716580 2013-12-12 19.07.03.003","Poland Business Unit","ED2CDC5A9D2A2B12E0436204548C862E 300000048716580 2013-12-12 19.07.03.003","10","20","N","Y","FIN_IMPL","2018/08/22 11:50:37.293","FIN_IMPL","2018/08/22 11:52:19.128","7404355C37157D28E0537990DF0A64F8","2024/02/12","FUN_BUSINESS_UNIT","0001/01/01","4712/12/31","FUN_BUSINESS_UNIT","0001/01/01","4712/12/31"
"Poland Business Unit","ED2CDC5A9D2A2B12E0436204548C862E 300000048716580 2013-12-12 19.07.03.003","Poland Business Unit","ED2CDC5A9D2A2B12E0436204548C862E 300000048716580 2013-12-12 19.07.03.003","120","110","N","Y","FIN_IMPL","2018/08/22 11:50:37.414","FIN_IMPL","2018/08/22 11:52:19.128","7404355C37157D28E0537990DF0A64F8","2024/02/12","FUN_BUSINESS_UNIT","0001/01/01","4712/12/31","FUN_BUSINESS_UNIT","0001/01/01","4712/12/31"
"Poland Business Unit","ED2CDC5A9D2A2B12E0436204548C862E 300000048716580 2013-12-12 19.07.03.003","Poland Business Unit","ED2CDC5A9D2A2B12E0436204548C862E 300000048716580 2013-12-12 19.07.03.003","10","110","N","Y","FIN_IMPL","2018/08/22 11:50:37.63","FIN_IMPL","2018/08/22 11:52:19.128","7404355C37157D28E0537990DF0A64F8","2024/02/12","FUN_BUSINESS_UNIT","0001/01/01","4712/12/31","FUN_BUSINESS_UNIT","0001/01/01","4712/12/31"
"UK Business Unit","EB163118647D3D4AE0436204548C2AF3 300000047498175 2013-11-13 20.55.56.493","UK Business Unit","EB163118647D3D4AE0436204548C2AF3 300000047498175 2013-11-13 20.55.56.493","120","110","N","Y","PRC_IMPL","2013/11/19 21:43:44.0","PRC_IMPL","2013/11/19 21:43:54.889","EB8E6BD2526E41A5E0436204548C2CE5","2024/02/12","FUN_BUSINESS_UNIT","0001/01/01","4712/12/31","FUN_BUSINESS_UNIT","0001/01/01","4712/12/31"
"UK Business Unit","EB163118647D3D4AE0436204548C2AF3 300000047498175 2013-11-13 20.55.56.493","UK Business Unit","EB163118647D3D4AE0436204548C2AF3 300000047498175 2013-11-13 20.55.56.493","10","110","N","Y","PRC_IMPL","2013/11/19 21:43:54.447","PRC_IMPL","2013/11/19 21:43:54.889","EB8E6BD2526E41A5E0436204548C2CE5","2024/02/12","FUN_BUSINESS_UNIT","0001/01/01","4712/12/31","FUN_BUSINESS_UNIT","0001/01/01","4712/12/31"
"US1 Business Unit","E988DA0F6B302192E0436204548CB702 300000046987012 2013-10-25 13.20.39.492","US1 Business Unit","E988DA0F6B302192E0436204548CB702 300000046987012 2013-10-25 13.20.39.492","10","20","N","Y","FUSION","2014/07/16 16:13:15.395828","FUSION","2014/07/16 16:13:15.395828","0","2024/02/12","FUN_BUSINESS_UNIT","0001/01/01","4712/12/31","FUN_BUSINESS_UNIT","0001/01/01","4712/12/31"
"US1 Business Unit","E988DA0F6B302192E0436204548CB702 300000046987012 2013-10-25 13.20.39.492","US1 Business Unit","E988DA0F6B302192E0436204548CB702 300000046987012 2013-10-25 13.20.39.492","30","40","N","Y","FUSION","2014/07/16 16:13:15.401744","FUSION","2014/07/16 16:13:15.401744","0","2024/02/12","FUN_BUSINESS_UNIT","0001/01/01","4712/12/31","FUN_BUSINESS_UNIT","0001/01/01","4712/12/31"
"UK Business Unit","EB163118647D3D4AE0436204548C2AF3 300000047498175 2013-11-13 20.55.56.493","UK Business Unit","EB163118647D3D4AE0436204548C2AF3 300000047498175 2013-11-13 20.55.56.493","10","20","N","Y","FUSION","2014/07/16 16:13:15.404348","FUSION","2014/07/16 16:13:15.404348","0","2024/02/12","FUN_BUSINESS_UNIT","0001/01/01","4712/12/31","FUN_BUSINESS_UNIT","0001/01/01","4712/12/31"
"UK Business Unit","EB163118647D3D4AE0436204548C2AF3 300000047498175 2013-11-13 20.55.56.493","UK Business Unit","EB163118647D3D4AE0436204548C2AF3 300000047498175 2013-11-13 20.55.56.493","30","40","N","Y","FUSION","2014/07/16 16:13:15.404502","FUSION","2014/07/16 16:13:15.404502","0","2024/02/12","FUN_BUSINESS_UNIT","0001/01/01","4712/12/31","FUN_BUSINESS_UNIT","0001/01/01","4712/12/31"
"France Business Unit","EB3D68CB77B62A20E0436204548C8A88 300000047568131 2013-11-15 19.43.14.592","France Business Unit","EB3D68CB77B62A20E0436204548C8A88 300000047568131 2013-11-15 19.43.14.592","10","20","N","Y","FUSION","2014/07/16 16:13:15.404988","FUSION","2014/07/16 16:13:15.404988","0","2024/02/12","FUN_BUSINESS_UNIT","0001/01/01","4712/12/31","FUN_BUSINESS_UNIT","0001/01/01","4712/12/31"
"France Business Unit","EB3D68CB77B62A20E0436204548C8A88 300000047568131 2013-11-15 19.43.14.592","France Business Unit","EB3D68CB77B62A20E0436204548C8A88 300000047568131 2013-11-15 19.43.14.592","30","40","N","Y","FUSION","2014/07/16 16:13:15.405141","FUSION","2014/07/16 16:13:15.405141","0","2024/02/12","FUN_BUSINESS_UNIT","0001/01/01","4712/12/31","FUN_BUSINESS_UNIT","0001/01/01","4712/12/31"
"China Business Unit","EBC52ABA15066FBBE0436204548C78E2 300000047826657 2013-11-22 18.58.08.01","China Business Unit","EBC52ABA15066FBBE0436204548C78E2 300000047826657 2013-11-22 18.58.08.01","10","20","N","Y","FUSION","2014/07/16 16:13:15.405567","FUSION","2014/07/16 16:13:15.405567","0","2024/02/12","FUN_BUSINESS_UNIT","0001/01/01","4712/12/31","FUN_BUSINESS_UNIT","0001/01/01","4712/12/31"
"China Business Unit","EBC52ABA15066FBBE0436204548C78E2 300000047826657 2013-11-22 18.58.08.01","China Business Unit","EBC52ABA15066FBBE0436204548C78E2 300000047826657 2013-11-22 18.58.08.01","30","40","N","Y","FUSION","2014/07/16 16:13:15.405704","FUSION","2014/07/16 16:13:15.405704","0","2024/02/12","FUN_BUSINESS_UNIT","0001/01/01","4712/12/31","FUN_BUSINESS_UNIT","0001/01/01","4712/12/31"
"Progress US Business Unit","FB7CF6AFB3B75DEDE0436204548CB9B6 300000075888561 2014-06-10 14.15.44.305","Progress US Business Unit","FB7CF6AFB3B75DEDE0436204548CB9B6 300000075888561 2014-06-10 14.15.44.305","10","20","N","Y","FUSION","2014/07/16 16:13:15.416312","FUSION","2014/07/16 16:13:15.416312","0","2024/02/12","FUN_BUSINESS_UNIT","0001/01/01","4712/12/31","FUN_BUSINESS_UNIT","0001/01/01","4712/12/31"
"Progress US Business Unit","FB7CF6AFB3B75DEDE0436204548CB9B6 300000075888561 2014-06-10 14.15.44.305","Progress US Business Unit","FB7CF6AFB3B75DEDE0436204548CB9B6 300000075888561 2014-06-10 14.15.44.305","30","40","N","Y","FUSION","2014/07/16 16:13:15.416466","FUSION","2014/07/16 16:13:15.416466","0","2024/02/12","FUN_BUSINESS_UNIT","0001/01/01","4712/12/31","FUN_BUSINESS_UNIT","0001/01/01","4712/12/31"
"University US Business Unit","0782855989405775E0536204548C3686 300000093962136 2014-11-10 13.54.01.19","University US Business Unit","0782855989405775E0536204548C3686 300000093962136 2014-11-10 13.54.01.19","30","40","N","Y","FIN_IMPL","2014/11/10 14:01:18.173","FIN_IMPL","2014/11/10 14:01:19.181","078073FA99665F37E0536204548C8374","2024/02/12","FUN_BUSINESS_UNIT","0001/01/01","4712/12/31","FUN_BUSINESS_UNIT","0001/01/01","4712/12/31"
"University US Business Unit","0782855989405775E0536204548C3686 300000093962136 2014-11-10 13.54.01.19","University US Business Unit","0782855989405775E0536204548C3686 300000093962136 2014-11-10 13.54.01.19","10","20","N","Y","FIN_IMPL","2014/11/10 14:01:18.248","FIN_IMPL","2014/11/10 14:01:19.181","078073FA99665F37E0536204548C8374","2024/02/12","FUN_BUSINESS_UNIT","0001/01/01","4712/12/31","FUN_BUSINESS_UNIT","0001/01/01","4712/12/31"
"University US Business Unit","0782855989405775E0536204548C3686 300000093962136 2014-11-10 13.54.01.19","University US Business Unit","0782855989405775E0536204548C3686 300000093962136 2014-11-10 13.54.01.19","10","110","N","Y","FIN_IMPL","2014/11/10 14:01:18.515","FIN_IMPL","2014/11/10 14:01:19.181","078073FA99665F37E0536204548C8374","2024/02/12","FUN_BUSINESS_UNIT","0001/01/01","4712/12/31","FUN_BUSINESS_UNIT","0001/01/01","4712/12/31"
"Switzerland Business Unit","184F984E755009B3E0536204548C86CD 300000105578390 2015-06-12 14.47.12.012","Switzerland Business Unit","184F984E755009B3E0536204548C86CD 300000105578390 2015-06-12 14.47.12.012","30","40","N","Y","FIN_IMPL","2015/12/14 09:36:30.17","FIN_IMPL","2015/12/14 09:36:30.424","26D1829F01E1428FE053790B548C3043","2024/02/12","FUN_BUSINESS_UNIT","0001/01/01","4712/12/31","FUN_BUSINESS_UNIT","0001/01/01","4712/12/31"
"Switzerland Business Unit","184F984E755009B3E0536204548C86CD 300000105578390 2015-06-12 14.47.12.012","Switzerland Business Unit","184F984E755009B3E0536204548C86CD 300000105578390 2015-06-12 14.47.12.012","120","110","N","Y","FIN_IMPL","2015/12/14 09:36:30.355","FIN_IMPL","2015/12/14 09:36:30.424","26D1829F01E1428FE053790B548C3043","2024/02/12","FUN_BUSINESS_UNIT","0001/01/01","4712/12/31","FUN_BUSINESS_UNIT","0001/01/01","4712/12/31"
"Switzerland Business Unit","184F984E755009B3E0536204548C86CD 300000105578390 2015-06-12 14.47.12.012","Switzerland Business Unit","184F984E755009B3E0536204548C86CD 300000105578390 2015-06-12 14.47.12.012","10","110","N","Y","FIN_IMPL","2015/12/14 09:36:30.365","FIN_IMPL","2015/12/14 09:36:30.424","26D1829F01E1428FE053790B548C3043","2024/02/12","FUN_BUSINESS_UNIT","0001/01/01","4712/12/31","FUN_BUSINESS_UNIT","0001/01/01","4712/12/31"
"Germany Business Unit","ECE3CA73A71204D2E0436204548C89E4 300000048608425 2013-12-10 01.05.53.003","Germany Business Unit","ECE3CA73A71204D2E0436204548C89E4 300000048608425 2013-12-10 01.05.53.003","30","40","N","Y","FIN_IMPL","2016/06/13 10:26:38.156","FIN_IMPL","2016/06/13 10:26:38.843","3527356960E33DFEE053CFFBE70AAC9F","2024/02/12","FUN_BUSINESS_UNIT","0001/01/01","4712/12/31","FUN_BUSINESS_UNIT","0001/01/01","4712/12/31"
"Germany Business Unit","ECE3CA73A71204D2E0436204548C89E4 300000048608425 2013-12-10 01.05.53.003","Germany Business Unit","ECE3CA73A71204D2E0436204548C89E4 300000048608425 2013-12-10 01.05.53.003","10","20","N","Y","FIN_IMPL","2016/06/13 10:26:38.235","FIN_IMPL","2016/06/13 10:26:38.843","3527356960E33DFEE053CFFBE70AAC9F","2024/02/12","FUN_BUSINESS_UNIT","0001/01/01","4712/12/31","FUN_BUSINESS_UNIT","0001/01/01","4712/12/31"
"Germany Business Unit","ECE3CA73A71204D2E0436204548C89E4 300000048608425 2013-12-10 01.05.53.003","Germany Business Unit","ECE3CA73A71204D2E0436204548C89E4 300000048608425 2013-12-10 01.05.53.003","120","110","N","Y","FIN_IMPL","2016/06/13 10:26:38.323","FIN_IMPL","2016/06/13 10:26:38.843","3527356960E33DFEE053CFFBE70AAC9F","2024/02/12","FUN_BUSINESS_UNIT","0001/01/01","4712/12/31","FUN_BUSINESS_UNIT","0001/01/01","4712/12/31"
"Germany Business Unit","ECE3CA73A71204D2E0436204548C89E4 300000048608425 2013-12-10 01.05.53.003","Germany Business Unit","ECE3CA73A71204D2E0436204548C89E4 300000048608425 2013-12-10 01.05.53.003","10","110","N","Y","FIN_IMPL","2016/06/13 10:26:38.394","FIN_IMPL","2016/06/13 10:26:38.843","3527356960E33DFEE053CFFBE70AAC9F","2024/02/12","FUN_BUSINESS_UNIT","0001/01/01","4712/12/31","FUN_BUSINESS_UNIT","0001/01/01","4712/12/31"
"Netherlands Business Unit","ECE3CA73A71804D2E0436204548C89E4 300000048608429 2013-12-10 01.07.13.002","Netherlands Business Unit","ECE3CA73A71804D2E0436204548C89E4 300000048608429 2013-12-10 01.07.13.002","30","40","N","Y","FIN_IMPL","2016/08/24 13:44:51.182","FIN_IMPL","2016/08/24 13:44:55.023","3AD05432E0B87213E0537AA3FD0A503F","2024/02/12","FUN_BUSINESS_UNIT","0001/01/01","4712/12/31","FUN_BUSINESS_UNIT","0001/01/01","4712/12/31"
"Netherlands Business Unit","ECE3CA73A71804D2E0436204548C89E4 300000048608429 2013-12-10 01.07.13.002","Netherlands Business Unit","ECE3CA73A71804D2E0436204548C89E4 300000048608429 2013-12-10 01.07.13.002","10","20","N","Y","FIN_IMPL","2016/08/24 13:44:51.278","FIN_IMPL","2016/08/24 13:44:55.023","3AD05432E0B87213E0537AA3FD0A503F","2024/02/12","FUN_BUSINESS_UNIT","0001/01/01","4712/12/31","FUN_BUSINESS_UNIT","0001/01/01","4712/12/31"
"Netherlands Business Unit","ECE3CA73A71804D2E0436204548C89E4 300000048608429 2013-12-10 01.07.13.002","Netherlands Business Unit","ECE3CA73A71804D2E0436204548C89E4 300000048608429 2013-12-10 01.07.13.002","120","110","N","Y","FIN_IMPL","2016/08/24 13:44:51.392","FIN_IMPL","2016/08/24 13:44:55.023","3AD05432E0B87213E0537AA3FD0A503F","2024/02/12","FUN_BUSINESS_UNIT","0001/01/01","4712/12/31","FUN_BUSINESS_UNIT","0001/01/01","4712/12/31"
"Netherlands Business Unit","ECE3CA73A71804D2E0436204548C89E4 300000048608429 2013-12-10 01.07.13.002","Netherlands Business Unit","ECE3CA73A71804D2E0436204548C89E4 300000048608429 2013-12-10 01.07.13.002","10","110","N","Y","FIN_IMPL","2016/08/24 13:44:51.483","FIN_IMPL","2016/08/24 13:44:55.024","3AD05432E0B87213E0537AA3FD0A503F","2024/02/12","FUN_BUSINESS_UNIT","0001/01/01","4712/12/31","FUN_BUSINESS_UNIT","0001/01/01","4712/12/31"
"Fin Svcs US Business Unit","3D6BA6BAB7B104A8E0537AA3FD0A5D64 300000132179348 2016-09-26 15.18.58.047","Fin Svcs US Business Unit","3D6BA6BAB7B104A8E0537AA3FD0A5D64 300000132179348 2016-09-26 15.18.58.047","10","20","N","Y","FIN_IMPL","2016/10/05 14:45:00.244","FIN_IMPL","2016/10/05 14:45:04.235","3E20278F06C0694CE0537AA3FD0A975C","2024/02/12","FUN_BUSINESS_UNIT","0001/01/01","4712/12/31","FUN_BUSINESS_UNIT","0001/01/01","4712/12/31"
"Fin Svcs US Business Unit","3D6BA6BAB7B104A8E0537AA3FD0A5D64 300000132179348 2016-09-26 15.18.58.047","Fin Svcs US Business Unit","3D6BA6BAB7B104A8E0537AA3FD0A5D64 300000132179348 2016-09-26 15.18.58.047","120","110","N","Y","FIN_IMPL","2016/10/05 14:45:00.426","FIN_IMPL","2016/10/05 14:45:04.235","3E20278F06C0694CE0537AA3FD0A975C","2024/02/12","FUN_BUSINESS_UNIT","0001/01/01","4712/12/31","FUN_BUSINESS_UNIT","0001/01/01","4712/12/31"
"Fin Svcs US Business Unit","3D6BA6BAB7B104A8E0537AA3FD0A5D64 300000132179348 2016-09-26 15.18.58.047","Fin Svcs US Business Unit","3D6BA6BAB7B104A8E0537AA3FD0A5D64 300000132179348 2016-09-26 15.18.58.047","10","110","N","Y","FIN_IMPL","2016/10/05 14:45:00.435","FIN_IMPL","2016/10/05 14:45:04.236","3E20278F06C0694CE0537AA3FD0A975C","2024/02/12","FUN_BUSINESS_UNIT","0001/01/01","4712/12/31","FUN_BUSINESS_UNIT","0001/01/01","4712/12/31"
"US INS Business Unit","4300C5CF33FA5DC9E0537AA3FD0A4D04 300000136439946 2016-12-06 16.17.30.03","US INS Business Unit","4300C5CF33FA5DC9E0537AA3FD0A4D04 300000136439946 2016-12-06 16.17.30.03","10","20","N","Y","FIN_IMPL","2016/12/06 17:09:21.245","FIN_IMPL","2016/12/06 17:09:21.979","42FCAD6D1BB2230AE0537AA3FD0AB5C5","2024/02/12","FUN_BUSINESS_UNIT","0001/01/01","4712/12/31","FUN_BUSINESS_UNIT","0001/01/01","4712/12/31"
"US INS Business Unit","4300C5CF33FA5DC9E0537AA3FD0A4D04 300000136439946 2016-12-06 16.17.30.03","US INS Business Unit","4300C5CF33FA5DC9E0537AA3FD0A4D04 300000136439946 2016-12-06 16.17.30.03","120","110","N","Y","FIN_IMPL","2016/12/06 17:09:21.427","FIN_IMPL","2016/12/06 17:09:21.979","42FCAD6D1BB2230AE0537AA3FD0AB5C5","2024/02/12","FUN_BUSINESS_UNIT","0001/01/01","4712/12/31","FUN_BUSINESS_UNIT","0001/01/01","4712/12/31"
"US INS Business Unit","4300C5CF33FA5DC9E0537AA3FD0A4D04 300000136439946 2016-12-06 16.17.30.03","US INS Business Unit","4300C5CF33FA5DC9E0537AA3FD0A4D04 300000136439946 2016-12-06 16.17.30.03","10","110","N","Y","FIN_IMPL","2016/12/06 17:09:21.437","FIN_IMPL","2016/12/06 17:09:21.979","42FCAD6D1BB2230AE0537AA3FD0AB5C5","2024/02/12","FUN_BUSINESS_UNIT","0001/01/01","4712/12/31","FUN_BUSINESS_UNIT","0001/01/01","4712/12/31"
"Sweden Business Unit","ED585BE2B0582A62E0436204548C0EB0 300000048716584 2013-12-12 19.08.00.002","Sweden Business Unit","ED585BE2B0582A62E0436204548C0EB0 300000048716584 2013-12-12 19.08.00.002","30","40","N","Y","FIN_IMPL","2017/01/18 15:08:48.186","FIN_IMPL","2017/01/18 15:08:49.086","4655AFE15FDF647BE0537AA3FD0A57C8","2024/02/12","FUN_BUSINESS_UNIT","0001/01/01","4712/12/31","FUN_BUSINESS_UNIT","0001/01/01","4712/12/31"
"Sweden Business Unit","ED585BE2B0582A62E0436204548C0EB0 300000048716584 2013-12-12 19.08.00.002","Sweden Business Unit","ED585BE2B0582A62E0436204548C0EB0 300000048716584 2013-12-12 19.08.00.002","10","20","N","Y","FIN_IMPL","2017/01/18 15:08:48.283","FIN_IMPL","2017/01/18 15:08:49.086","4655AFE15FDF647BE0537AA3FD0A57C8","2024/02/12","FUN_BUSINESS_UNIT","0001/01/01","4712/12/31","FUN_BUSINESS_UNIT","0001/01/01","4712/12/31"
"Sweden Business Unit","ED585BE2B0582A62E0436204548C0EB0 300000048716584 2013-12-12 19.08.00.002","Sweden Business Unit","ED585BE2B0582A62E0436204548C0EB0 300000048716584 2013-12-12 19.08.00.002","120","110","N","Y","FIN_IMPL","2017/01/18 15:08:48.393","FIN_IMPL","2017/01/18 15:08:49.086","4655AFE15FDF647BE0537AA3FD0A57C8","2024/02/12","FUN_BUSINESS_UNIT","0001/01/01","4712/12/31","FUN_BUSINESS_UNIT","0001/01/01","4712/12/31"
"Sweden Business Unit","ED585BE2B0582A62E0436204548C0EB0 300000048716584 2013-12-12 19.08.00.002","Sweden Business Unit","ED585BE2B0582A62E0436204548C0EB0 300000048716584 2013-12-12 19.08.00.002","10","110","N","Y","FIN_IMPL","2017/01/18 15:08:48.488","FIN_IMPL","2017/01/18 15:08:49.086","4655AFE15FDF647BE0537AA3FD0A57C8","2024/02/12","FUN_BUSINESS_UNIT","0001/01/01","4712/12/31","FUN_BUSINESS_UNIT","0001/01/01","4712/12/31"
"Saudi Arabia Business Unit","ECE397AA6AB8053DE0436204548C4BAB 300000048608413 2013-12-10 00.58.47.138","Saudi Arabia Business Unit","ECE397AA6AB8053DE0436204548C4BAB 300000048608413 2013-12-10 00.58.47.138","30","40","N","Y","FIN_IMPL","2017/11/09 15:59:48.218","FIN_IMPL","2017/11/09 15:59:53.552","5D8F4F3682925385E0538DADFD0A07D1","2024/02/12","FUN_BUSINESS_UNIT","0001/01/01","4712/12/31","FUN_BUSINESS_UNIT","0001/01/01","4712/12/31"
"Saudi Arabia Business Unit","ECE397AA6AB8053DE0436204548C4BAB 300000048608413 2013-12-10 00.58.47.138","Saudi Arabia Business Unit","ECE397AA6AB8053DE0436204548C4BAB 300000048608413 2013-12-10 00.58.47.138","10","20","N","Y","FIN_IMPL","2017/11/09 15:59:48.24","FIN_IMPL","2017/11/09 15:59:53.552","5D8F4F3682925385E0538DADFD0A07D1","2024/02/12","FUN_BUSINESS_UNIT","0001/01/01","4712/12/31","FUN_BUSINESS_UNIT","0001/01/01","4712/12/31"
"Saudi Arabia Business Unit","ECE397AA6AB8053DE0436204548C4BAB 300000048608413 2013-12-10 00.58.47.138","Saudi Arabia Business Unit","ECE397AA6AB8053DE0436204548C4BAB 300000048608413 2013-12-10 00.58.47.138","120","110","N","Y","FIN_IMPL","2017/11/09 15:59:48.361","FIN_IMPL","2017/11/09 15:59:53.552","5D8F4F3682925385E0538DADFD0A07D1","2024/02/12","FUN_BUSINESS_UNIT","0001/01/01","4712/12/31","FUN_BUSINESS_UNIT","0001/01/01","4712/12/31"
"Saudi Arabia Business Unit","ECE397AA6AB8053DE0436204548C4BAB 300000048608413 2013-12-10 00.58.47.138","Saudi Arabia Business Unit","ECE397AA6AB8053DE0436204548C4BAB 300000048608413 2013-12-10 00.58.47.138","10","110","N","Y","FIN_IMPL","2017/11/09 15:59:48.483","FIN_IMPL","2017/11/09 15:59:53.552","5D8F4F3682925385E0538DADFD0A07D1","2024/02/12","FUN_BUSINESS_UNIT","0001/01/01","4712/12/31","FUN_BUSINESS_UNIT","0001/01/01","4712/12/31"
"US1 Business Unit","E988DA0F6B302192E0436204548CB702 300000046987012 2013-10-25 13.20.39.492","US1 Business Unit","E988DA0F6B302192E0436204548CB702 300000046987012 2013-10-25 13.20.39.492","120","110","N","Y","PRC_IMPL","2013/10/29 19:42:47.0","PRC_IMPL","2013/10/29 19:43:01.846","E9E434C078331B3AE0436204548C5DAA","2024/02/12","FUN_BUSINESS_UNIT","0001/01/01","4712/12/31","FUN_BUSINESS_UNIT","0001/01/01","4712/12/31"
"US1 Business Unit","E988DA0F6B302192E0436204548CB702 300000046987012 2013-10-25 13.20.39.492","US1 Business Unit","E988DA0F6B302192E0436204548CB702 300000046987012 2013-10-25 13.20.39.492","10","110","N","Y","PRC_IMPL","2013/10/29 19:43:01.402","PRC_IMPL","2013/10/29 19:43:01.846","E9E434C078331B3AE0436204548C5DAA","2024/02/12","FUN_BUSINESS_UNIT","0001/01/01","4712/12/31","FUN_BUSINESS_UNIT","0001/01/01","4712/12/31"
"France Business Unit","EB3D68CB77B62A20E0436204548C8A88 300000047568131 2013-11-15 19.43.14.592","France Business Unit","EB3D68CB77B62A20E0436204548C8A88 300000047568131 2013-11-15 19.43.14.592","120","110","N","Y","PRC_IMPL","2014/01/03 21:31:36.0","PRC_IMPL","2014/01/03 21:31:40.329","EF1782ACD6F426F5E0436204548C504C","2024/02/12","FUN_BUSINESS_UNIT","0001/01/01","4712/12/31","FUN_BUSINESS_UNIT","0001/01/01","4712/12/31"
"France Business Unit","EB3D68CB77B62A20E0436204548C8A88 300000047568131 2013-11-15 19.43.14.592","France Business Unit","EB3D68CB77B62A20E0436204548C8A88 300000047568131 2013-11-15 19.43.14.592","10","110","N","Y","PRC_IMPL","2014/01/03 21:31:40.023","PRC_IMPL","2014/01/03 21:31:40.329","EF1782ACD6F426F5E0436204548C504C","2024/02/12","FUN_BUSINESS_UNIT","0001/01/01","4712/12/31","FUN_BUSINESS_UNIT","0001/01/01","4712/12/31"
"University US Business Unit","0782855989405775E0536204548C3686 300000093962136 2014-11-10 13.54.01.19","University US Business Unit","0782855989405775E0536204548C3686 300000093962136 2014-11-10 13.54.01.19","120","110","N","Y","PRC_IMPL","2014/11/13 16:14:32.494","PRC_IMPL","2014/11/13 16:14:33.529","07C0BDD78C156F44E0536204548CD890","2024/02/12","FUN_BUSINESS_UNIT","0001/01/01","4712/12/31","FUN_BUSINESS_UNIT","0001/01/01","4712/12/31"
"Italy Business Unit","ECE3CA73A70C04D2E0436204548C89E4 300000048608417 2013-12-10 01.04.34.002","Italy Business Unit","ECE3CA73A70C04D2E0436204548C89E4 300000048608417 2013-12-10 01.04.34.002","10","20","N","Y","FIN_IMPL","2015/10/12 20:46:40.748","FIN_IMPL","2015/10/12 20:46:41.731","21EF00F69D70058CE053790B548C8DB4","2024/02/12","FUN_BUSINESS_UNIT","0001/01/01","4712/12/31","FUN_BUSINESS_UNIT","0001/01/01","4712/12/31"
"Italy Business Unit","ECE3CA73A70C04D2E0436204548C89E4 300000048608417 2013-12-10 01.04.34.002","Italy Business Unit","ECE3CA73A70C04D2E0436204548C89E4 300000048608417 2013-12-10 01.04.34.002","10","110","N","Y","FIN_IMPL","2015/10/12 20:46:40.899","FIN_IMPL","2015/10/12 20:46:41.731","21EF00F69D70058CE053790B548C8DB4","2024/02/12","FUN_BUSINESS_UNIT","0001/01/01","4712/12/31","FUN_BUSINESS_UNIT","0001/01/01","4712/12/31"
"Healthcare US Business Unit","FF787466C95540D0E0436204548CE063 300000078974743 2014-07-31 12.40.08.585","Healthcare US Business Unit","FF787466C95540D0E0436204548CE063 300000078974743 2014-07-31 12.40.08.585","10","20","N","Y","FIN_IMPL","2015/10/12 21:26:22.08","FIN_IMPL","2015/10/12 21:26:22.315","21EF00F69D70058CE053790B548C8DB4","2024/02/12","FUN_BUSINESS_UNIT","0001/01/01","4712/12/31","FUN_BUSINESS_UNIT","0001/01/01","4712/12/31"
"Healthcare US Business Unit","FF787466C95540D0E0436204548CE063 300000078974743 2014-07-31 12.40.08.585","Healthcare US Business Unit","FF787466C95540D0E0436204548CE063 300000078974743 2014-07-31 12.40.08.585","10","110","N","Y","FIN_IMPL","2015/10/12 21:26:22.223","FIN_IMPL","2015/10/12 21:26:22.315","21EF00F69D70058CE053790B548C8DB4","2024/02/12","FUN_BUSINESS_UNIT","0001/01/01","4712/12/31","FUN_BUSINESS_UNIT","0001/01/01","4712/12/31"
"Canada Business Unit","EDEFEF32F2EF25C1E0436204548CB3B3 300000049671153 2013-12-20 03.32.57.002","Canada Business Unit","EDEFEF32F2EF25C1E0436204548CB3B3 300000049671153 2013-12-20 03.32.57.002","30","40","N","Y","FIN_IMPL","2016/09/14 11:35:01.249","FIN_IMPL","2016/09/14 11:35:06.449","3C75DAFCAEC77CCEE0537AA3FD0AE46C","2024/02/12","FUN_BUSINESS_UNIT","0001/01/01","4712/12/31","FUN_BUSINESS_UNIT","0001/01/01","4712/12/31"
"UK Business Unit","EB163118647D3D4AE0436204548C2AF3 300000047498175 2013-11-13 20.55.56.493","US1 Business Unit","E988DA0F6B302192E0436204548CB702 300000046987012 2013-10-25 13.20.39.492","120","110","N","Y","PRC_IMPL","2014/02/06 21:03:55.0","PRC_IMPL","2014/02/06 21:04:00.742","F1BF8235191C5C51E0436204548C2C4F","2024/02/12","FUN_BUSINESS_UNIT","0001/01/01","4712/12/31","FUN_BUSINESS_UNIT","0001/01/01","4712/12/31"
"UK Business Unit","EB163118647D3D4AE0436204548C2AF3 300000047498175 2013-11-13 20.55.56.493","US1 Business Unit","E988DA0F6B302192E0436204548CB702 300000046987012 2013-10-25 13.20.39.492","10","110","N","Y","PRC_IMPL","2014/02/06 21:04:00.429","PRC_IMPL","2014/02/06 21:04:00.742","F1BF8235191C5C51E0436204548C2C4F","2024/02/12","FUN_BUSINESS_UNIT","0001/01/01","4712/12/31","FUN_BUSINESS_UNIT","0001/01/01","4712/12/31"
"China Business Unit","EBC52ABA15066FBBE0436204548C78E2 300000047826657 2013-11-22 18.58.08.01","China Business Unit","EBC52ABA15066FBBE0436204548C78E2 300000047826657 2013-11-22 18.58.08.01","120","110","N","Y","FIN_IMPL","2014/04/24 12:09:40.007","FIN_IMPL","2014/04/24 12:09:40.495","F7C9A2D34D212AB5E0436204548C64AA","2024/02/12","FUN_BUSINESS_UNIT","0001/01/01","4712/12/31","FUN_BUSINESS_UNIT","0001/01/01","4712/12/31"
"China Business Unit","EBC52ABA15066FBBE0436204548C78E2 300000047826657 2013-11-22 18.58.08.01","China Business Unit","EBC52ABA15066FBBE0436204548C78E2 300000047826657 2013-11-22 18.58.08.01","10","110","N","Y","FIN_IMPL","2014/04/24 12:09:40.15","FIN_IMPL","2014/04/24 12:09:40.495","F7C9A2D34D212AB5E0436204548C64AA","2024/02/12","FUN_BUSINESS_UNIT","0001/01/01","4712/12/31","FUN_BUSINESS_UNIT","0001/01/01","4712/12/31"
"Fin Svcs UK Business Unit","3D6BA6F465A505F8E0537AA3FD0AB34D 300000132179374 2016-09-26 15.20.49.007","Fin Svcs UK Business Unit","3D6BA6F465A505F8E0537AA3FD0AB34D 300000132179374 2016-09-26 15.20.49.007","10","20","N","Y","FIN_IMPL","2016/10/05 14:46:42.044","FIN_IMPL","2016/10/05 14:46:44.601","3E20278F06C0694CE0537AA3FD0A975C","2024/02/12","FUN_BUSINESS_UNIT","0001/01/01","4712/12/31","FUN_BUSINESS_UNIT","0001/01/01","4712/12/31"
"Fin Svcs UK Business Unit","3D6BA6F465A505F8E0537AA3FD0AB34D 300000132179374 2016-09-26 15.20.49.007","Fin Svcs UK Business Unit","3D6BA6F465A505F8E0537AA3FD0AB34D 300000132179374 2016-09-26 15.20.49.007","120","110","N","Y","FIN_IMPL","2016/10/05 14:46:42.058","FIN_IMPL","2016/10/05 14:46:44.601","3E20278F06C0694CE0537AA3FD0A975C","2024/02/12","FUN_BUSINESS_UNIT","0001/01/01","4712/12/31","FUN_BUSINESS_UNIT","0001/01/01","4712/12/31"
"Fin Svcs UK Business Unit","3D6BA6F465A505F8E0537AA3FD0AB34D 300000132179374 2016-09-26 15.20.49.007","Fin Svcs UK Business Unit","3D6BA6F465A505F8E0537AA3FD0AB34D 300000132179374 2016-09-26 15.20.49.007","10","110","N","Y","FIN_IMPL","2016/10/05 14:46:42.068","FIN_IMPL","2016/10/05 14:46:44.601","3E20278F06C0694CE0537AA3FD0A975C","2024/02/12","FUN_BUSINESS_UNIT","0001/01/01","4712/12/31","FUN_BUSINESS_UNIT","0001/01/01","4712/12/31"
"UAE Business Unit","2766234392F564B1E053790B548C4BE4 300000116771605 2015-12-21 09.36.45.003","UAE Business Unit","2766234392F564B1E053790B548C4BE4 300000116771605 2015-12-21 09.36.45.003","30","40","N","Y","FIN_IMPL","2017/08/23 11:40:16.263","FIN_IMPL","2017/08/23 11:40:33.685","576166AF4D72655EE0538DADFD0AAB09","2024/02/12","FUN_BUSINESS_UNIT","0001/01/01","4712/12/31","FUN_BUSINESS_UNIT","0001/01/01","4712/12/31"
"UAE Business Unit","2766234392F564B1E053790B548C4BE4 300000116771605 2015-12-21 09.36.45.003","UAE Business Unit","2766234392F564B1E053790B548C4BE4 300000116771605 2015-12-21 09.36.45.003","10","20","N","Y","FIN_IMPL","2017/08/23 11:40:16.374","FIN_IMPL","2017/08/23 11:40:33.685","576166AF4D72655EE0538DADFD0AAB09","2024/02/12","FUN_BUSINESS_UNIT","0001/01/01","4712/12/31","FUN_BUSINESS_UNIT","0001/01/01","4712/12/31"
"UAE Business Unit","2766234392F564B1E053790B548C4BE4 300000116771605 2015-12-21 09.36.45.003","UAE Business Unit","2766234392F564B1E053790B548C4BE4 300000116771605 2015-12-21 09.36.45.003","120","110","N","Y","FIN_IMPL","2017/08/23 11:40:16.502","FIN_IMPL","2017/08/23 11:40:33.685","576166AF4D72655EE0538DADFD0AAB09","2024/02/12","FUN_BUSINESS_UNIT","0001/01/01","4712/12/31","FUN_BUSINESS_UNIT","0001/01/01","4712/12/31"
"UAE Business Unit","2766234392F564B1E053790B548C4BE4 300000116771605 2015-12-21 09.36.45.003","UAE Business Unit","2766234392F564B1E053790B548C4BE4 300000116771605 2015-12-21 09.36.45.003","10","110","N","Y","FIN_IMPL","2017/08/23 11:40:16.633","FIN_IMPL","2017/08/23 11:40:33.686","576166AF4D72655EE0538DADFD0AAB09","2024/02/12","FUN_BUSINESS_UNIT","0001/01/01","4712/12/31","FUN_BUSINESS_UNIT","0001/01/01","4712/12/31"
"Supremo US Business Unit","80C3759628D8BC53E053C390DF0AC29B 300000180010546 2019-01-31 15.15.19.141","Supremo US Business Unit","80C3759628D8BC53E053C390DF0AC29B 300000180010546 2019-01-31 15.15.19.141","30","40","N","Y","FIN_IMPL","2019/01/31 15:20:41.202","FIN_IMPL","2019/01/31 15:20:49.34","80BFEAC893E957B1E053C390DF0A1224","2024/02/12","FUN_BUSINESS_UNIT","0001/01/01","4712/12/31","FUN_BUSINESS_UNIT","0001/01/01","4712/12/31"
"Supremo US Business Unit","80C3759628D8BC53E053C390DF0AC29B 300000180010546 2019-01-31 15.15.19.141","Supremo US Business Unit","80C3759628D8BC53E053C390DF0AC29B 300000180010546 2019-01-31 15.15.19.141","10","20","N","Y","FIN_IMPL","2019/01/31 15:20:41.283","FIN_IMPL","2019/01/31 15:20:49.34","80BFEAC893E957B1E053C390DF0A1224","2024/02/12","FUN_BUSINESS_UNIT","0001/01/01","4712/12/31","FUN_BUSINESS_UNIT","0001/01/01","4712/12/31"
"Supremo US Business Unit","80C3759628D8BC53E053C390DF0AC29B 300000180010546 2019-01-31 15.15.19.141","Supremo US Business Unit","80C3759628D8BC53E053C390DF0AC29B 300000180010546 2019-01-31 15.15.19.141","120","110","N","Y","FIN_IMPL","2019/01/31 15:20:41.4","FIN_IMPL","2019/01/31 15:20:49.34","80BFEAC893E957B1E053C390DF0A1224","2024/02/12","FUN_BUSINESS_UNIT","0001/01/01","4712/12/31","FUN_BUSINESS_UNIT","0001/01/01","4712/12/31"
"Supremo US Business Unit","80C3759628D8BC53E053C390DF0AC29B 300000180010546 2019-01-31 15.15.19.141","Supremo US Business Unit","80C3759628D8BC53E053C390DF0AC29B 300000180010546 2019-01-31 15.15.19.141","10","110","N","Y","FIN_IMPL","2019/01/31 15:20:41.505","FIN_IMPL","2019/01/31 15:20:49.34","80BFEAC893E957B1E053C390DF0A1224","2024/02/12","FUN_BUSINESS_UNIT","0001/01/01","4712/12/31","FUN_BUSINESS_UNIT","0001/01/01","4712/12/31"
"India Business Unit","EBC5E9B488E66F58E0436204548C199F 300000047826665 2013-11-22 19.03.25.002","India Business Unit","EBC5E9B488E66F58E0436204548C199F 300000047826665 2013-11-22 19.03.25.002","30","40","N","Y","FIN_IMPL","2019/06/12 13:13:25.171","FIN_IMPL","2019/06/12 13:13:30.342","8B1B68715EC37AC3E053C390DF0ACFC4","2024/02/12","FUN_BUSINESS_UNIT","0001/01/01","4712/12/31","FUN_BUSINESS_UNIT","0001/01/01","4712/12/31"
"India Business Unit","EBC5E9B488E66F58E0436204548C199F 300000047826665 2013-11-22 19.03.25.002","India Business Unit","EBC5E9B488E66F58E0436204548C199F 300000047826665 2013-11-22 19.03.25.002","10","20","N","Y","FIN_IMPL","2019/06/12 13:13:25.244","FIN_IMPL","2019/06/12 13:13:30.342","8B1B68715EC37AC3E053C390DF0ACFC4","2024/02/12","FUN_BUSINESS_UNIT","0001/01/01","4712/12/31","FUN_BUSINESS_UNIT","0001/01/01","4712/12/31"
"India Business Unit","EBC5E9B488E66F58E0436204548C199F 300000047826665 2013-11-22 19.03.25.002","India Business Unit","EBC5E9B488E66F58E0436204548C199F 300000047826665 2013-11-22 19.03.25.002","120","110","N","Y","FIN_IMPL","2019/06/12 13:13:25.353","FIN_IMPL","2019/06/12 13:13:30.343","8B1B68715EC37AC3E053C390DF0ACFC4","2024/02/12","FUN_BUSINESS_UNIT","0001/01/01","4712/12/31","FUN_BUSINESS_UNIT","0001/01/01","4712/12/31"
"India Business Unit","EBC5E9B488E66F58E0436204548C199F 300000047826665 2013-11-22 19.03.25.002","India Business Unit","EBC5E9B488E66F58E0436204548C199F 300000047826665 2013-11-22 19.03.25.002","10","110","N","Y","FIN_IMPL","2019/06/12 13:13:25.436","FIN_IMPL","2019/06/12 13:13:30.343","8B1B68715EC37AC3E053C390DF0ACFC4","2024/02/12","FUN_BUSINESS_UNIT","0001/01/01","4712/12/31","FUN_BUSINESS_UNIT","0001/01/01","4712/12/31"
"Supremo CH Business Unit","9114B237241DE10CE053C390DF0A70BB 300000186345961 2019-08-27 08.01.11.632","Supremo US Business Unit","80C3759628D8BC53E053C390DF0AC29B 300000180010546 2019-01-31 15.15.19.141","120","110","N","Y","PRC_IMPL","2019/10/28 21:02:02.0","PRC_IMPL","2019/10/28 21:02:05.07","95FFC62A400E92CAE053C390DF0A47A1","2024/02/12","FUN_BUSINESS_UNIT","0001/01/01","4712/12/31","FUN_BUSINESS_UNIT","0001/01/01","4712/12/31"
"Supremo CH Business Unit","9114B237241DE10CE053C390DF0A70BB 300000186345961 2019-08-27 08.01.11.632","Supremo US Business Unit","80C3759628D8BC53E053C390DF0AC29B 300000180010546 2019-01-31 15.15.19.141","10","110","N","Y","PRC_IMPL","2019/10/28 21:02:04.823","PRC_IMPL","2019/10/28 21:02:05.071","95FFC62A400E92CAE053C390DF0A47A1","2024/02/12","FUN_BUSINESS_UNIT","0001/01/01","4712/12/31","FUN_BUSINESS_UNIT","0001/01/01","4712/12/31"
"Mexico Business Unit","FF93738F082671BCE0436204548C728C 300000079037580 2014-08-01 14.43.26.139","Mexico Business Unit","FF93738F082671BCE0436204548C728C 300000079037580 2014-08-01 14.43.26.139","30","40","N","Y","FIN_IMPL","2020/04/02 12:34:10.262","FIN_IMPL","2020/04/02 12:34:11.395","A23AEAB8C488E5B3E053B090DF0AC76E","2024/02/12","FUN_BUSINESS_UNIT","0001/01/01","4712/12/31","FUN_BUSINESS_UNIT","0001/01/01","4712/12/31"
"Mexico Business Unit","FF93738F082671BCE0436204548C728C 300000079037580 2014-08-01 14.43.26.139","Mexico Business Unit","FF93738F082671BCE0436204548C728C 300000079037580 2014-08-01 14.43.26.139","10","20","N","Y","FIN_IMPL","2020/04/02 12:34:10.295","FIN_IMPL","2020/04/02 12:34:11.395","A23AEAB8C488E5B3E053B090DF0AC76E","2024/02/12","FUN_BUSINESS_UNIT","0001/01/01","4712/12/31","FUN_BUSINESS_UNIT","0001/01/01","4712/12/31"
"Mexico Business Unit","FF93738F082671BCE0436204548C728C 300000079037580 2014-08-01 14.43.26.139","Mexico Business Unit","FF93738F082671BCE0436204548C728C 300000079037580 2014-08-01 14.43.26.139","120","110","N","Y","FIN_IMPL","2020/04/02 12:34:10.429","FIN_IMPL","2020/04/02 12:34:11.395","A23AEAB8C488E5B3E053B090DF0AC76E","2024/02/12","FUN_BUSINESS_UNIT","0001/01/01","4712/12/31","FUN_BUSINESS_UNIT","0001/01/01","4712/12/31"
"Mexico Business Unit","FF93738F082671BCE0436204548C728C 300000079037580 2014-08-01 14.43.26.139","Mexico Business Unit","FF93738F082671BCE0436204548C728C 300000079037580 2014-08-01 14.43.26.139","10","110","N","Y","FIN_IMPL","2020/04/02 12:34:10.581","FIN_IMPL","2020/04/02 12:34:11.395","A23AEAB8C488E5B3E053B090DF0AC76E","2024/02/12","FUN_BUSINESS_UNIT","0001/01/01","4712/12/31","FUN_BUSINESS_UNIT","0001/01/01","4712/12/31"
"Supremo CH Business Unit","9114B237241DE10CE053C390DF0A70BB 300000186345961 2019-08-27 08.01.11.632","Supremo CH Business Unit","9114B237241DE10CE053C390DF0A70BB 300000186345961 2019-08-27 08.01.11.632","30","40","N","Y","FIN_IMPL","2019/08/27 08:17:40.31","FIN_IMPL","2019/08/27 08:18:10.82","91150BA833E03B3BE053C390DF0A0265","2024/02/12","FUN_BUSINESS_UNIT","0001/01/01","4712/12/31","FUN_BUSINESS_UNIT","0001/01/01","4712/12/31"
"Supremo CH Business Unit","9114B237241DE10CE053C390DF0A70BB 300000186345961 2019-08-27 08.01.11.632","Supremo CH Business Unit","9114B237241DE10CE053C390DF0A70BB 300000186345961 2019-08-27 08.01.11.632","10","20","N","Y","FIN_IMPL","2019/08/27 08:17:40.405","FIN_IMPL","2019/08/27 08:18:10.82","91150BA833E03B3BE053C390DF0A0265","2024/02/12","FUN_BUSINESS_UNIT","0001/01/01","4712/12/31","FUN_BUSINESS_UNIT","0001/01/01","4712/12/31"
"Supremo CH Business Unit","9114B237241DE10CE053C390DF0A70BB 300000186345961 2019-08-27 08.01.11.632","Supremo CH Business Unit","9114B237241DE10CE053C390DF0A70BB 300000186345961 2019-08-27 08.01.11.632","120","110","N","Y","FIN_IMPL","2019/08/27 08:17:40.529","FIN_IMPL","2019/08/27 08:18:10.82","91150BA833E03B3BE053C390DF0A0265","2024/02/12","FUN_BUSINESS_UNIT","0001/01/01","4712/12/31","FUN_BUSINESS_UNIT","0001/01/01","4712/12/31"
"Supremo CH Business Unit","9114B237241DE10CE053C390DF0A70BB 300000186345961 2019-08-27 08.01.11.632","Supremo CH Business Unit","9114B237241DE10CE053C390DF0A70BB 300000186345961 2019-08-27 08.01.11.632","10","110","N","Y","FIN_IMPL","2019/08/27 08:17:40.647","FIN_IMPL","2019/08/27 08:18:10.82","91150BA833E03B3BE053C390DF0A0265","2024/02/12","FUN_BUSINESS_UNIT","0001/01/01","4712/12/31","FUN_BUSINESS_UNIT","0001/01/01","4712/12/31"
"Federal US Business Unit","B860F18DEA37A9A2E0539E90DF0A31D1 300000217229393 2021-01-08 09.30.50.67","Federal US Business Unit","B860F18DEA37A9A2E0539E90DF0A31D1 300000217229393 2021-01-08 09.30.50.67","30","40","N","Y","FIN_IMPL","2021/01/08 09:34:31.319","FIN_IMPL","2021/01/08 09:34:34.866","B85FF6D50D7E2616E0539E90DF0A6B8D","2024/02/12","FUN_BUSINESS_UNIT","0001/01/01","4712/12/31","FUN_BUSINESS_UNIT","0001/01/01","4712/12/31"
"Federal US Business Unit","B860F18DEA37A9A2E0539E90DF0A31D1 300000217229393 2021-01-08 09.30.50.67","Federal US Business Unit","B860F18DEA37A9A2E0539E90DF0A31D1 300000217229393 2021-01-08 09.30.50.67","10","20","N","Y","FIN_IMPL","2021/01/08 09:34:31.409","FIN_IMPL","2021/01/08 09:34:34.866","B85FF6D50D7E2616E0539E90DF0A6B8D","2024/02/12","FUN_BUSINESS_UNIT","0001/01/01","4712/12/31","FUN_BUSINESS_UNIT","0001/01/01","4712/12/31"
"Federal US Business Unit","B860F18DEA37A9A2E0539E90DF0A31D1 300000217229393 2021-01-08 09.30.50.67","Federal US Business Unit","B860F18DEA37A9A2E0539E90DF0A31D1 300000217229393 2021-01-08 09.30.50.67","120","110","N","Y","FIN_IMPL","2021/01/08 09:34:31.534","FIN_IMPL","2021/01/08 09:34:34.866","B85FF6D50D7E2616E0539E90DF0A6B8D","2024/02/12","FUN_BUSINESS_UNIT","0001/01/01","4712/12/31","FUN_BUSINESS_UNIT","0001/01/01","4712/12/31"
"Federal US Business Unit","B860F18DEA37A9A2E0539E90DF0A31D1 300000217229393 2021-01-08 09.30.50.67","Federal US Business Unit","B860F18DEA37A9A2E0539E90DF0A31D1 300000217229393 2021-01-08 09.30.50.67","10","110","N","Y","FIN_IMPL","2021/01/08 09:34:31.67","FIN_IMPL","2021/01/08 09:34:34.867","B85FF6D50D7E2616E0539E90DF0A6B8D","2024/02/12","FUN_BUSINESS_UNIT","0001/01/01","4712/12/31","FUN_BUSINESS_UNIT","0001/01/01","4712/12/31"
"AU Council Business Unit","AU Council Business Unit$$?$$FUN_BUSINESS_UNIT","AU Council Business Unit","AU Council Business Unit$$?$$FUN_BUSINESS_UNIT","30","40","N","Y","FIN_IMPL","2021/02/02 16:50:41.538","FIN_IMPL","2021/02/02 16:50:42.087","BA5CCB5A83A437C4E0539E90DF0AD83E","2024/02/12","FUN_BUSINESS_UNIT","0001/01/01","4712/12/31","FUN_BUSINESS_UNIT","0001/01/01","4712/12/31"
"AU Council Business Unit","AU Council Business Unit$$?$$FUN_BUSINESS_UNIT","AU Council Business Unit","AU Council Business Unit$$?$$FUN_BUSINESS_UNIT","10","110","N","Y","FIN_IMPL","2021/02/02 16:50:41.953","FIN_IMPL","2021/02/02 16:50:42.088","BA5CCB5A83A437C4E0539E90DF0AD83E","2024/02/12","FUN_BUSINESS_UNIT","0001/01/01","4712/12/31","FUN_BUSINESS_UNIT","0001/01/01","4712/12/31"
"AU Council Business Unit","AU Council Business Unit$$?$$FUN_BUSINESS_UNIT","AU Council Business Unit","AU Council Business Unit$$?$$FUN_BUSINESS_UNIT","10","20","N","Y","FIN_IMPL","2021/02/02 16:50:41.959","FIN_IMPL","2021/02/02 16:50:42.088","BA5CCB5A83A437C4E0539E90DF0AD83E","2024/02/12","FUN_BUSINESS_UNIT","0001/01/01","4712/12/31","FUN_BUSINESS_UNIT","0001/01/01","4712/12/31"
"AU Council Business Unit","AU Council Business Unit$$?$$FUN_BUSINESS_UNIT","AU Council Business Unit","AU Council Business Unit$$?$$FUN_BUSINESS_UNIT","120","110","N","Y","FIN_IMPL","2021/02/02 16:50:41.966","FIN_IMPL","2021/02/02 16:50:42.088","BA5CCB5A83A437C4E0539E90DF0AD83E","2024/02/12","FUN_BUSINESS_UNIT","0001/01/01","4712/12/31","FUN_BUSINESS_UNIT","0001/01/01","4712/12/31"
"Sweden Business Unit","ED585BE2B0582A62E0436204548C0EB0 300000048716584 2013-12-12 19.08.00.002","US1 Business Unit","E988DA0F6B302192E0436204548CB702 300000046987012 2013-10-25 13.20.39.492","120","110","N","Y","CURTIS.FEITTY","2024/01/29 17:08:37.308","CURTIS.FEITTY","2024/01/29 17:08:37.803","0FEF15F216B61447E063CE65F00A8F5A","2024/02/12","FUN_BUSINESS_UNIT","0001/01/01","4712/12/31","FUN_BUSINESS_UNIT","0001/01/01","4712/12/31"
"Sweden Business Unit","ED585BE2B0582A62E0436204548C0EB0 300000048716584 2013-12-12 19.08.00.002","US1 Business Unit","E988DA0F6B302192E0436204548CB702 300000046987012 2013-10-25 13.20.39.492","10","110","N","Y","CURTIS.FEITTY","2024/01/29 17:08:37.589","CURTIS.FEITTY","2024/01/29 17:08:37.804","0FEF15F216B61447E063CE65F00A8F5A","2024/02/12","FUN_BUSINESS_UNIT","0001/01/01","4712/12/31","FUN_BUSINESS_UNIT","0001/01/01","4712/12/31"
"zzzzProgress UK BU","Progress UK BU$$?$$FUN_BUSINESS_UNIT","zzzzProgress UK BU","Progress UK BU$$?$$FUN_BUSINESS_UNIT","30","40","N","Y","FIN_IMPL","2021/01/11 12:11:33.596","FIN_IMPL","2021/01/11 12:11:34.175","B89A195782F6F944E0539E90DF0A5AEE","2024/02/12","FUN_BUSINESS_UNIT","0001/01/01","4712/12/31","FUN_BUSINESS_UNIT","0001/01/01","4712/12/31"
"zzzzProgress UK BU","Progress UK BU$$?$$FUN_BUSINESS_UNIT","zzzzProgress UK BU","Progress UK BU$$?$$FUN_BUSINESS_UNIT","10","110","N","Y","FIN_IMPL","2021/01/11 12:11:34.055","FIN_IMPL","2021/01/11 12:11:34.176","B89A195782F6F944E0539E90DF0A5AEE","2024/02/12","FUN_BUSINESS_UNIT","0001/01/01","4712/12/31","FUN_BUSINESS_UNIT","0001/01/01","4712/12/31"
"zzzzProgress UK BU","Progress UK BU$$?$$FUN_BUSINESS_UNIT","zzzzProgress UK BU","Progress UK BU$$?$$FUN_BUSINESS_UNIT","10","20","N","Y","FIN_IMPL","2021/01/11 12:11:34.063","FIN_IMPL","2021/01/11 12:11:34.176","B89A195782F6F944E0539E90DF0A5AEE","2024/02/12","FUN_BUSINESS_UNIT","0001/01/01","4712/12/31","FUN_BUSINESS_UNIT","0001/01/01","4712/12/31"
"zzzzProgress UK BU","Progress UK BU$$?$$FUN_BUSINESS_UNIT","zzzzProgress UK BU","Progress UK BU$$?$$FUN_BUSINESS_UNIT","120","110","N","Y","FIN_IMPL","2021/01/11 12:11:34.069","FIN_IMPL","2021/01/11 12:11:34.177","B89A195782F6F944E0539E90DF0A5AEE","2024/02/12","FUN_BUSINESS_UNIT","0001/01/01","4712/12/31","FUN_BUSINESS_UNIT","0001/01/01","4712/12/31"
"Progress UK Business Unit","FF837818B21E4091E0436204548C3E04 300000078974768 2014-07-31 19.41.08.02","Progress UK Business Unit","FF837818B21E4091E0436204548C3E04 300000078974768 2014-07-31 19.41.08.02","30","40","N","Y","FIN_IMPL","2021/04/26 15:06:39.407","FIN_IMPL","2021/04/26 15:06:44.178","BF98F03D0569F628E0532C60FD0A2059","2024/02/12","FUN_BUSINESS_UNIT","0001/01/01","4712/12/31","FUN_BUSINESS_UNIT","0001/01/01","4712/12/31"
"Progress UK Business Unit","FF837818B21E4091E0436204548C3E04 300000078974768 2014-07-31 19.41.08.02","Progress UK Business Unit","FF837818B21E4091E0436204548C3E04 300000078974768 2014-07-31 19.41.08.02","10","20","N","Y","FIN_IMPL","2021/04/26 15:06:39.515","FIN_IMPL","2021/04/26 15:06:44.178","BF98F03D0569F628E0532C60FD0A2059","2024/02/12","FUN_BUSINESS_UNIT","0001/01/01","4712/12/31","FUN_BUSINESS_UNIT","0001/01/01","4712/12/31"
"Progress UK Business Unit","FF837818B21E4091E0436204548C3E04 300000078974768 2014-07-31 19.41.08.02","Progress UK Business Unit","FF837818B21E4091E0436204548C3E04 300000078974768 2014-07-31 19.41.08.02","120","110","N","Y","FIN_IMPL","2021/04/26 15:06:39.595","FIN_IMPL","2021/04/26 15:06:44.178","BF98F03D0569F628E0532C60FD0A2059","2024/02/12","FUN_BUSINESS_UNIT","0001/01/01","4712/12/31","FUN_BUSINESS_UNIT","0001/01/01","4712/12/31"
"Progress UK Business Unit","FF837818B21E4091E0436204548C3E04 300000078974768 2014-07-31 19.41.08.02","Progress UK Business Unit","FF837818B21E4091E0436204548C3E04 300000078974768 2014-07-31 19.41.08.02","10","110","N","Y","FIN_IMPL","2021/04/26 15:06:39.673","FIN_IMPL","2021/04/26 15:06:44.178","BF98F03D0569F628E0532C60FD0A2059","2024/02/12","FUN_BUSINESS_UNIT","0001/01/01","4712/12/31","FUN_BUSINESS_UNIT","0001/01/01","4712/12/31"
