<MigrationProcessCSVMetadataVO>
   <MigrationProcessCSVMetadataVORow>
      <ProcessId>-999</ProcessId>
      <ProcessName>Manage Lifecycle Phases_20211201_015543_153</ProcessName>
      <ProcessDescription>Manage Lifecycle Phases_20211201_015543_153</ProcessDescription>
      <ProcessDate>2021-12-01 13:56:21.318</ProcessDate>
      <ObjectShortName>EGP_MANAGE_LIFECYCLE_PHASES</ObjectShortName>
      <ObjectType>TASK</ObjectType>
      <CreatedByFlow>TASK_CSV_SERVICE</CreatedByFlow>
      <MigrationProcessBusinessObjectCSVMetadata1>
         <MigrationProcessBusinessObjectCSVMetadataVORow>
            <ProcessId>-999</ProcessId>
            <BusinessObjectShortName>EGO_ITEM_LIFECYCLE_PHASE</BusinessObjectShortName>
            <BatchName null="true"/>
            <XmlAttributeList>PhaseSeq,PhaseCode,PhaseName,PhaseType</XmlAttributeList>
            <XmlAttributeTypeList>int,string,string,string</XmlAttributeTypeList>
            <XmlNodePath>/PhasesVO/PhasesVORow</XmlNodePath>
            <NodeSequence>1</NodeSequence>
         </MigrationProcessBusinessObjectCSVMetadataVORow>
      </MigrationProcessBusinessObjectCSVMetadata1>
      <MigrationProcessBatchCSVMetadata null="true"/>
      <MigrationProcessScopeValueCSVMetadata null="true"/>
      <MigrationProcessMigrationObjectCSVMetadata>
         <MigrationProcessMigrationObjectCSVMetadataVORow>
            <ProcessId>-999</ProcessId>
            <BusinessObjectShortName>EGO_ITEM_LIFECYCLE_PHASE</BusinessObjectShortName>
            <MigrateFlag>Y</MigrateFlag>
            <IncludeExternalDataFlag>Y</IncludeExternalDataFlag>
         </MigrationProcessMigrationObjectCSVMetadataVORow>
      </MigrationProcessMigrationObjectCSVMetadata>
      <MigrationProcessTaskCSVMetadata null="true"/>
      <MigrationProcessServiceVersionCSVMetadata null="true"/>
   </MigrationProcessCSVMetadataVORow>
</MigrationProcessCSVMetadataVO>