"PhaseCode","PhaseSeq","PhaseName","PhaseType"
"Decline","36","Decline","300"
"Preliminary","22","Preliminary","200"
"Pending","100","Pending","200"
"Active","110","Active","300"
"Inactive","120","Inactive","400"
"Production","34","Production","300"
"Approved_For_Sale","210","Approved For Sale","200"
"Active_Sale","220","Active Sale","300"
"Existing_Customers_Only","230","Existing Customers Only","300"
"Retired","240","Retired","400"
"Design","10","Design","100"
"Prototype","20","Prototype","200"
"Obsolete","40","Obsolete","400"
"Draft","200","Draft","100"
"Prelaunch","30","Prelaunch","300"
"Development","24","Development","200"
"Postlaunch","32","Postlaunch","300"
"Experimental","205","Experimental","100"
"QualityTest","215","Quality","200"
