<?xml version="1.0" encoding="UTF-8"?>
<SunopsisExport>
<Admin RepositoryVersion="05.02.02.04" IsLegacyIdCompatible="false" />
<Encryption algorithm="AES" keyLength="128" exportKeyHash="F8INwT56XpoJ29ZDBAzxlXU1GBtnojAn/lwjQwUXgSY=" keyVect="Y/cfcWg4DVTsyZCoHZSjuA==" exportKeySalt="259c13c6-7188-4455-ba69-4e8ccac507e2" containsCipherText="false"/>
<Object class="com.sunopsis.dwg.dbobj.SnpUfunc">
		<Field name="ExtVersion" type="java.lang.String">null</Field>
	<Field name="FirstDate" type="java.sql.Timestamp"><![CDATA[2016-10-28 13:51:50.0]]></Field>
	<Field name="FirstUser" type="java.lang.String"><![CDATA[SUNOPSIS_INSTALL]]></Field>
	<Field name="GlobalId" type="java.lang.String"><![CDATA[e48f03ba-b21c-46f7-ae49-ddf2c0af4fe9]]></Field>
	<Field name="GroupName" type="java.lang.String"><![CDATA[Dimension]]></Field>
	<Field name="IndChange" type="java.lang.String"><![CDATA[I]]></Field>
	<Field name="IntVersion" type="com.sunopsis.sql.DbInt"><![CDATA[1]]></Field>
	<Field name="IProject" type="com.sunopsis.sql.DbInt"><![CDATA[null]]></Field>
	<Field name="ITxtDef" type="com.sunopsis.sql.DbInt"><![CDATA[598]]></Field>
	<Field name="ITxtDesc" type="com.sunopsis.sql.DbInt"><![CDATA[null]]></Field>
	<Field name="IUfunc" type="com.sunopsis.sql.DbInt"><![CDATA[7]]></Field>
	<Field name="LastDate" type="java.sql.Timestamp"><![CDATA[2016-10-28 13:51:50.0]]></Field>
	<Field name="LastUser" type="java.lang.String"><![CDATA[SUNOPSIS_INSTALL]]></Field>
	<Field name="SyntaxHash" type="java.lang.String"><![CDATA[1893ecef1665c46fa92b4feb32aed24f898d2eb6]]></Field>
	<Field name="UfuncName" type="java.lang.String"><![CDATA[FUNC_SYSDATE]]></Field>
	<Field name="UfuncVersion" type="java.lang.String">null</Field>
	<Field name="VLastDate" type="java.sql.Timestamp">null</Field>
</Object>
<Object class="com.sunopsis.dwg.dbobj.SnpUfuncImpl">
		<Field name="GlobalId" type="java.lang.String"><![CDATA[d7c0b2d7-2961-4fd5-ab46-8ffce8f28b7d]]></Field>
	<Field name="ITxtImpl" type="com.sunopsis.sql.DbInt"><![CDATA[608]]></Field>
	<Field name="IUfunc" type="com.sunopsis.sql.DbInt"><![CDATA[7]]></Field>
	<Field name="IUfuncImpl" type="com.sunopsis.sql.DbInt"><![CDATA[8]]></Field>
</Object>
<Object class="com.sunopsis.dwg.dbobj.SnpUfuncTechno">
		<Field name="GlobalId" type="java.lang.String"><![CDATA[1a97e9a1-bc7e-4297-aba8-94a1132a1745]]></Field>
	<Field name="IUfuncImpl" type="com.sunopsis.sql.DbInt"><![CDATA[8]]></Field>
	<Field name="TechIntName" type="java.lang.String"><![CDATA[ORACLE]]></Field>
</Object>
<Object class="com.sunopsis.dwg.dbobj.SnpReferencedObject">
		<Field name="IObject" type="com.sunopsis.sql.DbInt"><![CDATA[1200]]></Field>
	<Field name="ObjectPKasString" type="java.lang.String"><![CDATA[2]]></Field>
	<Field name="ObjectAKasString" type="java.lang.String"><![CDATA[ORACLE]]></Field>
	<Field name="Description" type="java.lang.String"><![CDATA[SNP_TECHNO : Oracle]]></Field>
 <Field name="GlobalId" type="java.lang.String"><![CDATA[e9120718-5b1e-3e9c-b3b9-28317b288494]]></Field>
</Object>
<Object class="com.sunopsis.dwg.dbobj.SnpTxtHeader">
		<Field name="Enc" type="java.lang.String"><![CDATA[0]]></Field>
	<Field name="EncKey" type="java.lang.String">null</Field>
 <Field name="EncKeyVect" type="java.lang.String">null</Field>
	<Field name="GlobalId" type="java.lang.String"><![CDATA[9fd092e9-2a25-43ba-98fb-42ef00cb6d6b]]></Field>
	<Field name="ITxt" type="com.sunopsis.sql.DbInt"><![CDATA[608]]></Field>
	<Field name="ITxtOrig" type="com.sunopsis.sql.DbInt"><![CDATA[125]]></Field>
	<Field name="SqlIndGrp" type="java.lang.String"><![CDATA[2]]></Field>
 <Field name="Txt" type="java.lang.String"><![CDATA[SYSDATE]]></Field>
</Object>
<Object class="com.sunopsis.dwg.dbobj.SnpOrigTxt">
		<Field name="GlobalId" type="java.lang.String">null</Field>
	<Field name="ITxtOrig" type="com.sunopsis.sql.DbInt"><![CDATA[125]]></Field>
	<Field name="OrigineName" type="java.lang.String"><![CDATA[Function impl.]]></Field>
	<Field name="SnpsCol" type="java.lang.String"><![CDATA[I_TXT_IMPL]]></Field>
	<Field name="SnpsTable" type="java.lang.String"><![CDATA[SNP_UFUNC_IMPL]]></Field>
</Object>
<Object class="com.sunopsis.dwg.dbobj.SnpTxtHeader">
		<Field name="Enc" type="java.lang.String"><![CDATA[0]]></Field>
	<Field name="EncKey" type="java.lang.String">null</Field>
 <Field name="EncKeyVect" type="java.lang.String">null</Field>
	<Field name="GlobalId" type="java.lang.String"><![CDATA[cb664ddc-4b3d-48fe-a499-1351705602b8]]></Field>
	<Field name="ITxt" type="com.sunopsis.sql.DbInt"><![CDATA[598]]></Field>
	<Field name="ITxtOrig" type="com.sunopsis.sql.DbInt"><![CDATA[126]]></Field>
	<Field name="SqlIndGrp" type="java.lang.String"><![CDATA[0]]></Field>
 <Field name="Txt" type="java.lang.String"><![CDATA[FUNC_SYSDATE()]]></Field>
</Object>
<Object class="com.sunopsis.dwg.dbobj.SnpOrigTxt">
		<Field name="GlobalId" type="java.lang.String">null</Field>
	<Field name="ITxtOrig" type="com.sunopsis.sql.DbInt"><![CDATA[126]]></Field>
	<Field name="OrigineName" type="java.lang.String"><![CDATA[UFUNC_TXT_DEF]]></Field>
	<Field name="SnpsCol" type="java.lang.String"><![CDATA[I_TXT_DEF]]></Field>
	<Field name="SnpsTable" type="java.lang.String"><![CDATA[SNP_UFUNC]]></Field>
</Object>
<Object class="com.sunopsis.dwg.dbobj.SnpFKXRef">
		<Field name="RefKey" type="java.lang.String"><![CDATA[SNP_TXTHEADER.598]]></Field>
	<Field name="RefObjGlobalId" type="java.lang.String"><![CDATA[cb664ddc-4b3d-48fe-a499-1351705602b8]]></Field>
 <Field name="RefObjFQName" type="java.lang.String">null</Field>
 <Field name="RefObjFQType" type="java.lang.String">null</Field>
 <Field name="RefObjFQNameLengths" type="java.lang.String">null</Field>
</Object>
<Object class="com.sunopsis.dwg.dbobj.SnpFKXRef">
		<Field name="RefKey" type="java.lang.String"><![CDATA[SNP_UFUNC.7]]></Field>
	<Field name="RefObjGlobalId" type="java.lang.String"><![CDATA[e48f03ba-b21c-46f7-ae49-ddf2c0af4fe9]]></Field>
 <Field name="RefObjFQName" type="java.lang.String"><![CDATA[FUNC_SYSDATE]]></Field>
 <Field name="RefObjFQType" type="java.lang.String"><![CDATA[SNP_UFUNC]]></Field>
 <Field name="RefObjFQNameLengths" type="java.lang.String"><![CDATA[12]]></Field>
</Object>
<Object class="com.sunopsis.dwg.dbobj.SnpFKXRef">
		<Field name="RefKey" type="java.lang.String"><![CDATA[SNP_TXTHEADER.608]]></Field>
	<Field name="RefObjGlobalId" type="java.lang.String"><![CDATA[9fd092e9-2a25-43ba-98fb-42ef00cb6d6b]]></Field>
 <Field name="RefObjFQName" type="java.lang.String">null</Field>
 <Field name="RefObjFQType" type="java.lang.String">null</Field>
 <Field name="RefObjFQNameLengths" type="java.lang.String">null</Field>
</Object>
<Object class="com.sunopsis.dwg.dbobj.SnpFKXRef">
		<Field name="RefKey" type="java.lang.String"><![CDATA[SNP_UFUNCIMPL.8]]></Field>
	<Field name="RefObjGlobalId" type="java.lang.String"><![CDATA[d7c0b2d7-2961-4fd5-ab46-8ffce8f28b7d]]></Field>
 <Field name="RefObjFQName" type="java.lang.String">null</Field>
 <Field name="RefObjFQType" type="java.lang.String">null</Field>
 <Field name="RefObjFQNameLengths" type="java.lang.String">null</Field>
</Object>
<Object class="com.sunopsis.dwg.DwgExportSummary">
		<Field name="ExpTxtNb" type="com.sunopsis.sql.DbInt"><![CDATA[0]]></Field>
	<Field name="InstObjNb" type="com.sunopsis.sql.DbInt"><![CDATA[0]]></Field>
	<Field name="JoinColNb" type="com.sunopsis.sql.DbInt"><![CDATA[0]]></Field>
	<Field name="JoinNb" type="com.sunopsis.sql.DbInt"><![CDATA[0]]></Field>
	<Field name="KeyColNb" type="com.sunopsis.sql.DbInt"><![CDATA[0]]></Field>
	<Field name="KeyNb" type="com.sunopsis.sql.DbInt"><![CDATA[0]]></Field>
	<Field name="LinkDiagNb" type="com.sunopsis.sql.DbInt"><![CDATA[0]]></Field>
	<Field name="MorigTxtNb" type="com.sunopsis.sql.DbInt"><![CDATA[0]]></Field>
	<Field name="MtxtNb" type="com.sunopsis.sql.DbInt"><![CDATA[0]]></Field>
	<Field name="OrigTxtNb" type="com.sunopsis.sql.DbInt"><![CDATA[2]]></Field>
	<Field name="OtherObjectsNb" type="com.sunopsis.sql.DbInt"><![CDATA[3]]></Field>
	<Field name="PlanAgentNb" type="com.sunopsis.sql.DbInt"><![CDATA[0]]></Field>
	<Field name="StepNb" type="com.sunopsis.sql.DbInt"><![CDATA[0]]></Field>
	<Field name="TxtNb" type="com.sunopsis.sql.DbInt"><![CDATA[2]]></Field>
	<Field name="UeOrigNb" type="com.sunopsis.sql.DbInt"><![CDATA[0]]></Field>
	<Field name="UeUsedNb" type="com.sunopsis.sql.DbInt"><![CDATA[0]]></Field>
	<Field name="VarPlanAgentNb" type="com.sunopsis.sql.DbInt"><![CDATA[0]]></Field>
	<Field name="ScenTxtNb" type="com.sunopsis.sql.DbInt"><![CDATA[0]]></Field>
	<Field name="OdiVersion" type="java.lang.String"><![CDATA[12.2.1]]></Field>
	<Field name="OriginRepositoryID" type="com.sunopsis.sql.DbInt"><![CDATA[1]]></Field>
	<Field name="RepositoryVersion" type="java.lang.String"><![CDATA[05.02.02.04]]></Field>
</Object>
</SunopsisExport>
