<?xml version="1.0" encoding="UTF-8"?>
<SunopsisExport>
<Admin RepositoryVersion="05.02.02.04" IsLegacyIdCompatible="false" />
<Encryption algorithm="AES" keyLength="128" exportKeyHash="sy9McA8ENeU43coqX35oQpTzMNMBwdOEzn8ZiFpWzus=" keyVect="YvOgqREeEXFLC4QeuxA0fw==" exportKeySalt="4708d925-8e4a-4eec-935e-4e99748b508a" containsCipherText="false"/>
<Object class="com.sunopsis.dwg.dbobj.SnpUser">
		<Field name="AutSupervisor" type="java.lang.String"><![CDATA[1]]></Field>
	<Field name="ExpiracyDate" type="java.sql.Timestamp">null</Field>
	<Field name="ExtVersion" type="java.lang.String">null</Field>
	<Field name="FirstDate" type="java.sql.Timestamp"><![CDATA[2016-10-28 12:43:16.0]]></Field>
	<Field name="FirstUser" type="java.lang.String"><![CDATA[SUNOPSIS_INSTALL]]></Field>
	<Field name="GlobalId" type="java.lang.String"><![CDATA[c34e89cf-9195-3bf5-b0c9-e744c3cf4fa5]]></Field>
	<Field name="GuidExternal" type="java.lang.String">null</Field>
	<Field name="IndChange" type="java.lang.String"><![CDATA[I]]></Field>
	<Field name="IndRole" type="java.lang.String"><![CDATA[0]]></Field>
	<Field name="ITxtDetail" type="com.sunopsis.sql.DbInt"><![CDATA[null]]></Field>
	<Field name="IWuser" type="com.sunopsis.sql.DbInt"><![CDATA[2]]></Field>
	<Field name="LastDate" type="java.sql.Timestamp"><![CDATA[2016-10-28 12:45:48.0]]></Field>
	<Field name="LastUser" type="java.lang.String"><![CDATA[SUNOPSIS_INSTALL]]></Field>
	<Field name="Pass" type="java.lang.String">null</Field>
	<Field name="UserCommunity" type="java.lang.String"><![CDATA[ODI]]></Field>
	<Field name="UserExpiracyDate" type="java.sql.Timestamp">null</Field>
	<Field name="WuserInit" type="java.lang.String"><![CDATA[SU]]></Field>
	<Field name="WuserName" type="java.lang.String"><![CDATA[SUPERVISOR]]></Field>
</Object>
<Object class="com.sunopsis.dwg.dbobj.SnpUsrPreference">
		<Field name="GlobalId" type="java.lang.String"><![CDATA[a995e431-f5fe-4c95-a69a-9d67d424e773]]></Field>
	<Field name="IWuser" type="com.sunopsis.sql.DbInt"><![CDATA[2]]></Field>
	<Field name="PrefKey" type="java.lang.String"><![CDATA[EXPORT_KEY]]></Field>
	<Field name="PrefValue" type="java.lang.String">null</Field>
</Object>
<Object class="com.sunopsis.dwg.dbobj.SnpFKXRef">
		<Field name="RefKey" type="java.lang.String"><![CDATA[SNP_USER.2]]></Field>
	<Field name="RefObjGlobalId" type="java.lang.String"><![CDATA[c34e89cf-9195-3bf5-b0c9-e744c3cf4fa5]]></Field>
 <Field name="RefObjFQName" type="java.lang.String"><![CDATA[SUPERVISOR]]></Field>
 <Field name="RefObjFQType" type="java.lang.String"><![CDATA[SNP_USER]]></Field>
 <Field name="RefObjFQNameLengths" type="java.lang.String"><![CDATA[10]]></Field>
</Object>
<Object class="com.sunopsis.dwg.DwgExportSummary">
		<Field name="ExpTxtNb" type="com.sunopsis.sql.DbInt"><![CDATA[0]]></Field>
	<Field name="InstObjNb" type="com.sunopsis.sql.DbInt"><![CDATA[0]]></Field>
	<Field name="JoinColNb" type="com.sunopsis.sql.DbInt"><![CDATA[0]]></Field>
	<Field name="JoinNb" type="com.sunopsis.sql.DbInt"><![CDATA[0]]></Field>
	<Field name="KeyColNb" type="com.sunopsis.sql.DbInt"><![CDATA[0]]></Field>
	<Field name="KeyNb" type="com.sunopsis.sql.DbInt"><![CDATA[0]]></Field>
	<Field name="LinkDiagNb" type="com.sunopsis.sql.DbInt"><![CDATA[0]]></Field>
	<Field name="MorigTxtNb" type="com.sunopsis.sql.DbInt"><![CDATA[0]]></Field>
	<Field name="MtxtNb" type="com.sunopsis.sql.DbInt"><![CDATA[0]]></Field>
	<Field name="OrigTxtNb" type="com.sunopsis.sql.DbInt"><![CDATA[0]]></Field>
	<Field name="OtherObjectsNb" type="com.sunopsis.sql.DbInt"><![CDATA[2]]></Field>
	<Field name="PlanAgentNb" type="com.sunopsis.sql.DbInt"><![CDATA[0]]></Field>
	<Field name="StepNb" type="com.sunopsis.sql.DbInt"><![CDATA[0]]></Field>
	<Field name="TxtNb" type="com.sunopsis.sql.DbInt"><![CDATA[0]]></Field>
	<Field name="UeOrigNb" type="com.sunopsis.sql.DbInt"><![CDATA[0]]></Field>
	<Field name="UeUsedNb" type="com.sunopsis.sql.DbInt"><![CDATA[0]]></Field>
	<Field name="VarPlanAgentNb" type="com.sunopsis.sql.DbInt"><![CDATA[0]]></Field>
	<Field name="ScenTxtNb" type="com.sunopsis.sql.DbInt"><![CDATA[0]]></Field>
	<Field name="OdiVersion" type="java.lang.String"><![CDATA[12.2.1]]></Field>
	<Field name="OriginRepositoryID" type="com.sunopsis.sql.DbInt"><![CDATA[0]]></Field>
	<Field name="RepositoryVersion" type="java.lang.String"><![CDATA[05.02.02.04]]></Field>
</Object>
</SunopsisExport>
