<?xml version="1.0" encoding="UTF-8"?>
<OdiDeploymentArchive>
   <Name>InitialDeploymentArchive1</Name>
   <DeploymentArchiveType>INITIAL</DeploymentArchiveType>
   <SourceType>ODI</SourceType>
   <SourceInfo>Master:{dburl=jdbc:oracle:thin:@odblt08:1521/odilt01; dbuser=DEV_ODI_REPO}; Work:{name=WORKREP}</SourceInfo>
   <GlobalId>b4225999-02cb-4dd6-b21d-da13d1af346c</GlobalId>
   <CreatedDate>2020-11-20T02:11:35.611-06:00</CreatedDate>
   <CreatedBy>SUPERVISOR</CreatedBy>
   <ObjectsToUpdate>
      <Object class="oracle.odi.domain.security.OdiProfile" globalId="9d6eb15e-61d7-48fe-8aa9-e37a209ddba3" name="VCS VERSION ADMIN" path="/Master Repository/Profiles"/>
      <Object class="oracle.odi.domain.security.OdiProfile" globalId="3e0bafe1-4843-4b48-890c-b8413134716e" name="RELEASE MANAGER" path="/Master Repository/Profiles"/>
      <Object class="oracle.odi.domain.security.OdiProfile" globalId="022c5ecd-c0f6-30b0-b6dd-0e17bcbb95cb" name="CONNECT" path="/Master Repository/Profiles"/>
      <Object class="oracle.odi.domain.security.OdiProfile" globalId="4b04c57f-5e11-3fe1-a35d-6b67d95169f4" name="NG METADATA ADMIN" path="/Master Repository/Profiles"/>
      <Object class="oracle.odi.domain.security.OdiProfile" globalId="7364ac1b-7524-30fb-86a0-4ccccc957e81" name="VERSION ADMIN" path="/Master Repository/Profiles"/>
      <Object class="oracle.odi.domain.security.OdiProfile" globalId="5c23a897-9f81-33a0-8e0f-931c72653ef4" name="TOPOLOGY ADMIN" path="/Master Repository/Profiles"/>
      <Object class="oracle.odi.domain.security.OdiProfile" globalId="ebf1e21b-76d0-3e6e-8d72-a83c03e333ca" name="OPERATOR" path="/Master Repository/Profiles"/>
      <Object class="oracle.odi.domain.security.OdiProfile" globalId="6474a877-b44c-3449-ba01-af6f80d5a6bc" name="NG CONSOLE" path="/Master Repository/Profiles"/>
      <Object class="oracle.odi.domain.security.OdiProfile" globalId="8802e35e-22d6-3c84-8072-e28493ebb9dd" name="NG DESIGNER" path="/Master Repository/Profiles"/>
      <Object class="oracle.odi.domain.security.OdiProfile" globalId="9917a574-1cf3-3fcd-8637-a30387a06447" name="DESIGNER" path="/Master Repository/Profiles"/>
      <Object class="oracle.odi.domain.security.OdiProfile" globalId="2f09fdfd-ad46-33a2-adaf-72afd0e4af83" name="SECURITY ADMIN" path="/Master Repository/Profiles"/>
      <Object class="oracle.odi.domain.security.OdiProfile" globalId="83e312b5-a24c-35e9-b245-b44da9de6bea" name="CONSOLE" path="/Master Repository/Profiles"/>
      <Object class="oracle.odi.domain.security.OdiProfile" globalId="1018ccae-c592-324f-b591-52d197fc886b" name="NG VERSION ADMIN" path="/Master Repository/Profiles"/>
      <Object class="oracle.odi.domain.security.OdiProfile" globalId="b5823bb7-85a8-3bba-a8c7-1fcf090f51af" name="METADATA ADMIN" path="/Master Repository/Profiles"/>
      <Object class="oracle.odi.domain.security.OdiPrincipal" globalId="c34e89cf-9195-3bf5-b0c9-e744c3cf4fa5" name="SUPERVISOR" path="/Master Repository/Users"/>
      <Object class="oracle.odi.domain.security.OdiPrincipal" globalId="6e18bd13-f7e3-4474-a962-09ba86b8b7a4" name="SUPERVISOR_ROLE" path="/Master Repository/Users"/>
      <Object class="oracle.odi.domain.topology.OdiDataServer" globalId="7289f03e-0ca6-3787-9268-c74d5e8aaea5" name="MEMORY_ENGINE" path="/Master Repository/Technologies/In_Memory_Engine/Physical Architecture/MEMORY_ENGINE"/>
      <Object class="oracle.odi.domain.topology.OdiDataServer" globalId="18897a5c-bda1-3399-9472-b54c6824e6ad" name="SUNOPSIS_MEMORY_ENGINE" path="/Master Repository/Technologies/In_Memory_Engine/Physical Architecture/SUNOPSIS_MEMORY_ENGINE"/>
      <Object class="oracle.odi.domain.topology.OdiDataServer" globalId="7cf66dba-3493-3ab1-81cc-6c13ebe03a8d" name="FILE_GENERIC" path="/Master Repository/Technologies/File/Physical Architecture/FILE_GENERIC"/>
      <Object class="oracle.odi.domain.topology.language.OdiLanguage" globalId="bad0704c-67a6-3609-ad92-2bdbbc9a50b8" name="SQL_FILE" path="/Master Repository/Languages"/>
      <Object class="oracle.odi.domain.topology.language.OdiLanguage" globalId="6da23a73-568d-3ba9-9491-b44a7eb9ae16" name="SQL" path="/Master Repository/Languages"/>
      <Object class="oracle.odi.domain.topology.language.OdiLanguage" globalId="9ff7cdd9-ef81-41db-bef2-4c004aaafa1d" name="PYTHON" path="/Master Repository/Languages"/>
      <Object class="oracle.odi.domain.topology.language.OdiLanguage" globalId="3d1747ed-426e-368e-9825-2ce67a4df086" name="GROOVY" path="/Master Repository/Languages"/>
      <Object class="oracle.odi.domain.topology.language.OdiLanguage" globalId="75bbc075-7f84-30b7-80a9-d626f912eff5" name="JYTHON" path="/Master Repository/Languages"/>
      <Object class="oracle.odi.domain.topology.language.OdiLanguage" globalId="36e52ab9-6d2e-34ad-ae35-95066160af8c" name="JAVA" path="/Master Repository/Languages"/>
      <Object class="oracle.odi.domain.topology.language.OdiLanguage" globalId="34023c55-533f-4ec8-8454-0ba2bc80e9e8" name="PIGLATIN" path="/Master Repository/Languages"/>
      <Object class="oracle.odi.domain.topology.language.OdiLanguage" globalId="afdbdb28-104f-3c34-a369-2f853c06a459" name="SAP" path="/Master Repository/Languages"/>
      <Object class="oracle.odi.domain.topology.OdiTechnology" globalId="e9120718-5b1e-3e9c-b3b9-28317b288494" name="Oracle" path="/Master Repository/Technologies/Oracle"/>
      <Object class="oracle.odi.domain.topology.OdiTechnology" globalId="31f4994b-0217-3e6a-ae47-5f2992e74fc9" name="NetRexx" path="/Master Repository/Technologies/NetRexx"/>
      <Object class="oracle.odi.domain.topology.OdiTechnology" globalId="09d38233-f2e0-3065-8414-3e418edcfae5" name="Netezza" path="/Master Repository/Technologies/Netezza"/>
      <Object class="oracle.odi.domain.topology.OdiTechnology" globalId="e93fa3dd-6d95-34ec-9f0c-50970a617260" name="Teradata" path="/Master Repository/Technologies/Teradata"/>
      <Object class="oracle.odi.domain.topology.OdiTechnology" globalId="2f445152-fda9-3a4c-bb25-73c7f1532b75" name="SAP Java Connector" path="/Master Repository/Technologies/SAP_Java_Connector"/>
      <Object class="oracle.odi.domain.topology.OdiTechnology" globalId="a55b25d1-3d8b-349a-9997-cc54046f16f8" name="Attunity" path="/Master Repository/Technologies/Attunity"/>
      <Object class="oracle.odi.domain.topology.OdiTechnology" globalId="dc500b60-411a-385f-818b-6be104297be8" name="Java BeanShell" path="/Master Repository/Technologies/Java_BeanShell"/>
      <Object class="oracle.odi.domain.topology.OdiTechnology" globalId="75b7d545-5848-3f38-998e-2967291f9808" name="Sybase AS Enterprise" path="/Master Repository/Technologies/Sybase_AS_Enterprise"/>
      <Object class="oracle.odi.domain.topology.OdiTechnology" globalId="155382d2-8449-3ec0-83e0-50034b06b55a" name="Operating System" path="/Master Repository/Technologies/Operating_System"/>
      <Object class="oracle.odi.domain.topology.OdiTechnology" globalId="dcd0f64e-d848-449b-9080-e721ab6c52dc" name="Generic File" path="/Master Repository/Technologies/Generic_File"/>
      <Object class="oracle.odi.domain.topology.OdiTechnology" globalId="14d1db64-b833-3400-9ca6-595ffc963a64" name="File" path="/Master Repository/Technologies/File"/>
      <Object class="oracle.odi.domain.topology.OdiTechnology" globalId="1201671f-1172-3dd0-a774-d4ee872bcea8" name="Groovy" path="/Master Repository/Technologies/Groovy"/>
      <Object class="oracle.odi.domain.topology.OdiTechnology" globalId="a52fb8ec-96c3-34d6-9506-fda36904283c" name="IBM DB2/400" path="/Master Repository/Technologies/IBM_DB2400"/>
      <Object class="oracle.odi.domain.topology.OdiTechnology" globalId="b48faf06-fcb8-38d1-840d-b678da1a5460" name="Derby" path="/Master Repository/Technologies/Derby"/>
      <Object class="oracle.odi.domain.topology.OdiTechnology" globalId="864f5b6d-93b1-4679-95fe-c4976fcda29b" name="Spark Python" path="/Master Repository/Technologies/Spark_Python"/>
      <Object class="oracle.odi.domain.topology.OdiTechnology" globalId="cc0bcfe6-0770-3e6c-aa22-0302bcc54861" name="Ingres" path="/Master Repository/Technologies/Ingres"/>
      <Object class="oracle.odi.domain.topology.OdiTechnology" globalId="f80b410a-dc37-3995-926a-b948e73e7908" name="SAS (deprecated)" path="/Master Repository/Technologies/SAS__deprecated_"/>
      <Object class="oracle.odi.domain.topology.OdiTechnology" globalId="c937df56-8e23-336a-9805-0e1576d17653" name="MySQL" path="/Master Repository/Technologies/MySQL"/>
      <Object class="oracle.odi.domain.topology.OdiTechnology" globalId="b4b8a992-93c8-36e5-9e6f-3f5be584cb90" name="Hyperion Essbase" path="/Master Repository/Technologies/Hyperion_Essbase"/>
      <Object class="oracle.odi.domain.topology.OdiTechnology" globalId="b334995a-7af5-358d-88c2-af5cd95ca03b" name="BTrieve" path="/Master Repository/Technologies/BTrieve"/>
      <Object class="oracle.odi.domain.topology.OdiTechnology" globalId="bc3c435c-ee7a-322c-9d24-09e5c685060c" name="TimesTen" path="/Master Repository/Technologies/TimesTen"/>
      <Object class="oracle.odi.domain.topology.OdiTechnology" globalId="34cdfe33-acbf-3137-bde7-62593213615a" name="Oracle BAM" path="/Master Repository/Technologies/Oracle_BAM"/>
      <Object class="oracle.odi.domain.topology.OdiTechnology" globalId="1136cdab-d1c4-34e1-88b8-7c9d62171304" name="Jython" path="/Master Repository/Technologies/Jython"/>
      <Object class="oracle.odi.domain.topology.OdiTechnology" globalId="b3583113-3cbd-3f3c-84c9-f030cbd57662" name="IBM DB2 UDB" path="/Master Repository/Technologies/IBM_DB2_UDB"/>
      <Object class="oracle.odi.domain.topology.OdiTechnology" globalId="c3399fab-f55e-4536-a62f-487aeb7a48c8" name="SOAP Web Service" path="/Master Repository/Technologies/SOAP_Web_Service"/>
      <Object class="oracle.odi.domain.topology.OdiTechnology" globalId="e425fad6-cd82-3ae5-85e9-d33f5c52decb" name="Complex File" path="/Master Repository/Technologies/Complex_File"/>
      <Object class="oracle.odi.domain.topology.OdiTechnology" globalId="4fcf276a-a73a-404b-8ca6-ffc9d0be34ec" name="Oracle GoldenGate" path="/Master Repository/Technologies/Oracle_GoldenGate"/>
      <Object class="oracle.odi.domain.topology.OdiTechnology" globalId="ef6be884-8846-31b5-b08f-1e0a636295c8" name="Hyperion Planning" path="/Master Repository/Technologies/Hyperion_Planning"/>
      <Object class="oracle.odi.domain.topology.OdiTechnology" globalId="e5c65c78-513a-476d-9ae7-c6bd6d6eb599" name="Hadoop" path="/Master Repository/Technologies/Hadoop"/>
      <Object class="oracle.odi.domain.topology.OdiTechnology" globalId="4adeca9d-ef12-3e37-9c7a-dc12af3b6f0b" name="JMS Topic XML" path="/Master Repository/Technologies/JMS_Topic_XML"/>
      <Object class="oracle.odi.domain.topology.OdiTechnology" globalId="f127b695-aefe-3810-8cab-20e11413acae" name="Oracle BI" path="/Master Repository/Technologies/Oracle_BI"/>
      <Object class="oracle.odi.domain.topology.OdiTechnology" globalId="0fa87d0e-ac82-386a-b0e4-a289139f8c93" name="Salesforce.com" path="/Master Repository/Technologies/Salesforce_com"/>
      <Object class="oracle.odi.domain.topology.OdiTechnology" globalId="5bb786db-c370-3595-a6f9-70dbb2acc7a3" name="Informix" path="/Master Repository/Technologies/Informix"/>
      <Object class="oracle.odi.domain.topology.OdiTechnology" globalId="45e39dc8-3d94-3d78-bf4a-354595cef9f1" name="Universe" path="/Master Repository/Technologies/Universe"/>
      <Object class="oracle.odi.domain.topology.OdiTechnology" globalId="78c9d1e9-ce7e-3938-80fa-5e4d52348814" name="DBase" path="/Master Repository/Technologies/DBase"/>
      <Object class="oracle.odi.domain.topology.OdiTechnology" globalId="65943d69-9111-3a27-8cb9-38668d20008f" name="Hive" path="/Master Repository/Technologies/Hive"/>
      <Object class="oracle.odi.domain.topology.OdiTechnology" globalId="dfe7fce5-fec6-30af-a181-2026dbf6e6b3" name="PostgreSQL" path="/Master Repository/Technologies/PostgreSQL"/>
      <Object class="oracle.odi.domain.topology.OdiTechnology" globalId="afab6669-e3b4-3c33-b24d-a7e4ad703e4c" name="JMS Topic" path="/Master Repository/Technologies/JMS_Topic"/>
      <Object class="oracle.odi.domain.topology.OdiTechnology" globalId="b4aec7b4-81c9-3e71-8644-f86e50f07b67" name="SAP ABAP" path="/Master Repository/Technologies/SAP_ABAP"/>
      <Object class="oracle.odi.domain.topology.OdiTechnology" globalId="87c75ce6-ae01-3501-85d0-06e16c74d3bf" name="Interbase" path="/Master Repository/Technologies/Interbase"/>
      <Object class="oracle.odi.domain.topology.OdiTechnology" globalId="115686d1-a77b-3df6-8dcf-f81fded88dee" name="Generic SQL" path="/Master Repository/Technologies/Generic_SQL"/>
      <Object class="oracle.odi.domain.topology.OdiTechnology" globalId="2958c969-3fbe-4c2e-8bd4-e4c721cc02a2" name="Pig" path="/Master Repository/Technologies/Pig"/>
      <Object class="oracle.odi.domain.topology.OdiTechnology" globalId="25aba1c1-aea2-377a-aefb-e3ae60c63283" name="Hyperion Financial Management" path="/Master Repository/Technologies/Hyperion_Financial_Management"/>
      <Object class="oracle.odi.domain.topology.OdiTechnology" globalId="b3b9b4cb-0cf4-3786-a33d-0c96a9fd2716" name="Hypersonic SQL" path="/Master Repository/Technologies/Hypersonic_SQL"/>
      <Object class="oracle.odi.domain.topology.OdiTechnology" globalId="f6e107a3-aef1-3869-b7ad-b4f9b70c9d65" name="Microsoft SQL Server" path="/Master Repository/Technologies/Microsoft_SQL_Server"/>
      <Object class="oracle.odi.domain.topology.OdiTechnology" globalId="7ad03c3b-8019-3eae-af76-83fa01e7938f" name="HBase" path="/Master Repository/Technologies/HBase"/>
      <Object class="oracle.odi.domain.topology.OdiTechnology" globalId="ca3bcb78-6142-3ef9-afd1-7ab5dcdde9e1" name="Sybase AS Anywhere" path="/Master Repository/Technologies/Sybase_AS_Anywhere"/>
      <Object class="oracle.odi.domain.topology.OdiTechnology" globalId="5c34b7c5-1844-3930-b14b-f668ce7320dd" name="Sybase AS IQ" path="/Master Repository/Technologies/Sybase_AS_IQ"/>
      <Object class="oracle.odi.domain.topology.OdiTechnology" globalId="690d132d-f191-4189-8d9c-711102d77b83" name="Oracle Enterprise Data Quality" path="/Master Repository/Technologies/Oracle_Enterprise_Data_Quality"/>
      <Object class="oracle.odi.domain.topology.OdiTechnology" globalId="7ec7241a-ca49-3cfe-bded-1b1759ad56ca" name="JMS Queue XML" path="/Master Repository/Technologies/JMS_Queue_XML"/>
      <Object class="oracle.odi.domain.topology.OdiTechnology" globalId="d641070d-e8dd-3806-a9dc-caf4da01839b" name="Paradox" path="/Master Repository/Technologies/Paradox"/>
      <Object class="oracle.odi.domain.topology.OdiTechnology" globalId="e84170c6-66f0-3c4a-8fe7-dbca246e5b24" name="In-Memory Engine" path="/Master Repository/Technologies/In_Memory_Engine"/>
      <Object class="oracle.odi.domain.topology.OdiTechnology" globalId="b39d38cf-f047-3bb0-b4c8-1fce741021d2" name="ODI Tools" path="/Master Repository/Technologies/ODI_Tools"/>
      <Object class="oracle.odi.domain.topology.OdiTechnology" globalId="f6c4e02c-bd62-4bf4-a1fd-f18ec814dd14" name="OWB Runtime Repository" path="/Master Repository/Technologies/OWB_Runtime_Repository"/>
      <Object class="oracle.odi.domain.topology.OdiTechnology" globalId="984d8804-982e-3afb-8f3a-bf52b582453e" name="Progress" path="/Master Repository/Technologies/Progress"/>
      <Object class="oracle.odi.domain.topology.OdiTechnology" globalId="8e13006f-6157-3957-958a-a42a3391fc06" name="JavaScript" path="/Master Repository/Technologies/JavaScript"/>
      <Object class="oracle.odi.domain.topology.OdiTechnology" globalId="d2b57ca4-523a-3c5c-b758-3e46255113a8" name="Microsoft Excel" path="/Master Repository/Technologies/Microsoft_Excel"/>
      <Object class="oracle.odi.domain.topology.OdiTechnology" globalId="7848fae6-6b4e-3f98-91e3-6a852066cfeb" name="Microsoft Access" path="/Master Repository/Technologies/Microsoft_Access"/>
      <Object class="oracle.odi.domain.topology.OdiTechnology" globalId="972e500d-1824-3f40-b270-0c327549c81d" name="JMS Queue" path="/Master Repository/Technologies/JMS_Queue"/>
      <Object class="oracle.odi.domain.topology.OdiTechnology" globalId="f0da6d21-e422-3ca4-a4cb-f549c3b37bfc" name="LDAP" path="/Master Repository/Technologies/LDAP"/>
      <Object class="oracle.odi.domain.topology.OdiTechnology" globalId="7ffd3917-2b27-35a3-96a7-3bde26098531" name="XML" path="/Master Repository/Technologies/XML"/>
      <Object class="oracle.odi.domain.topology.OdiTechnology" globalId="0b6e0563-963a-3f17-8c7e-fe1227852036" name="JAX-WS" path="/Master Repository/Technologies/JAX_WS"/>
      <Object class="oracle.odi.domain.topology.OdiContext" globalId="af79390f-548b-3f6e-b5dc-b152c271c701" name="Global" path="/Master Repository/Contexts"/>
      <Object class="oracle.odi.domain.topology.OdiLogicalSchema" globalId="85e2554e-2771-3636-9209-5536d662c433" name="File Server for SAP ABAP" path="/Master Repository/Technologies/File/Logical Architecture"/>
      <Object class="oracle.odi.domain.topology.OdiLogicalSchema" globalId="90a83890-2d1c-358b-99d7-425951dc425d" name=" SUNOPSIS_MEMORY_ENGINE" path="/Master Repository/Technologies/In_Memory_Engine/Logical Architecture"/>
      <Object class="oracle.odi.domain.topology.OdiLogicalSchema" globalId="67889c61-987f-3566-afcc-9c55d7bd85ae" name=" MEMORY_ENGINE" path="/Master Repository/Technologies/In_Memory_Engine/Logical Architecture"/>
      <Object class="oracle.odi.domain.topology.OdiPhysicalSchema" globalId="61149740-0c29-32c0-92e5-fdb5696142c8" name="MEMORY_ENGINE_Default" path="/Master Repository/Technologies/In_Memory_Engine/Physical Architecture/MEMORY_ENGINE"/>
      <Object class="oracle.odi.domain.topology.OdiPhysicalSchema" globalId="1c6765c1-b25c-3a70-afbb-e9d05fc3f3a5" name="SUNOPSIS_MEMORY_ENGINE_Default" path="/Master Repository/Technologies/In_Memory_Engine/Physical Architecture/SUNOPSIS_MEMORY_ENGINE"/>
      <Object class="oracle.odi.domain.project.OdiUserFunction" globalId="53ea39fb-6c6f-418d-a91a-ffabdd90fd0d" name="FUNC_CONCAT_KEY_VALUE" path="/Work Repository/Global Objects/User Functions"/>
      <Object class="oracle.odi.domain.project.OdiUserFunction" globalId="7601dbcc-db99-4aa8-8549-5fe0cf4dd969" name="FUNC_CONCAT_VALUES" path="/Work Repository/Global Objects/User Functions"/>
      <Object class="oracle.odi.domain.project.OdiUserFunction" globalId="a989765f-1861-430c-8e52-dcfca0ce5ad3" name="FUNC_MINUS_DAYS" path="/Work Repository/Global Objects/User Functions"/>
      <Object class="oracle.odi.domain.project.OdiUserFunction" globalId="7e248c3c-b8d9-44a7-a5cf-f69924850fec" name="FUNC_MINUS_HOURS" path="/Work Repository/Global Objects/User Functions"/>
      <Object class="oracle.odi.domain.project.OdiUserFunction" globalId="89eca3e6-fae5-4995-bb40-02ae1a1623c4" name="FUNC_MINUS_MINUTES" path="/Work Repository/Global Objects/User Functions"/>
      <Object class="oracle.odi.domain.project.OdiUserFunction" globalId="3379278a-a45e-4f7f-9207-0774608ae78b" name="FUNC_MINUS_SECONDS" path="/Work Repository/Global Objects/User Functions"/>
      <Object class="oracle.odi.domain.project.OdiUserFunction" globalId="bb9267fb-04db-4da4-b7d7-ebd2906651c4" name="FUNC_MINUS_WEEKS" path="/Work Repository/Global Objects/User Functions"/>
      <Object class="oracle.odi.domain.project.OdiUserFunction" globalId="d99905aa-67bc-4c83-b9ba-a70e8d0c0d39" name="FUNC_NVL" path="/Work Repository/Global Objects/User Functions"/>
      <Object class="oracle.odi.domain.project.OdiUserFunction" globalId="e48f03ba-b21c-46f7-ae49-ddf2c0af4fe9" name="FUNC_SYSDATE" path="/Work Repository/Global Objects/User Functions"/>
      <Object class="oracle.odi.domain.project.OdiProject" globalId="a72365ca-8ace-45eb-a9b7-686e71e92fb3" name="Erick" path="/Work Repository/Projects/Erick"/>
      <Object class="oracle.odi.domain.project.OdiProject" globalId="19de19f3-5003-4f54-a1b3-ccbab4785ee4" name="test1" path="/Work Repository/Projects/test1"/>
      <Object class="oracle.odi.domain.runtime.scenario.OdiScenarioFolder" globalId="a430be00-c449-432b-a04f-f86de2c8ba6a" name="Folder15" path="/Work Repository/Load Plans and Scenarios/Folder15"/>
      <Object class="oracle.odi.domain.runtime.scenario.OdiScenarioFolder" globalId="ca6548e7-bdf7-481a-a5bd-bd802aa19ad7" name="Folder10" path="/Work Repository/Load Plans and Scenarios/Folder10"/>
      <Object class="oracle.odi.domain.runtime.scenario.OdiScenario" globalId="0a7b1f9f-ea8c-4bce-9ddd-58cd59a4f7fe" name="B4 Version 001" path="/Work Repository/Projects/test1/Variables/Scenarios"/>
      <Object class="oracle.odi.domain.runtime.scenario.OdiScenario" globalId="7c3fa951-8c3b-4cf9-9a94-cdd28f1a541a" name="MYPACKAGE1 Version 001" path="/Work Repository/Projects/Erick/Folder1/Packages/Scenarios"/>
      <Object class="oracle.odi.domain.runtime.scenario.OdiScenario" globalId="64776eeb-f5db-43f8-b4b1-0b5a64db1568" name="MYPROC Version 001" path="/Work Repository/Projects/Erick/Folder1/Folder_11/Procedures/Scenarios"/>
      <Object class="oracle.odi.domain.runtime.scenario.OdiScenario" globalId="a76f0448-e5aa-4c1e-9048-d74850e11aaf" name="NEW_MAPPING Version 001" path="/Work Repository/Projects/Erick/Folder1/Mappings/Scenarios"/>
      <Object class="oracle.odi.domain.runtime.scenario.OdiScenario" globalId="e6cd591a-41e8-41f8-a7aa-c695845e5755" name="MYPACKAGE2 Version 001" path="/Work Repository/Projects/Erick/Folder1/Packages/Scenarios"/>
      <Object class="oracle.odi.domain.runtime.scenario.OdiScenario" globalId="8d911d12-6c3e-4821-885f-2d4227433703" name="MYPACKAGE11 Version 001" path="/Work Repository/Projects/Erick/Folder1/Folder_11/Packages/Scenarios"/>
      <Object class="oracle.odi.domain.runtime.scenario.OdiScenario" globalId="8d15e50b-5cec-4333-b5bf-d2e6c9141584" name="B42 Version 002" path="/Work Repository/Projects/test1/Variables/Scenarios"/>
      <Object class="oracle.odi.domain.runtime.scenario.OdiScenario" globalId="ccc7999c-a320-4296-9708-ebb033531d64" name="MYMAPPING123 Version 003" path="/Work Repository/Projects/Erick/Folder1/Folder_11/Mappings/Scenarios"/>
      <Object class="oracle.odi.domain.runtime.scenario.OdiScenario" globalId="68e03474-74bf-4e25-a60a-00ad219b5fd0" name="MYPACKAGE11 Version 9" path="/Work Repository/Projects/Erick/Folder1/Folder_11/Packages/Scenarios"/>
      <Object class="oracle.odi.domain.project.OdiFolder" globalId="df7292b4-b77d-4a4d-a9ff-46bce269aea2" name="Folder1" path="/Work Repository/Projects/Erick/Folder1"/>
      <Object class="oracle.odi.domain.project.OdiFolder" globalId="af7c170c-fd3f-46bf-b102-cbb3fe7e74f7" name="Folder 2" path="/Work Repository/Projects/Erick/Folder_2"/>
      <Object class="oracle.odi.domain.project.OdiFolder" globalId="07373c50-a0e4-43a2-8bf0-73d2b0ee6014" name="Folder 11" path="/Work Repository/Projects/Erick/Folder1/Folder_11"/>
      <Object class="oracle.odi.domain.project.OdiFolder" globalId="7d1c8189-f0f9-43f6-b7da-f62c6b02aa23" name="First Folder" path="/Work Repository/Projects/test1/First_Folder"/>
      <Object class="oracle.odi.domain.project.OdiSequence" globalId="2f085ba1-0ba6-4f8b-b51f-9967981856ec" name="testseq1" path="/Work Repository/Projects/test1/Sequences"/>
      <Object class="oracle.odi.domain.project.OdiVariable" globalId="21441003-6237-4aa3-bca3-4aac9bca90dc" name="b42" path="/Work Repository/Projects/test1/Variables"/>
      <Object class="oracle.odi.domain.marker.OdiMarkerGroup" globalId="6cc9a9e9-14c1-4a58-84c3-14fbc80e032c" name="Flexdeploy" path="/Work Repository/Projects/test1/Markers"/>
      <Object class="oracle.odi.domain.marker.OdiMarkerGroup" globalId="434efba0-e32a-4eba-a922-8db6c7184cbd" name="Priorities" path="/Work Repository/Projects/test1/Markers"/>
      <Object class="oracle.odi.domain.marker.OdiMarkerGroup" globalId="3c3851f9-a793-4ac6-ba83-43fca2cbde26" name="Progress" path="/Work Repository/Projects/test1/Markers"/>
      <Object class="oracle.odi.domain.marker.OdiMarkerGroup" globalId="46085397-2add-4b9a-9d90-aff31a396b5f" name="Smileys" path="/Work Repository/Projects/test1/Markers"/>
      <Object class="oracle.odi.domain.marker.OdiMarkerGroup" globalId="637e41f4-924e-40c9-a83f-61adf95d502a" name="FLEXDEPLOY" path="/Work Repository/Projects/Erick/Markers"/>
      <Object class="oracle.odi.domain.marker.OdiMarkerGroup" globalId="12cc3a56-00c7-4949-86f5-75b89675dd86" name="Priorities" path="/Work Repository/Projects/Erick/Markers"/>
      <Object class="oracle.odi.domain.marker.OdiMarkerGroup" globalId="9f0eed25-0974-4201-8559-8b8215f8a9f0" name="Progress" path="/Work Repository/Projects/Erick/Markers"/>
      <Object class="oracle.odi.domain.marker.OdiMarkerGroup" globalId="6fc96eee-908f-4eb7-888b-8a3e320a3af8" name="Smileys" path="/Work Repository/Projects/Erick/Markers"/>
      <Object class="oracle.odi.domain.project.OdiKM" globalId="263c8a07-df19-42aa-9532-82d38d495e7d" name="MyProc" path="/Work Repository/Projects/Erick/Folder1/Folder_11/Procedures"/>
      <Object class="oracle.odi.domain.mapping.MapRootContainer" globalId="70907ce6-e43c-40d0-8402-21d17eb53ee2" name="MyMapping123" path="/Work Repository/Projects/Erick/Folder1/Folder_11/Mappings"/>
      <Object class="oracle.odi.domain.mapping.MapRootContainer" globalId="3dd5edc7-6606-4670-adb0-c7b2f0a47829" name="New_Mapping" path="/Work Repository/Projects/Erick/Folder1/Mappings"/>
      <Object class="oracle.odi.domain.project.OdiPackage" globalId="4ffd6010-598e-4158-8de5-d0d7c6f9e589" name="MyPackage1" path="/Work Repository/Projects/Erick/Folder1/Packages"/>
      <Object class="oracle.odi.domain.project.OdiPackage" globalId="7754522d-b24d-4e2e-9491-23d1969637f0" name="MyPackage2" path="/Work Repository/Projects/Erick/Folder1/Packages"/>
      <Object class="oracle.odi.domain.project.OdiPackage" globalId="f128e557-4cd4-456a-a0dd-082d2fcc6e4b" name="MyPackage3" path="/Work Repository/Projects/Erick/Folder1/Packages"/>
      <Object class="oracle.odi.domain.project.OdiPackage" globalId="9e64e18f-04d4-4815-9e06-436c5c8eb34e" name="MyPackage11" path="/Work Repository/Projects/Erick/Folder1/Folder_11/Packages"/>
      <Object class="oracle.odi.domain.runtime.scenario.OdiScenarioFolder" globalId="ecf0bf43-20c8-4ff1-bc38-a47ff6f0e123" name="Folder20" path="/Work Repository/Load Plans and Scenarios/Folder10/Load Plans and Scenarios/Folder20"/>
      <Object class="oracle.odi.domain.runtime.scenario.OdiScenarioFolder" globalId="97b43d1d-cc45-4e65-9b7c-bd89a01cf63f" name="Folder30" path="/Work Repository/Load Plans and Scenarios/Folder10/Load Plans and Scenarios/Folder20/Load Plans and Scenarios/Folder30"/>
   </ObjectsToUpdate>
   <ObjectsToDelete/>
</OdiDeploymentArchive>
