<?xml version="1.0" encoding="UTF-8"?>
<SunopsisExport>
<Admin RepositoryVersion="05.02.02.04" IsLegacyIdCompatible="false" />
<Encryption algorithm="AES" keyLength="128" exportKeyHash="5Ad5+sDnPZcw2phuRjiqOLqci3t49M3F+/TIDsFyvlQ=" keyVect="f9PX05b4GWf5xxnhJSygtQ==" exportKeySalt="f1c056fe-007c-4268-b5f6-10677d612a4b" containsCipherText="false"/>
<Object class="com.sunopsis.dwg.dbobj.SnpScen">
		<Field name="CecSessBehavior" type="java.lang.String">null</Field>
	<Field name="CecSessPollIntv" type="com.sunopsis.sql.DbInt"><![CDATA[null]]></Field>
	<Field name="ExtVersion" type="java.lang.String">null</Field>
	<Field name="FirstDate" type="java.sql.Timestamp"><![CDATA[2019-01-09 13:46:58.0]]></Field>
	<Field name="FirstUser" type="java.lang.String"><![CDATA[SUPERVISOR]]></Field>
	<Field name="GlobalId" type="java.lang.String"><![CDATA[e6cd591a-41e8-41f8-a7aa-c695845e5755]]></Field>
	<Field name="IndChange" type="java.lang.String"><![CDATA[U]]></Field>
	<Field name="IndPromptParam" type="java.lang.String"><![CDATA[1]]></Field>
	<Field name="IntVersion" type="com.sunopsis.sql.DbInt"><![CDATA[2]]></Field>
	<Field name="IsMaterialized" type="java.lang.String"><![CDATA[0]]></Field>
	<Field name="IDeploySpec" type="com.sunopsis.sql.DbInt"><![CDATA[null]]></Field>
	<Field name="IMapping" type="com.sunopsis.sql.DbInt"><![CDATA[null]]></Field>
	<Field name="IPackage" type="com.sunopsis.sql.DbInt"><![CDATA[11]]></Field>
	<Field name="IPop" type="com.sunopsis.sql.DbInt"><![CDATA[null]]></Field>
	<Field name="IScenFolder" type="com.sunopsis.sql.DbInt"><![CDATA[202]]></Field>
	<Field name="ITrt" type="com.sunopsis.sql.DbInt"><![CDATA[null]]></Field>
	<Field name="ITxtScen" type="com.sunopsis.sql.DbInt"><![CDATA[null]]></Field>
	<Field name="IVar" type="com.sunopsis.sql.DbInt"><![CDATA[null]]></Field>
	<Field name="LastDate" type="java.sql.Timestamp"><![CDATA[2020-11-20 02:44:33.0]]></Field>
	<Field name="LastUser" type="java.lang.String"><![CDATA[SUPERVISOR]]></Field>
	<Field name="MaxCecSess" type="com.sunopsis.sql.DbInt"><![CDATA[null]]></Field>
	<Field name="RepGuid" type="java.lang.String">null</Field>
	<Field name="RepVersion" type="java.lang.String">null</Field>
	<Field name="RestartType" type="java.lang.String">null</Field>
	<Field name="ScenName" type="java.lang.String"><![CDATA[MYPACKAGE2]]></Field>
	<Field name="ScenNo" type="com.sunopsis.sql.DbInt"><![CDATA[224]]></Field>
	<Field name="ScenSnapshotNo" type="com.sunopsis.sql.DbInt"><![CDATA[2]]></Field>
	<Field name="ScenVersion" type="java.lang.String"><![CDATA[001]]></Field>
	<Field name="VLastDate" type="java.sql.Timestamp">null</Field>
</Object>
<Object class="com.sunopsis.dwg.dbobj.SnpScenStep">
		<Field name="BrpId" type="com.sunopsis.sql.DbInt"><![CDATA[null]]></Field>
	<Field name="CleanupOnError" type="java.lang.String">null</Field>
	<Field name="ContextCode" type="java.lang.String">null</Field>
	<Field name="FContextCode" type="java.lang.String">null</Field>
	<Field name="GenInfo" type="java.lang.String">null</Field>
	<Field name="GlobalId" type="java.lang.String"><![CDATA[e279cdd5-56e0-4936-868b-f24edd2cc958]]></Field>
	<Field name="IndLogMethod" type="java.lang.String"><![CDATA[Y]]></Field>
	<Field name="ITxtVarValue" type="com.sunopsis.sql.DbInt"><![CDATA[null]]></Field>
	<Field name="JagentLschemaName" type="java.lang.String">null</Field>
	<Field name="KoExit" type="java.lang.String"><![CDATA[1]]></Field>
	<Field name="KoExitCode" type="java.lang.String">null</Field>
	<Field name="KoNextStep" type="com.sunopsis.sql.DbInt"><![CDATA[null]]></Field>
	<Field name="KoRetry" type="com.sunopsis.sql.DbInt"><![CDATA[null]]></Field>
	<Field name="KoRetryInterv" type="com.sunopsis.sql.DbInt"><![CDATA[null]]></Field>
	<Field name="LschemaName" type="java.lang.String">null</Field>
	<Field name="MaxErr" type="com.sunopsis.sql.DbInt"><![CDATA[null]]></Field>
	<Field name="MaxErrPrct" type="java.lang.String">null</Field>
	<Field name="ModCode" type="java.lang.String">null</Field>
	<Field name="Nno" type="com.sunopsis.sql.DbInt"><![CDATA[0]]></Field>
	<Field name="OkExit" type="java.lang.String"><![CDATA[1]]></Field>
	<Field name="OkExitCode" type="java.lang.String"><![CDATA[0]]></Field>
	<Field name="OkNextStep" type="com.sunopsis.sql.DbInt"><![CDATA[null]]></Field>
	<Field name="ResName" type="java.lang.String">null</Field>
	<Field name="ScenNo" type="com.sunopsis.sql.DbInt"><![CDATA[224]]></Field>
	<Field name="StepName" type="java.lang.String"><![CDATA[OdiBeep 1]]></Field>
	<Field name="StepType" type="java.lang.String"><![CDATA[SE]]></Field>
	<Field name="TableName" type="java.lang.String">null</Field>
	<Field name="VarIncr" type="com.sunopsis.sql.DbInt"><![CDATA[null]]></Field>
	<Field name="VarLongValue" type="java.lang.String">null</Field>
	<Field name="VarName" type="java.lang.String">null</Field>
	<Field name="VarOp" type="java.lang.String">null</Field>
</Object>
<Object class="com.sunopsis.dwg.dbobj.SnpScenTask">
		<Field name="BrpId" type="com.sunopsis.sql.DbInt"><![CDATA[null]]></Field>
	<Field name="ColConnectId" type="java.lang.String">null</Field>
	<Field name="ColContextCode" type="java.lang.String">null</Field>
	<Field name="ColEncKey" type="java.lang.String">null</Field>
	<Field name="ColEncKeyVect" type="java.lang.String">null</Field>
	<Field name="ColIndCommit" type="java.lang.String">null</Field>
	<Field name="ColIndEnc" type="java.lang.String">null</Field>
	<Field name="ColIsolLevel" type="java.lang.String">null</Field>
	<Field name="ColLschemaName" type="java.lang.String">null</Field>
	<Field name="ColTechIntName" type="java.lang.String">null</Field>
	<Field name="ColTxt" type="java.lang.String">null</Field>
	<Field name="DefConnectId" type="java.lang.String">null</Field>
	<Field name="DefContextCode" type="java.lang.String">null</Field>
	<Field name="DefEncKey" type="java.lang.String">null</Field>
	<Field name="DefEncKeyVect" type="java.lang.String">null</Field>
	<Field name="DefIndCommit" type="java.lang.String">null</Field>
	<Field name="DefIndEnc" type="java.lang.String">null</Field>
	<Field name="DefIsolLevel" type="java.lang.String">null</Field>
	<Field name="DefLschemaName" type="java.lang.String">null</Field>
	<Field name="DefTechIntName" type="java.lang.String">null</Field>
	<Field name="DefTxt" type="java.lang.String"><![CDATA[OdiBeep]]></Field>
	<Field name="ExeChannel" type="java.lang.String"><![CDATA[S]]></Field>
	<Field name="GlobalId" type="java.lang.String"><![CDATA[5db37ca6-1a87-4d4d-a87d-c8f49ea1081e]]></Field>
	<Field name="IndErr" type="java.lang.String">null</Field>
	<Field name="IndLogFinalCmd" type="java.lang.String">null</Field>
	<Field name="IndLogMethod" type="java.lang.String">null</Field>
	<Field name="IndLogNb" type="java.lang.String">null</Field>
	<Field name="LogLevDet" type="java.lang.String"><![CDATA[3]]></Field>
	<Field name="MapTaskType" type="java.lang.String">null</Field>
	<Field name="Nno" type="com.sunopsis.sql.DbInt"><![CDATA[0]]></Field>
	<Field name="OrdTrt" type="com.sunopsis.sql.DbInt"><![CDATA[null]]></Field>
	<Field name="ParScenTaskNo" type="com.sunopsis.sql.DbInt"><![CDATA[null]]></Field>
	<Field name="ScenNo" type="com.sunopsis.sql.DbInt"><![CDATA[224]]></Field>
	<Field name="ScenTaskNo" type="com.sunopsis.sql.DbInt"><![CDATA[1]]></Field>
	<Field name="TaskName1" type="java.lang.String"><![CDATA[Oracle Data Integrator Command]]></Field>
	<Field name="TaskName2" type="java.lang.String"><![CDATA[Oracle Data Integrator Command]]></Field>
	<Field name="TaskName3" type="java.lang.String">null</Field>
	<Field name="TaskType" type="java.lang.String"><![CDATA[S]]></Field>
</Object>
<Object class="com.sunopsis.dwg.dbobj.SnpFKXRef">
		<Field name="RefKey" type="java.lang.String"><![CDATA[SNP_SCENFOLDER.202]]></Field>
	<Field name="RefObjGlobalId" type="java.lang.String"><![CDATA[a430be00-c449-432b-a04f-f86de2c8ba6a]]></Field>
 <Field name="RefObjFQName" type="java.lang.String"><![CDATA[Folder15]]></Field>
 <Field name="RefObjFQType" type="java.lang.String"><![CDATA[SNP_SCENFOLDER]]></Field>
 <Field name="RefObjFQNameLengths" type="java.lang.String"><![CDATA[8]]></Field>
</Object>
<Object class="com.sunopsis.dwg.dbobj.SnpFKXRef">
		<Field name="RefKey" type="java.lang.String"><![CDATA[SNP_PACKAGE.11]]></Field>
	<Field name="RefObjGlobalId" type="java.lang.String"><![CDATA[7754522d-b24d-4e2e-9491-23d1969637f0]]></Field>
 <Field name="RefObjFQName" type="java.lang.String"><![CDATA[Erick.Folder1.MyPackage2]]></Field>
 <Field name="RefObjFQType" type="java.lang.String"><![CDATA[SNP_PROJECT.SNP_FOLDER.SNP_PACKAGE]]></Field>
 <Field name="RefObjFQNameLengths" type="java.lang.String"><![CDATA[5.7.10]]></Field>
</Object>
<Object class="com.sunopsis.dwg.dbobj.SnpFKXRef">
		<Field name="RefKey" type="java.lang.String"><![CDATA[SNP_SCEN.224]]></Field>
	<Field name="RefObjGlobalId" type="java.lang.String"><![CDATA[e6cd591a-41e8-41f8-a7aa-c695845e5755]]></Field>
 <Field name="RefObjFQName" type="java.lang.String"><![CDATA[Erick.Folder1.MyPackage2.MYPACKAGE2 Version 001]]></Field>
 <Field name="RefObjFQType" type="java.lang.String"><![CDATA[SNP_PROJECT.SNP_FOLDER.SNP_PACKAGE.SNP_SCEN]]></Field>
 <Field name="RefObjFQNameLengths" type="java.lang.String"><![CDATA[5.7.10.22]]></Field>
</Object>
<Object class="com.sunopsis.dwg.dbobj.SnpFKXRef">
		<Field name="RefKey" type="java.lang.String"><![CDATA[SNP_SCENSTEP.224.0]]></Field>
	<Field name="RefObjGlobalId" type="java.lang.String"><![CDATA[e279cdd5-56e0-4936-868b-f24edd2cc958]]></Field>
 <Field name="RefObjFQName" type="java.lang.String">null</Field>
 <Field name="RefObjFQType" type="java.lang.String">null</Field>
 <Field name="RefObjFQNameLengths" type="java.lang.String">null</Field>
</Object>
<Object class="com.sunopsis.dwg.DwgExportSummary">
		<Field name="ExpTxtNb" type="com.sunopsis.sql.DbInt"><![CDATA[0]]></Field>
	<Field name="InstObjNb" type="com.sunopsis.sql.DbInt"><![CDATA[0]]></Field>
	<Field name="JoinColNb" type="com.sunopsis.sql.DbInt"><![CDATA[0]]></Field>
	<Field name="JoinNb" type="com.sunopsis.sql.DbInt"><![CDATA[0]]></Field>
	<Field name="KeyColNb" type="com.sunopsis.sql.DbInt"><![CDATA[0]]></Field>
	<Field name="KeyNb" type="com.sunopsis.sql.DbInt"><![CDATA[0]]></Field>
	<Field name="LinkDiagNb" type="com.sunopsis.sql.DbInt"><![CDATA[0]]></Field>
	<Field name="MorigTxtNb" type="com.sunopsis.sql.DbInt"><![CDATA[0]]></Field>
	<Field name="MtxtNb" type="com.sunopsis.sql.DbInt"><![CDATA[0]]></Field>
	<Field name="OrigTxtNb" type="com.sunopsis.sql.DbInt"><![CDATA[0]]></Field>
	<Field name="OtherObjectsNb" type="com.sunopsis.sql.DbInt"><![CDATA[3]]></Field>
	<Field name="PlanAgentNb" type="com.sunopsis.sql.DbInt"><![CDATA[0]]></Field>
	<Field name="StepNb" type="com.sunopsis.sql.DbInt"><![CDATA[0]]></Field>
	<Field name="TxtNb" type="com.sunopsis.sql.DbInt"><![CDATA[0]]></Field>
	<Field name="UeOrigNb" type="com.sunopsis.sql.DbInt"><![CDATA[0]]></Field>
	<Field name="UeUsedNb" type="com.sunopsis.sql.DbInt"><![CDATA[0]]></Field>
	<Field name="VarPlanAgentNb" type="com.sunopsis.sql.DbInt"><![CDATA[0]]></Field>
	<Field name="ScenTxtNb" type="com.sunopsis.sql.DbInt"><![CDATA[0]]></Field>
	<Field name="OdiVersion" type="java.lang.String"><![CDATA[12.2.1]]></Field>
	<Field name="OriginRepositoryID" type="com.sunopsis.sql.DbInt"><![CDATA[1]]></Field>
	<Field name="RepositoryVersion" type="java.lang.String"><![CDATA[05.02.02.04]]></Field>
</Object>
</SunopsisExport>
