<?xml version="1.0" encoding="UTF-8"?>
<OdiDeploymentArchive>
   <Name>PatchDeploymentArchive1</Name>
   <DeploymentArchiveType>PATCH</DeploymentArchiveType>
   <SourceType>ODI</SourceType>
   <SourceInfo>Master:{dburl=jdbc:oracle:thin:@odblt08:1521/odilt01; dbuser=DEV_ODI_REPO}; Work:{name=WORKREP}</SourceInfo>
   <GlobalId>b0c9a73e-495b-4bf4-85fc-2ee1bd179b09</GlobalId>
   <CreatedDate>2020-11-20T02:16:34.602-06:00</CreatedDate>
   <CreatedBy>SUPERVISOR</CreatedBy>
   <ObjectsToUpdate>
      <Object class="oracle.odi.domain.runtime.scenario.OdiScenario" globalId="e6cd591a-41e8-41f8-a7aa-c695845e5755" name="MYPACKAGE2" path="/Work Repository/Projects/Erick/Folder1/Packages/Scenarios"/>
      <Object class="oracle.odi.domain.runtime.scenario.OdiScenarioFolder" globalId="a430be00-c449-432b-a04f-f86de2c8ba6a" name="Folder15" path="/Work Repository/Load Plans and Scenarios/Folder15"/>
   </ObjectsToUpdate>
   <ObjectsToDelete/>
</OdiDeploymentArchive>
