<?xml version="1.0" encoding="UTF-8"?>
<SunopsisExport>
<Admin RepositoryVersion="05.02.02.04" IsLegacyIdCompatible="false" />
<Encryption algorithm="AES" keyLength="128" exportKeyHash="S5DVCNpj+NAMKuMnpgOV1pQi/Nogk37GjM82UeuR5ak=" keyVect="ZGKk1NGAWpb9VoUnKB+fSQ==" exportKeySalt="4d086fe4-28e2-4289-bfff-4d33ebd7a0c8" containsCipherText="false"/>
<Object class="com.sunopsis.dwg.dbobj.SnpScen">
		<Field name="CecSessBehavior" type="java.lang.String"><![CDATA[E]]></Field>
	<Field name="CecSessPollIntv" type="com.sunopsis.sql.DbInt"><![CDATA[null]]></Field>
	<Field name="ExtVersion" type="java.lang.String">null</Field>
	<Field name="FirstDate" type="java.sql.Timestamp"><![CDATA[2019-01-24 10:41:14.0]]></Field>
	<Field name="FirstUser" type="java.lang.String"><![CDATA[SUPERVISOR]]></Field>
	<Field name="GlobalId" type="java.lang.String"><![CDATA[ccc7999c-a320-4296-9708-ebb033531d64]]></Field>
	<Field name="IndChange" type="java.lang.String"><![CDATA[I]]></Field>
	<Field name="IndPromptParam" type="java.lang.String">null</Field>
	<Field name="IntVersion" type="com.sunopsis.sql.DbInt"><![CDATA[1]]></Field>
	<Field name="IsMaterialized" type="java.lang.String"><![CDATA[0]]></Field>
	<Field name="IDeploySpec" type="com.sunopsis.sql.DbInt"><![CDATA[2]]></Field>
	<Field name="IMapping" type="com.sunopsis.sql.DbInt"><![CDATA[2]]></Field>
	<Field name="IPackage" type="com.sunopsis.sql.DbInt"><![CDATA[null]]></Field>
	<Field name="IPop" type="com.sunopsis.sql.DbInt"><![CDATA[null]]></Field>
	<Field name="IScenFolder" type="com.sunopsis.sql.DbInt"><![CDATA[null]]></Field>
	<Field name="ITrt" type="com.sunopsis.sql.DbInt"><![CDATA[null]]></Field>
	<Field name="ITxtScen" type="com.sunopsis.sql.DbInt"><![CDATA[null]]></Field>
	<Field name="IVar" type="com.sunopsis.sql.DbInt"><![CDATA[null]]></Field>
	<Field name="LastDate" type="java.sql.Timestamp"><![CDATA[2019-01-24 10:41:14.0]]></Field>
	<Field name="LastUser" type="java.lang.String"><![CDATA[SUPERVISOR]]></Field>
	<Field name="MaxCecSess" type="com.sunopsis.sql.DbInt"><![CDATA[null]]></Field>
	<Field name="RepGuid" type="java.lang.String">null</Field>
	<Field name="RepVersion" type="java.lang.String">null</Field>
	<Field name="RestartType" type="java.lang.String">null</Field>
	<Field name="ScenName" type="java.lang.String"><![CDATA[MYMAPPING123]]></Field>
	<Field name="ScenNo" type="com.sunopsis.sql.DbInt"><![CDATA[253]]></Field>
	<Field name="ScenSnapshotNo" type="com.sunopsis.sql.DbInt"><![CDATA[1]]></Field>
	<Field name="ScenVersion" type="java.lang.String"><![CDATA[003]]></Field>
	<Field name="VLastDate" type="java.sql.Timestamp">null</Field>
</Object>
<Object class="com.sunopsis.dwg.dbobj.SnpScenStep">
		<Field name="BrpId" type="com.sunopsis.sql.DbInt"><![CDATA[null]]></Field>
	<Field name="CleanupOnError" type="java.lang.String"><![CDATA[0]]></Field>
	<Field name="ContextCode" type="java.lang.String">null</Field>
	<Field name="FContextCode" type="java.lang.String">null</Field>
	<Field name="GenInfo" type="java.lang.String"><![CDATA[<map-generation-info/>]]></Field>
	<Field name="GlobalId" type="java.lang.String"><![CDATA[b6de4cbc-5b9b-48f3-918a-c4869b51bc06]]></Field>
	<Field name="IndLogMethod" type="java.lang.String"><![CDATA[Y]]></Field>
	<Field name="ITxtVarValue" type="com.sunopsis.sql.DbInt"><![CDATA[null]]></Field>
	<Field name="JagentLschemaName" type="java.lang.String">null</Field>
	<Field name="KoExit" type="java.lang.String"><![CDATA[0]]></Field>
	<Field name="KoExitCode" type="java.lang.String">null</Field>
	<Field name="KoNextStep" type="com.sunopsis.sql.DbInt"><![CDATA[null]]></Field>
	<Field name="KoRetry" type="com.sunopsis.sql.DbInt"><![CDATA[0]]></Field>
	<Field name="KoRetryInterv" type="com.sunopsis.sql.DbInt"><![CDATA[0]]></Field>
	<Field name="LschemaName" type="java.lang.String">null</Field>
	<Field name="MaxErr" type="com.sunopsis.sql.DbInt"><![CDATA[null]]></Field>
	<Field name="MaxErrPrct" type="java.lang.String"><![CDATA[0]]></Field>
	<Field name="ModCode" type="java.lang.String">null</Field>
	<Field name="Nno" type="com.sunopsis.sql.DbInt"><![CDATA[10]]></Field>
	<Field name="OkExit" type="java.lang.String"><![CDATA[0]]></Field>
	<Field name="OkExitCode" type="java.lang.String"><![CDATA[0]]></Field>
	<Field name="OkNextStep" type="com.sunopsis.sql.DbInt"><![CDATA[null]]></Field>
	<Field name="ResName" type="java.lang.String">null</Field>
	<Field name="ScenNo" type="com.sunopsis.sql.DbInt"><![CDATA[253]]></Field>
	<Field name="StepName" type="java.lang.String"><![CDATA[Physical_STEP]]></Field>
	<Field name="StepType" type="java.lang.String"><![CDATA[M]]></Field>
	<Field name="TableName" type="java.lang.String">null</Field>
	<Field name="VarIncr" type="com.sunopsis.sql.DbInt"><![CDATA[null]]></Field>
	<Field name="VarLongValue" type="java.lang.String">null</Field>
	<Field name="VarName" type="java.lang.String">null</Field>
	<Field name="VarOp" type="java.lang.String">null</Field>
</Object>
<Object class="com.sunopsis.dwg.dbobj.SnpFKXRef">
		<Field name="RefKey" type="java.lang.String"><![CDATA[SNP_MAPPING.2]]></Field>
	<Field name="RefObjGlobalId" type="java.lang.String"><![CDATA[70907ce6-e43c-40d0-8402-21d17eb53ee2]]></Field>
 <Field name="RefObjFQName" type="java.lang.String"><![CDATA[Erick.Folder 11.MyMapping123]]></Field>
 <Field name="RefObjFQType" type="java.lang.String"><![CDATA[SNP_PROJECT.SNP_FOLDER.SNP_MAPPING]]></Field>
 <Field name="RefObjFQNameLengths" type="java.lang.String"><![CDATA[5.9.12]]></Field>
</Object>
<Object class="com.sunopsis.dwg.dbobj.SnpFKXRef">
		<Field name="RefKey" type="java.lang.String"><![CDATA[SNP_DEPLOYSPEC.2]]></Field>
	<Field name="RefObjGlobalId" type="java.lang.String"><![CDATA[bdc8980b-c0b2-40a6-a42f-fe43f5a4e6f5]]></Field>
 <Field name="RefObjFQName" type="java.lang.String"><![CDATA[Erick.Folder 11.MyMapping123.Physical]]></Field>
 <Field name="RefObjFQType" type="java.lang.String"><![CDATA[SNP_PROJECT.SNP_FOLDER.SNP_MAPPING.SNP_DEPLOYSPEC]]></Field>
 <Field name="RefObjFQNameLengths" type="java.lang.String"><![CDATA[5.9.12.8]]></Field>
</Object>
<Object class="com.sunopsis.dwg.dbobj.SnpFKXRef">
		<Field name="RefKey" type="java.lang.String"><![CDATA[SNP_SCEN.253]]></Field>
	<Field name="RefObjGlobalId" type="java.lang.String"><![CDATA[ccc7999c-a320-4296-9708-ebb033531d64]]></Field>
 <Field name="RefObjFQName" type="java.lang.String"><![CDATA[Erick.Folder 11.MyMapping123.MYMAPPING123 Version 003]]></Field>
 <Field name="RefObjFQType" type="java.lang.String"><![CDATA[SNP_PROJECT.SNP_FOLDER.SNP_MAPPING.SNP_SCEN]]></Field>
 <Field name="RefObjFQNameLengths" type="java.lang.String"><![CDATA[5.9.12.24]]></Field>
</Object>
<Object class="com.sunopsis.dwg.DwgExportSummary">
		<Field name="ExpTxtNb" type="com.sunopsis.sql.DbInt"><![CDATA[0]]></Field>
	<Field name="InstObjNb" type="com.sunopsis.sql.DbInt"><![CDATA[0]]></Field>
	<Field name="JoinColNb" type="com.sunopsis.sql.DbInt"><![CDATA[0]]></Field>
	<Field name="JoinNb" type="com.sunopsis.sql.DbInt"><![CDATA[0]]></Field>
	<Field name="KeyColNb" type="com.sunopsis.sql.DbInt"><![CDATA[0]]></Field>
	<Field name="KeyNb" type="com.sunopsis.sql.DbInt"><![CDATA[0]]></Field>
	<Field name="LinkDiagNb" type="com.sunopsis.sql.DbInt"><![CDATA[0]]></Field>
	<Field name="MorigTxtNb" type="com.sunopsis.sql.DbInt"><![CDATA[0]]></Field>
	<Field name="MtxtNb" type="com.sunopsis.sql.DbInt"><![CDATA[0]]></Field>
	<Field name="OrigTxtNb" type="com.sunopsis.sql.DbInt"><![CDATA[0]]></Field>
	<Field name="OtherObjectsNb" type="com.sunopsis.sql.DbInt"><![CDATA[2]]></Field>
	<Field name="PlanAgentNb" type="com.sunopsis.sql.DbInt"><![CDATA[0]]></Field>
	<Field name="StepNb" type="com.sunopsis.sql.DbInt"><![CDATA[0]]></Field>
	<Field name="TxtNb" type="com.sunopsis.sql.DbInt"><![CDATA[0]]></Field>
	<Field name="UeOrigNb" type="com.sunopsis.sql.DbInt"><![CDATA[0]]></Field>
	<Field name="UeUsedNb" type="com.sunopsis.sql.DbInt"><![CDATA[0]]></Field>
	<Field name="VarPlanAgentNb" type="com.sunopsis.sql.DbInt"><![CDATA[0]]></Field>
	<Field name="ScenTxtNb" type="com.sunopsis.sql.DbInt"><![CDATA[0]]></Field>
	<Field name="OdiVersion" type="java.lang.String"><![CDATA[12.2.1]]></Field>
	<Field name="OriginRepositoryID" type="com.sunopsis.sql.DbInt"><![CDATA[1]]></Field>
	<Field name="RepositoryVersion" type="java.lang.String"><![CDATA[05.02.02.04]]></Field>
</Object>
</SunopsisExport>
