<MigrationProcessCSVMetadataVO>
   <MigrationProcessCSVMetadataVORow>
      <ProcessId>-999</ProcessId>
      <ProcessName>Manage Forecast Metrics_20211122_124728_680</ProcessName>
      <ProcessDescription>Manage Forecast Metrics_20211122_124728_680</ProcessDescription>
      <ProcessDate>2021-11-22 12:48:13.745</ProcessDate>
      <ObjectShortName>ORA_ZSF_MANAGE_METRICS</ObjectShortName>
      <ObjectType>TASK</ObjectType>
      <CreatedByFlow>TASK_CSV_SERVICE</CreatedByFlow>
      <MigrationProcessBusinessObjectCSVMetadata1>
         <MigrationProcessBusinessObjectCSVMetadataVORow>
            <ProcessId>-999</ProcessId>
            <BusinessObjectShortName>FND_APP_STANDARD_LOOKUP</BusinessObjectShortName>
            <BatchName>acf04ef0-af96-4302-955d-e0cb13a7d7b1/FND_APP_STANDARD_LOOKUP/StandardLookupType1</BatchName>
            <XmlAttributeList>LookupType,Meaning,Description,CreatedBy,CreationDate,LastUpdatedBy,LastUpdateDate,LastUpdateLogin,ModuleId,CustomizationLevel,RestAccessSecured</XmlAttributeList>
            <XmlAttributeTypeList>string,string,string,string,dateTime,string,dateTime,string,string,string,string</XmlAttributeTypeList>
            <XmlNodePath>/StandardLookupType1VO/StandardLookupType1VORow</XmlNodePath>
            <NodeSequence>1</NodeSequence>
         </MigrationProcessBusinessObjectCSVMetadataVORow>
         <MigrationProcessBusinessObjectCSVMetadataVORow>
            <ProcessId>-999</ProcessId>
            <BusinessObjectShortName>ORA_FND_APP_STANDARD_LOOKUP_CODE</BusinessObjectShortName>
            <BatchName>acf04ef0-af96-4302-955d-e0cb13a7d7b1/FND_APP_STANDARD_LOOKUP/StandardLookupType1</BatchName>
            <XmlAttributeList>LookupCode,Meaning,Description,EnabledFlag,StartDateActive,EndDateActive,DisplaySequence,CreatedBy,CreationDate,LastUpdatedBy,LastUpdateDate,LastUpdateLogin,Tag</XmlAttributeList>
            <XmlAttributeTypeList>string,string,string,string,date,date,long,string,dateTime,string,dateTime,string,string</XmlAttributeTypeList>
            <XmlNodePath>/StandardLookupType1VO/StandardLookupType1VORow/Lookup1VO/Lookup1VORow</XmlNodePath>
            <NodeSequence>2</NodeSequence>
         </MigrationProcessBusinessObjectCSVMetadataVORow>
      </MigrationProcessBusinessObjectCSVMetadata1>
      <MigrationProcessBatchCSVMetadata>
         <MigrationProcessBatchCSVMetadataVORow>
            <ProcessId>-999</ProcessId>
            <BatchName>acf04ef0-af96-4302-955d-e0cb13a7d7b1/FND_APP_STANDARD_LOOKUP/StandardLookupType1</BatchName>
            <ImportSequence>0</ImportSequence>
            <ServiceName>oracle.apps.fnd.applcore.lookups.webservice.LookupWS</ServiceName>
            <BatchSize>500</BatchSize>
         </MigrationProcessBatchCSVMetadataVORow>
      </MigrationProcessBatchCSVMetadata>
      <MigrationProcessScopeValueCSVMetadata>
         <MigrationProcessScopeValueCSVMetadataVORow>
            <ProcessId>-999</ProcessId>
            <MigScopeValueSetId>100000895954626</MigScopeValueSetId>
            <BusinessObjectShortName>FND_APP_STANDARD_LOOKUP</BusinessObjectShortName>
            <ScopeValueBoAttributeId>mode</ScopeValueBoAttributeId>
            <ScopeValueBoAttributeValue>edit</ScopeValueBoAttributeValue>
            <ScopeValueBoAttributeValueCode>edit</ScopeValueBoAttributeValueCode>
         </MigrationProcessScopeValueCSVMetadataVORow>
         <MigrationProcessScopeValueCSVMetadataVORow>
            <ProcessId>-999</ProcessId>
            <MigScopeValueSetId>100000895954626</MigScopeValueSetId>
            <BusinessObjectShortName>FND_APP_STANDARD_LOOKUP</BusinessObjectShortName>
            <ScopeValueBoAttributeId>lookupType</ScopeValueBoAttributeId>
            <ScopeValueBoAttributeValue>ORA_ZSF_SHOW_METRICS</ScopeValueBoAttributeValue>
            <ScopeValueBoAttributeValueCode>ORA_ZSF_SHOW_METRICS</ScopeValueBoAttributeValueCode>
         </MigrationProcessScopeValueCSVMetadataVORow>
      </MigrationProcessScopeValueCSVMetadata>
      <MigrationProcessMigrationObjectCSVMetadata>
         <MigrationProcessMigrationObjectCSVMetadataVORow>
            <ProcessId>-999</ProcessId>
            <BusinessObjectShortName>FND_APP_STANDARD_LOOKUP</BusinessObjectShortName>
            <MigrateFlag>Y</MigrateFlag>
            <IncludeExternalDataFlag>Y</IncludeExternalDataFlag>
         </MigrationProcessMigrationObjectCSVMetadataVORow>
      </MigrationProcessMigrationObjectCSVMetadata>
      <MigrationProcessTaskCSVMetadata null="true"/>
      <MigrationProcessServiceVersionCSVMetadata null="true"/>
   </MigrationProcessCSVMetadataVORow>
</MigrationProcessCSVMetadataVO>