"FND_APP_STANDARD_LOOKUP.LookupType","LookupCode","Meaning","Description","EnabledFlag","StartDateActive","EndDateActive","DisplaySequence","CreatedBy","CreationDate","LastUpdatedBy","LastUpdateDate","LastUpdateLogin","Tag"
"ORA_ZSF_SHOW_METRICS","ORA_BEST_CASE","Best Case","Shows the best case forecast metric broken out by time.","Y","2014/07/10","","2","SEED_DATA_FROM_APPLICATION","2015/01/27 07:59:50.956","SEED_DATA_FROM_APPLICATION","2021/10/30 21:47:34.092153","-1",""
"ORA_ZSF_SHOW_METRICS","ORA_COMMITTED","Forecast","Shows the committed forecast metric broken out by time.","Y","2014/07/10","","1","SEED_DATA_FROM_APPLICATION","2015/01/27 07:59:51.038","SEED_DATA_FROM_APPLICATION","2021/10/30 21:47:34.092153","-1",""
"ORA_ZSF_SHOW_METRICS","ORA_QUANTITY","Quantity","Shows the forecasted quantity metric broken out by time.","Y","2014/07/10","","4","SEED_DATA_FROM_APPLICATION","2016/02/26 09:35:50.172","CUSTOMIZED_USER","2016/03/11 10:46:47.0","2DC4A12A44407DE8E053790B548CA51F",""
"ORA_ZSF_SHOW_METRICS","ORA_TOTALS","All Totals","Shows all metric totals.","Y","2014/07/10","","5","SEED_DATA_FROM_APPLICATION","2015/01/27 07:59:51.111","SEED_DATA_FROM_APPLICATION","2021/10/30 21:47:34.092153","-1",""
"ORA_ZSF_SHOW_METRICS","ORA_WORST_CASE","Worst Case","Shows the worst case forecast metric broken out by time.","Y","2014/07/10","","3","SEED_DATA_FROM_APPLICATION","2015/01/27 07:59:51.19","SEED_DATA_FROM_APPLICATION","2021/10/30 21:47:34.092153","-1",""
