<?xml version="1.0" encoding="UTF-8"?>
<SunopsisExport>
<Admin RepositoryVersion="05.02.02.04" IsLegacyIdCompatible="false" />
<Encryption algorithm="AES" keyLength="128" exportKeyHash="mdTD95NE1AZwio9Vp+7MXODIRLvLW8l6SPgjkuCYk7o=" keyVect="h+krAHun9pFCbcB0cgH8Xg==" exportKeySalt="602c3fcf-3161-40f4-9c4a-958854f0abc9" containsCipherText="false"/>
<Object class="com.sunopsis.dwg.dbobj.SnpGrpState">
		<Field name="ExtVersion" type="java.lang.String">null</Field>
	<Field name="FirstDate" type="java.sql.Timestamp"><![CDATA[2019-01-08 09:29:09.0]]></Field>
	<Field name="FirstUser" type="java.lang.String"><![CDATA[SUPERVISOR]]></Field>
	<Field name="GlobalId" type="java.lang.String"><![CDATA[12cc3a56-00c7-4949-86f5-75b89675dd86]]></Field>
	<Field name="GrpOrderDisp" type="com.sunopsis.sql.DbInt"><![CDATA[1]]></Field>
	<Field name="GrpStateCode" type="java.lang.String"><![CDATA[PRIORITIES]]></Field>
	<Field name="GrpStateName" type="java.lang.String"><![CDATA[Priorities]]></Field>
	<Field name="IndAutoIncrement" type="java.lang.String"><![CDATA[0]]></Field>
	<Field name="IndChange" type="java.lang.String">null</Field>
	<Field name="IndInternal" type="java.lang.String"><![CDATA[0]]></Field>
	<Field name="IndMultiStates" type="java.lang.String"><![CDATA[0]]></Field>
	<Field name="IntVersion" type="com.sunopsis.sql.DbInt"><![CDATA[1]]></Field>
	<Field name="IGrpState" type="com.sunopsis.sql.DbInt"><![CDATA[11]]></Field>
	<Field name="IProject" type="com.sunopsis.sql.DbInt"><![CDATA[11]]></Field>
	<Field name="LastDate" type="java.sql.Timestamp"><![CDATA[2019-01-08 09:29:09.0]]></Field>
	<Field name="LastUser" type="java.lang.String"><![CDATA[SUPERVISOR]]></Field>
	<Field name="TreeDisplay" type="java.lang.String"><![CDATA[A]]></Field>
</Object>
<Object class="com.sunopsis.dwg.dbobj.SnpState2">
		<Field name="FirstDate" type="java.sql.Timestamp"><![CDATA[2019-01-08 09:29:09.0]]></Field>
	<Field name="FirstUser" type="java.lang.String"><![CDATA[SUPERVISOR]]></Field>
	<Field name="GlobalId" type="java.lang.String"><![CDATA[5996cbd8-166d-4521-8a7d-452c8175693e]]></Field>
	<Field name="IconRes" type="java.lang.String"><![CDATA[/markers/taskprior_1.gif]]></Field>
	<Field name="IndChange" type="java.lang.String">null</Field>
	<Field name="IntVersion" type="com.sunopsis.sql.DbInt"><![CDATA[1]]></Field>
	<Field name="InUse" type="java.lang.String"><![CDATA[1]]></Field>
	<Field name="IGrpState" type="com.sunopsis.sql.DbInt"><![CDATA[11]]></Field>
	<Field name="IState" type="com.sunopsis.sql.DbInt"><![CDATA[21]]></Field>
	<Field name="LastDate" type="java.sql.Timestamp"><![CDATA[2019-01-08 09:29:09.0]]></Field>
	<Field name="LastUser" type="java.lang.String"><![CDATA[SUPERVISOR]]></Field>
	<Field name="ShowDesc" type="java.lang.String"><![CDATA[1]]></Field>
	<Field name="StateCode" type="java.lang.String"><![CDATA[PRIORITY_1]]></Field>
	<Field name="StateDatatype" type="java.lang.String"><![CDATA[A]]></Field>
	<Field name="StateName" type="java.lang.String"><![CDATA[Priority 1]]></Field>
	<Field name="StateOrder" type="com.sunopsis.sql.DbInt"><![CDATA[0]]></Field>
</Object>
<Object class="com.sunopsis.dwg.dbobj.SnpState2">
		<Field name="FirstDate" type="java.sql.Timestamp"><![CDATA[2019-01-08 09:29:09.0]]></Field>
	<Field name="FirstUser" type="java.lang.String"><![CDATA[SUPERVISOR]]></Field>
	<Field name="GlobalId" type="java.lang.String"><![CDATA[2f0e119e-61bb-4912-889a-281974766c0a]]></Field>
	<Field name="IconRes" type="java.lang.String"><![CDATA[/markers/taskprior_2.gif]]></Field>
	<Field name="IndChange" type="java.lang.String">null</Field>
	<Field name="IntVersion" type="com.sunopsis.sql.DbInt"><![CDATA[1]]></Field>
	<Field name="InUse" type="java.lang.String"><![CDATA[1]]></Field>
	<Field name="IGrpState" type="com.sunopsis.sql.DbInt"><![CDATA[11]]></Field>
	<Field name="IState" type="com.sunopsis.sql.DbInt"><![CDATA[22]]></Field>
	<Field name="LastDate" type="java.sql.Timestamp"><![CDATA[2019-01-08 09:29:09.0]]></Field>
	<Field name="LastUser" type="java.lang.String"><![CDATA[SUPERVISOR]]></Field>
	<Field name="ShowDesc" type="java.lang.String"><![CDATA[1]]></Field>
	<Field name="StateCode" type="java.lang.String"><![CDATA[PRIORITY_2]]></Field>
	<Field name="StateDatatype" type="java.lang.String"><![CDATA[A]]></Field>
	<Field name="StateName" type="java.lang.String"><![CDATA[Priority 2]]></Field>
	<Field name="StateOrder" type="com.sunopsis.sql.DbInt"><![CDATA[1]]></Field>
</Object>
<Object class="com.sunopsis.dwg.dbobj.SnpState2">
		<Field name="FirstDate" type="java.sql.Timestamp"><![CDATA[2019-01-08 09:29:09.0]]></Field>
	<Field name="FirstUser" type="java.lang.String"><![CDATA[SUPERVISOR]]></Field>
	<Field name="GlobalId" type="java.lang.String"><![CDATA[ee0cef26-92bb-4ef1-b6e8-061d6b7785cc]]></Field>
	<Field name="IconRes" type="java.lang.String"><![CDATA[/markers/taskprior_3.gif]]></Field>
	<Field name="IndChange" type="java.lang.String">null</Field>
	<Field name="IntVersion" type="com.sunopsis.sql.DbInt"><![CDATA[1]]></Field>
	<Field name="InUse" type="java.lang.String"><![CDATA[1]]></Field>
	<Field name="IGrpState" type="com.sunopsis.sql.DbInt"><![CDATA[11]]></Field>
	<Field name="IState" type="com.sunopsis.sql.DbInt"><![CDATA[23]]></Field>
	<Field name="LastDate" type="java.sql.Timestamp"><![CDATA[2019-01-08 09:29:09.0]]></Field>
	<Field name="LastUser" type="java.lang.String"><![CDATA[SUPERVISOR]]></Field>
	<Field name="ShowDesc" type="java.lang.String"><![CDATA[1]]></Field>
	<Field name="StateCode" type="java.lang.String"><![CDATA[PRIORITY_3]]></Field>
	<Field name="StateDatatype" type="java.lang.String"><![CDATA[A]]></Field>
	<Field name="StateName" type="java.lang.String"><![CDATA[Priority 3]]></Field>
	<Field name="StateOrder" type="com.sunopsis.sql.DbInt"><![CDATA[2]]></Field>
</Object>
<Object class="com.sunopsis.dwg.dbobj.SnpState2">
		<Field name="FirstDate" type="java.sql.Timestamp"><![CDATA[2019-01-08 09:29:09.0]]></Field>
	<Field name="FirstUser" type="java.lang.String"><![CDATA[SUPERVISOR]]></Field>
	<Field name="GlobalId" type="java.lang.String"><![CDATA[c1b65c32-1cf8-49f2-af1d-4c6aae8d5390]]></Field>
	<Field name="IconRes" type="java.lang.String"><![CDATA[/markers/taskprior_4.gif]]></Field>
	<Field name="IndChange" type="java.lang.String">null</Field>
	<Field name="IntVersion" type="com.sunopsis.sql.DbInt"><![CDATA[1]]></Field>
	<Field name="InUse" type="java.lang.String"><![CDATA[1]]></Field>
	<Field name="IGrpState" type="com.sunopsis.sql.DbInt"><![CDATA[11]]></Field>
	<Field name="IState" type="com.sunopsis.sql.DbInt"><![CDATA[24]]></Field>
	<Field name="LastDate" type="java.sql.Timestamp"><![CDATA[2019-01-08 09:29:09.0]]></Field>
	<Field name="LastUser" type="java.lang.String"><![CDATA[SUPERVISOR]]></Field>
	<Field name="ShowDesc" type="java.lang.String"><![CDATA[1]]></Field>
	<Field name="StateCode" type="java.lang.String"><![CDATA[PRIORITY_4]]></Field>
	<Field name="StateDatatype" type="java.lang.String"><![CDATA[A]]></Field>
	<Field name="StateName" type="java.lang.String"><![CDATA[Priority 4]]></Field>
	<Field name="StateOrder" type="com.sunopsis.sql.DbInt"><![CDATA[3]]></Field>
</Object>
<Object class="com.sunopsis.dwg.dbobj.SnpState2">
		<Field name="FirstDate" type="java.sql.Timestamp"><![CDATA[2019-01-08 09:29:09.0]]></Field>
	<Field name="FirstUser" type="java.lang.String"><![CDATA[SUPERVISOR]]></Field>
	<Field name="GlobalId" type="java.lang.String"><![CDATA[ffb40196-54ea-43a8-a675-3e73ff1e8c3c]]></Field>
	<Field name="IconRes" type="java.lang.String"><![CDATA[/markers/taskprior_5.gif]]></Field>
	<Field name="IndChange" type="java.lang.String">null</Field>
	<Field name="IntVersion" type="com.sunopsis.sql.DbInt"><![CDATA[1]]></Field>
	<Field name="InUse" type="java.lang.String"><![CDATA[1]]></Field>
	<Field name="IGrpState" type="com.sunopsis.sql.DbInt"><![CDATA[11]]></Field>
	<Field name="IState" type="com.sunopsis.sql.DbInt"><![CDATA[25]]></Field>
	<Field name="LastDate" type="java.sql.Timestamp"><![CDATA[2019-01-08 09:29:09.0]]></Field>
	<Field name="LastUser" type="java.lang.String"><![CDATA[SUPERVISOR]]></Field>
	<Field name="ShowDesc" type="java.lang.String"><![CDATA[1]]></Field>
	<Field name="StateCode" type="java.lang.String"><![CDATA[PRIORITY_5]]></Field>
	<Field name="StateDatatype" type="java.lang.String"><![CDATA[A]]></Field>
	<Field name="StateName" type="java.lang.String"><![CDATA[Priority 5]]></Field>
	<Field name="StateOrder" type="com.sunopsis.sql.DbInt"><![CDATA[4]]></Field>
</Object>
<Object class="com.sunopsis.dwg.dbobj.SnpFKXRef">
		<Field name="RefKey" type="java.lang.String"><![CDATA[SNP_PROJECT.11]]></Field>
	<Field name="RefObjGlobalId" type="java.lang.String"><![CDATA[a72365ca-8ace-45eb-a9b7-686e71e92fb3]]></Field>
 <Field name="RefObjFQName" type="java.lang.String"><![CDATA[Erick]]></Field>
 <Field name="RefObjFQType" type="java.lang.String"><![CDATA[SNP_PROJECT]]></Field>
 <Field name="RefObjFQNameLengths" type="java.lang.String"><![CDATA[5]]></Field>
</Object>
<Object class="com.sunopsis.dwg.dbobj.SnpFKXRef">
		<Field name="RefKey" type="java.lang.String"><![CDATA[SNP_GRPSTATE.11]]></Field>
	<Field name="RefObjGlobalId" type="java.lang.String"><![CDATA[12cc3a56-00c7-4949-86f5-75b89675dd86]]></Field>
 <Field name="RefObjFQName" type="java.lang.String"><![CDATA[Erick.Priorities]]></Field>
 <Field name="RefObjFQType" type="java.lang.String"><![CDATA[SNP_PROJECT.SNP_GRPSTATE]]></Field>
 <Field name="RefObjFQNameLengths" type="java.lang.String"><![CDATA[5.10]]></Field>
</Object>
<Object class="com.sunopsis.dwg.DwgExportSummary">
		<Field name="ExpTxtNb" type="com.sunopsis.sql.DbInt"><![CDATA[0]]></Field>
	<Field name="InstObjNb" type="com.sunopsis.sql.DbInt"><![CDATA[0]]></Field>
	<Field name="JoinColNb" type="com.sunopsis.sql.DbInt"><![CDATA[0]]></Field>
	<Field name="JoinNb" type="com.sunopsis.sql.DbInt"><![CDATA[0]]></Field>
	<Field name="KeyColNb" type="com.sunopsis.sql.DbInt"><![CDATA[0]]></Field>
	<Field name="KeyNb" type="com.sunopsis.sql.DbInt"><![CDATA[0]]></Field>
	<Field name="LinkDiagNb" type="com.sunopsis.sql.DbInt"><![CDATA[0]]></Field>
	<Field name="MorigTxtNb" type="com.sunopsis.sql.DbInt"><![CDATA[0]]></Field>
	<Field name="MtxtNb" type="com.sunopsis.sql.DbInt"><![CDATA[0]]></Field>
	<Field name="OrigTxtNb" type="com.sunopsis.sql.DbInt"><![CDATA[0]]></Field>
	<Field name="OtherObjectsNb" type="com.sunopsis.sql.DbInt"><![CDATA[6]]></Field>
	<Field name="PlanAgentNb" type="com.sunopsis.sql.DbInt"><![CDATA[0]]></Field>
	<Field name="StepNb" type="com.sunopsis.sql.DbInt"><![CDATA[0]]></Field>
	<Field name="TxtNb" type="com.sunopsis.sql.DbInt"><![CDATA[0]]></Field>
	<Field name="UeOrigNb" type="com.sunopsis.sql.DbInt"><![CDATA[0]]></Field>
	<Field name="UeUsedNb" type="com.sunopsis.sql.DbInt"><![CDATA[0]]></Field>
	<Field name="VarPlanAgentNb" type="com.sunopsis.sql.DbInt"><![CDATA[0]]></Field>
	<Field name="ScenTxtNb" type="com.sunopsis.sql.DbInt"><![CDATA[0]]></Field>
	<Field name="OdiVersion" type="java.lang.String"><![CDATA[12.2.1]]></Field>
	<Field name="OriginRepositoryID" type="com.sunopsis.sql.DbInt"><![CDATA[1]]></Field>
	<Field name="RepositoryVersion" type="java.lang.String"><![CDATA[05.02.02.04]]></Field>
</Object>
</SunopsisExport>
