<?xml version="1.0" encoding="UTF-8"?>
<OdiDeploymentArchive>
   <Name>PatchDeploymentArchive3WithKey</Name>
   <DeploymentArchiveType>PATCH</DeploymentArchiveType>
   <SourceType>ODI</SourceType>
   <SourceInfo>Master:{dburl=jdbc:oracle:thin:@odblt08:1521/odilt01; dbuser=DEV_ODI_REPO}; Work:{name=WORKREP}</SourceInfo>
   <GlobalId>afaf2d2a-c74a-49a4-94f8-4684394a0df7</GlobalId>
   <CreatedDate>2020-11-20T03:35:24.268-06:00</CreatedDate>
   <CreatedBy>SUPERVISOR</CreatedBy>
   <ObjectsToUpdate>
      <Object class="oracle.odi.domain.project.OdiFolder" globalId="df7292b4-b77d-4a4d-a9ff-46bce269aea2" name="Folder1" path="/Work Repository/Projects/Erick/Folder1"/>
      <Object class="oracle.odi.domain.project.OdiProject" globalId="a72365ca-8ace-45eb-a9b7-686e71e92fb3" name="Erick" path="/Work Repository/Projects/Erick"/>
      <Object class="oracle.odi.domain.mapping.Mapping" globalId="3dd5edc7-6606-4670-adb0-c7b2f0a47829" name="New_Mapping" path="/Work Repository/Projects/Erick/Folder1/Mappings"/>
      <Object class="oracle.odi.domain.runtime.scenario.OdiScenario" globalId="a76f0448-e5aa-4c1e-9048-d74850e11aaf" name="NEW_MAPPING" path="/Work Repository/Projects/Erick/Folder1/Mappings/Scenarios"/>
      <Object class="oracle.odi.domain.topology.OdiContext" globalId="af79390f-548b-3f6e-b5dc-b152c271c701" name="Global" path="/Master Repository/Contexts"/>
      <Object class="oracle.odi.domain.project.OdiPackage" globalId="4ffd6010-598e-4158-8de5-d0d7c6f9e589" name="MyPackage1" path="/Work Repository/Projects/Erick/Folder1/Packages"/>
      <Object class="oracle.odi.domain.runtime.scenario.OdiScenario" globalId="7c3fa951-8c3b-4cf9-9a94-cdd28f1a541a" name="MYPACKAGE1" path="/Work Repository/Projects/Erick/Folder1/Packages/Scenarios"/>
      <Object class="oracle.odi.domain.runtime.scenario.OdiScenarioFolder" globalId="97b43d1d-cc45-4e65-9b7c-bd89a01cf63f" name="Folder30" path="/Work Repository/Load Plans and Scenarios/Folder10/Load Plans and Scenarios/Folder20/Load Plans and Scenarios/Folder30"/>
      <Object class="oracle.odi.domain.runtime.scenario.OdiScenarioFolder" globalId="ecf0bf43-20c8-4ff1-bc38-a47ff6f0e123" name="Folder20" path="/Work Repository/Load Plans and Scenarios/Folder10/Load Plans and Scenarios/Folder20"/>
      <Object class="oracle.odi.domain.runtime.scenario.OdiScenarioFolder" globalId="ca6548e7-bdf7-481a-a5bd-bd802aa19ad7" name="Folder10" path="/Work Repository/Load Plans and Scenarios/Folder10"/>
      <Object class="oracle.odi.domain.project.OdiPackage" globalId="7754522d-b24d-4e2e-9491-23d1969637f0" name="MyPackage2" path="/Work Repository/Projects/Erick/Folder1/Packages"/>
      <Object class="oracle.odi.domain.runtime.scenario.OdiScenario" globalId="e6cd591a-41e8-41f8-a7aa-c695845e5755" name="MYPACKAGE2" path="/Work Repository/Projects/Erick/Folder1/Packages/Scenarios"/>
      <Object class="oracle.odi.domain.runtime.scenario.OdiScenarioFolder" globalId="a430be00-c449-432b-a04f-f86de2c8ba6a" name="Folder15" path="/Work Repository/Load Plans and Scenarios/Folder15"/>
      <Object class="oracle.odi.domain.project.OdiPackage" globalId="f128e557-4cd4-456a-a0dd-082d2fcc6e4b" name="MyPackage3" path="/Work Repository/Projects/Erick/Folder1/Packages"/>
      <Object class="oracle.odi.domain.project.OdiFolder" globalId="07373c50-a0e4-43a2-8bf0-73d2b0ee6014" name="Folder 11" path="/Work Repository/Projects/Erick/Folder1/Folder_11"/>
      <Object class="oracle.odi.domain.mapping.Mapping" globalId="70907ce6-e43c-40d0-8402-21d17eb53ee2" name="MyMapping123" path="/Work Repository/Projects/Erick/Folder1/Folder_11/Mappings"/>
      <Object class="oracle.odi.domain.runtime.scenario.OdiScenario" globalId="ccc7999c-a320-4296-9708-ebb033531d64" name="MYMAPPING123" path="/Work Repository/Projects/Erick/Folder1/Folder_11/Mappings/Scenarios"/>
      <Object class="oracle.odi.domain.project.OdiUserProcedure" globalId="263c8a07-df19-42aa-9532-82d38d495e7d" name="MyProc" path="/Work Repository/Projects/Erick/Folder1/Folder_11/Procedures"/>
      <Object class="oracle.odi.domain.runtime.scenario.OdiScenario" globalId="64776eeb-f5db-43f8-b4b1-0b5a64db1568" name="MYPROC" path="/Work Repository/Projects/Erick/Folder1/Folder_11/Procedures/Scenarios"/>
      <Object class="oracle.odi.domain.project.OdiPackage" globalId="9e64e18f-04d4-4815-9e06-436c5c8eb34e" name="MyPackage11" path="/Work Repository/Projects/Erick/Folder1/Folder_11/Packages"/>
      <Object class="oracle.odi.domain.runtime.scenario.OdiScenario" globalId="8d911d12-6c3e-4821-885f-2d4227433703" name="MYPACKAGE11" path="/Work Repository/Projects/Erick/Folder1/Folder_11/Packages/Scenarios"/>
      <Object class="oracle.odi.domain.runtime.scenario.OdiScenario" globalId="68e03474-74bf-4e25-a60a-00ad219b5fd0" name="MYPACKAGE11" path="/Work Repository/Projects/Erick/Folder1/Folder_11/Packages/Scenarios"/>
      <Object class="oracle.odi.domain.marker.OdiMarkerGroup" globalId="637e41f4-924e-40c9-a83f-61adf95d502a" name="FLEXDEPLOY" path="/Work Repository/Projects/Erick/Markers"/>
   </ObjectsToUpdate>
   <ObjectsToDelete/>
</OdiDeploymentArchive>
