<MigrationProcessCSVMetadataVO>
   <MigrationProcessCSVMetadataVORow>
      <ProcessId>-999</ProcessId>
      <ProcessName>Configure Legislations for Human Resources_20211201_015459_610</ProcessName>
      <ProcessDescription>Configure Legislations for Human Resources_20211201_015459_610</ProcessDescription>
      <ProcessDate>2021-12-01 13:55:31.721</ProcessDate>
      <ObjectShortName>PAY_CONFIGURE_LEGISLATIONS_FOR_HUMAN_RESOURCES</ObjectShortName>
      <ObjectType>TASK</ObjectType>
      <CreatedByFlow>TASK_CSV_SERVICE</CreatedByFlow>
      <MigrationProcessBusinessObjectCSVMetadata1>
         <MigrationProcessBusinessObjectCSVMetadataVORow>
            <ProcessId>-999</ProcessId>
            <BusinessObjectShortName>PAY_ELEMENT_CLASSIFICATIONS</BusinessObjectShortName>
            <BatchName>ElementClassification</BatchName>
            <XmlAttributeList>ViewInstanceName,GroupingKey,LegislationCode,BaseClassificationName,ClassificationName,BaseClassificationId,CostableFlag,CostingDebitOrCredit,CreateByDefaultFlag,DateFrom,DateTo,DefaultHighPriority,DefaultLowPriority,DefaultPriority,Description,DistributableOverFlag,FreqRuleEnabled,ModuleId,NonPaymentsFlag,ProcessWhenEarning,SecondaryClassificationFlag,LegislativeDataGroupName,ParentClassificationBaseName,LegislativeDataGroupId,ClassificationId,ParentClassificationId</XmlAttributeList>
            <XmlAttributeTypeList>string,string,string,string,string,string,string,string,string,date,date,string,string,string,string,string,string,string,string,string,string,string,string,string,string,string</XmlAttributeTypeList>
            <XmlNodePath>/ElementClassificationVO/ElementClassificationVORow</XmlNodePath>
            <NodeSequence>1</NodeSequence>
         </MigrationProcessBusinessObjectCSVMetadataVORow>
      </MigrationProcessBusinessObjectCSVMetadata1>
      <MigrationProcessBatchCSVMetadata>
         <MigrationProcessBatchCSVMetadataVORow>
            <ProcessId>-999</ProcessId>
            <BatchName>ElementClassification</BatchName>
            <ImportSequence>0</ImportSequence>
            <ServiceName>oracle.apps.hcm.payrolls.elements.setup.payrollElementClassificationMigrationService.ElementClassificationMigrationService</ServiceName>
            <BatchSize>500</BatchSize>
         </MigrationProcessBatchCSVMetadataVORow>
      </MigrationProcessBatchCSVMetadata>
      <MigrationProcessScopeValueCSVMetadata null="true"/>
      <MigrationProcessMigrationObjectCSVMetadata>
         <MigrationProcessMigrationObjectCSVMetadataVORow>
            <ProcessId>-999</ProcessId>
            <BusinessObjectShortName>PAY_ELEMENT_CLASSIFICATIONS</BusinessObjectShortName>
            <MigrateFlag>Y</MigrateFlag>
            <IncludeExternalDataFlag>Y</IncludeExternalDataFlag>
         </MigrationProcessMigrationObjectCSVMetadataVORow>
      </MigrationProcessMigrationObjectCSVMetadata>
      <MigrationProcessTaskCSVMetadata null="true"/>
      <MigrationProcessServiceVersionCSVMetadata null="true"/>
   </MigrationProcessCSVMetadataVORow>
</MigrationProcessCSVMetadataVO>