"ClassificationName","LegislativeDataGroupName","ViewInstanceName","GroupingKey","LegislationCode","BaseClassificationName","BaseClassificationId","CostableFlag","CostingDebitOrCredit","CreateByDefaultFlag","DateFrom","DateTo","DefaultHighPriority","DefaultLowPriority","DefaultPriority","Description","DistributableOverFlag","FreqRuleEnabled","ModuleId","NonPaymentsFlag","ProcessWhenEarning","SecondaryClassificationFlag","ParentClassificationBaseName","LegislativeDataGroupId","ClassificationId","ParentClassificationId"
"Educational Assistance","US Legislative Data Group","ElementClassification","Direct Payments Educational Assistance,US Legislative Data Group","","Direct Payments Educational Assistance","","","","","1951/01/01","","","","","Educational Assistance","","","","","","Y","Direct Payments","","",""
"Travel Nontaxable Reimbursement","US Legislative Data Group","ElementClassification","Supplemental Earnings Travel Nontaxable Reimbursement,US Legislative Data Group","","Supplemental Earnings Travel Nontaxable Reimbursement","","","","","1901/01/01","4712/12/31","","","","","","","","","","Y","Supplemental Earnings","","",""
"Expat","US Legislative Data Group","ElementClassification","Supplemental Earnings Expat,US Legislative Data Group","","Supplemental Earnings Expat","","","","","2001/01/01","","","","","Expat Payments","","","","","","Y","Supplemental Earnings","","",""
"Loans","GB Legislative Data Group","ElementClassification","Voluntary Deductions Loans_1,GB Legislative Data Group","","Voluntary Deductions Loans_1","","","","","0001/01/01","4712/12/31","","","","Loans","","","","","","Y","Voluntary Deductions","","",""
"Bonus","GB Legislative Data Group","ElementClassification","Supplemental Earnings Bonus_1,GB Legislative Data Group","","Supplemental Earnings Bonus_1","","","","","0001/01/01","4712/12/31","","","","Bonus","","","","","","Y","Supplemental Earnings","","",""
"FICA Excempt","Progress US Legislative Data Group","ElementClassification","Supplemental Earnings FICA Excempt,Progress US Legislative Data Group","","Supplemental Earnings FICA Excempt","","","","","2010/01/01","4712/12/31","","","","FICA Excempt","","","","","","Y","Supplemental Earnings","","",""
"Subject to FICA","Progress US Legislative Data Group","ElementClassification","Supplemental Earnings Subject to FICA,Progress US Legislative Data Group","","Supplemental Earnings Subject to FICA","","","","","2010/01/01","4712/12/31","","","","Subject to FICA","","","","","","Y","Supplemental Earnings","","",""
"FICA Exempt","Progress US Legislative Data Group","ElementClassification","Taxable Benefits FICA Exempt,Progress US Legislative Data Group","","Taxable Benefits FICA Exempt","","","","","2010/01/01","4712/12/31","","","","FICA Exempt","","","","","","Y","Taxable Benefits","","",""
"Subject to FICA","Progress US Legislative Data Group","ElementClassification","Taxable Benefits Subject to FICA,Progress US Legislative Data Group","","Taxable Benefits Subject to FICA","","","","","2010/01/01","4712/12/31","","","","Subject to FICA","","","","","","Y","Taxable Benefits","","",""
